2026-04-02 16:23:32 | INFO     | faiss_store:load:46 - FAISS: Loaded 9650 vectors.
2026-04-02 16:23:32 | INFO     | __main__:startup_event:31 - SciAI PRODUCTION ENGINE STARTING...
2026-04-02 16:23:33 | INFO     | faiss_store:load:46 - FAISS: Loaded 9650 vectors.
2026-04-02 16:24:57 | INFO     | live_articles:fetch_trending:238 - Fetching trending for topics: ['CRISPR gene editing', 'climate change mitigation', 'stem cell therapy']
2026-04-02 16:25:42 | INFO     | live_articles:fetch_trending:238 - Fetching trending for topics: ['artificial intelligence drug discovery', 'neuroscience consciousness', 'mRNA vaccine']
2026-04-02 16:27:19 | INFO     | pdf_processor:process_pdf:55 - PDF: Processed 406 chunks from temp/e523028b-82dd-4f3b-8ca2-91ba20d20a52_100 Most Probable Questions 2020 Vol-I.pdf
2026-04-02 16:27:42 | INFO     | faiss_store:save:33 - FAISS: Saved 10055 vectors.
2026-04-02 16:27:42 | INFO     | __main__:process_pdf_background:115 - Background: Completed e523028b-82dd-4f3b-8ca2-91ba20d20a52
2026-04-02 16:33:12 | INFO     | live_articles:search_articles:198 - Article Search: 'Quantum' | Page: 1
2026-04-02 16:33:12 | INFO     | live_articles:fetch_trending:238 - Fetching trending for topics: ['nanomaterials', 'dark matter detection', 'protein folding']
2026-04-02 16:33:13 | ERROR    | live_articles:fetch_pubmed:142 - PubMed API error: Cannot send a request, as the client has been closed.
2026-04-02 16:34:24 | INFO     | live_articles:search_articles:198 - Article Search: 'Quantum' | Page: 1
2026-04-02 16:34:24 | INFO     | live_articles:fetch_trending:238 - Fetching trending for topics: ['protein folding', 'dark matter detection', 'CRISPR gene editing']
2026-04-02 16:34:25 | ERROR    | live_articles:fetch_pubmed:142 - PubMed API error: Cannot send a request, as the client has been closed.
2026-04-02 19:46:48 | INFO     | faiss_store:load:46 - FAISS: Loaded 10055 vectors.
2026-04-02 19:46:49 | INFO     | __main__:startup_event:31 - SciAI PRODUCTION ENGINE STARTING...
2026-04-02 19:46:49 | INFO     | faiss_store:load:46 - FAISS: Loaded 10055 vectors.
2026-04-02 19:47:44 | INFO     | __main__:ask_question:76 - Question: SUMMARY ABOUT THE INDIAN MEDIA | Hybrid: True | Book: e523028b-82dd-4f3b-8ca2-91ba20d20a52
2026-04-02 19:50:09 | INFO     | faiss_store:load:46 - FAISS: Loaded 10055 vectors.
2026-04-02 19:50:09 | INFO     | __main__:startup_event:31 - SciAI PRODUCTION ENGINE STARTING...
2026-04-02 19:50:10 | INFO     | faiss_store:load:46 - FAISS: Loaded 10055 vectors.
2026-04-02 19:50:38 | INFO     | __main__:ask_question:76 - Question: WHAT ABOUT THIS PDF | Hybrid: True | Book: e523028b-82dd-4f3b-8ca2-91ba20d20a52
2026-04-02 20:02:52 | INFO     | faiss_store:load:46 - FAISS: Loaded 10055 vectors.
2026-04-02 20:02:53 | INFO     | __main__:startup_event:31 - SciAI PRODUCTION ENGINE STARTING...
2026-04-02 20:02:53 | INFO     | faiss_store:load:46 - FAISS: Loaded 10055 vectors.
2026-04-02 20:03:19 | INFO     | live_articles:fetch_trending:299 - Fetching trending for topics: ['climate change mitigation', 'protein folding', 'stem cell therapy']
2026-04-02 20:03:19 | INFO     | live_articles:fetch_trending:303 - Trending: Starting parallel fetch for topics...
2026-04-02 20:03:19 | INFO     | live_articles:fetch_pubmed:105 - PubMed: Searching for 'climate change mitigation' (retmax=10)
2026-04-02 20:03:19 | INFO     | live_articles:fetch_pubmed:105 - PubMed: Searching for 'protein folding' (retmax=10)
2026-04-02 20:03:19 | INFO     | live_articles:fetch_pubmed:105 - PubMed: Searching for 'stem cell therapy' (retmax=10)
2026-04-02 20:03:21 | INFO     | live_articles:fetch_pubmed:115 - PubMed search returned 10 IDs (Total: 98736)
2026-04-02 20:03:21 | INFO     | live_articles:fetch_pubmed:115 - PubMed search returned 10 IDs (Total: 197622)
2026-04-02 20:03:21 | INFO     | live_articles:fetch_pubmed:115 - PubMed search returned 10 IDs (Total: 15913)
2026-04-02 20:03:21 | ERROR    | live_articles:fetch_pubmed:169 - PubMed efetch failed with status 429
2026-04-02 20:03:21 | ERROR    | live_articles:fetch_pubmed:169 - PubMed efetch failed with status 429
2026-04-02 20:03:21 | ERROR    | live_articles:fetch_pubmed:169 - PubMed efetch failed with status 429
2026-04-02 20:03:25 | INFO     | live_articles:fetch_trending:319 - Trending: Total fetched 15 articles.
2026-04-02 20:03:40 | INFO     | live_articles:fetch_trending:299 - Fetching trending for topics: ['artificial intelligence drug discovery', 'neuroscience consciousness', 'cancer immunotherapy']
2026-04-02 20:03:40 | INFO     | live_articles:fetch_trending:303 - Trending: Starting parallel fetch for topics...
2026-04-02 20:03:40 | INFO     | live_articles:fetch_pubmed:105 - PubMed: Searching for 'artificial intelligence drug discovery' (retmax=10)
2026-04-02 20:03:40 | INFO     | live_articles:fetch_pubmed:105 - PubMed: Searching for 'neuroscience consciousness' (retmax=10)
2026-04-02 20:03:40 | INFO     | live_articles:fetch_pubmed:105 - PubMed: Searching for 'cancer immunotherapy' (retmax=10)
2026-04-02 20:03:41 | INFO     | live_articles:fetch_pubmed:115 - PubMed search returned 10 IDs (Total: 6694)
2026-04-02 20:03:41 | INFO     | live_articles:fetch_pubmed:115 - PubMed search returned 10 IDs (Total: 9627)
2026-04-02 20:03:41 | INFO     | live_articles:fetch_pubmed:115 - PubMed search returned 10 IDs (Total: 224326)
2026-04-02 20:03:42 | ERROR    | live_articles:fetch_pubmed:169 - PubMed efetch failed with status 429
2026-04-02 20:03:42 | ERROR    | live_articles:fetch_pubmed:169 - PubMed efetch failed with status 429
2026-04-02 20:03:42 | ERROR    | live_articles:fetch_pubmed:169 - PubMed efetch failed with status 429
2026-04-02 20:03:44 | INFO     | live_articles:fetch_trending:299 - Fetching trending for topics: ['artificial intelligence drug discovery', 'climate change mitigation', 'stem cell therapy']
2026-04-02 20:03:44 | INFO     | live_articles:fetch_trending:303 - Trending: Starting parallel fetch for topics...
2026-04-02 20:03:44 | INFO     | live_articles:fetch_pubmed:105 - PubMed: Searching for 'artificial intelligence drug discovery' (retmax=10)
2026-04-02 20:03:44 | INFO     | live_articles:fetch_pubmed:105 - PubMed: Searching for 'climate change mitigation' (retmax=10)
2026-04-02 20:03:44 | INFO     | live_articles:fetch_pubmed:105 - PubMed: Searching for 'stem cell therapy' (retmax=10)
2026-04-02 20:03:45 | INFO     | live_articles:fetch_pubmed:115 - PubMed search returned 10 IDs (Total: 15913)
2026-04-02 20:03:45 | INFO     | live_articles:fetch_pubmed:115 - PubMed search returned 10 IDs (Total: 197622)
2026-04-02 20:03:45 | INFO     | live_articles:fetch_pubmed:115 - PubMed search returned 10 IDs (Total: 9627)
2026-04-02 20:03:45 | ERROR    | live_articles:fetch_pubmed:169 - PubMed efetch failed with status 429
2026-04-02 20:03:45 | ERROR    | live_articles:fetch_pubmed:169 - PubMed efetch failed with status 429
2026-04-02 20:03:45 | ERROR    | live_articles:fetch_pubmed:169 - PubMed efetch failed with status 429
2026-04-02 20:03:45 | INFO     | live_articles:fetch_trending:319 - Trending: Total fetched 15 articles.
2026-04-02 20:03:45 | INFO     | live_articles:fetch_trending:319 - Trending: Total fetched 15 articles.
2026-04-02 20:03:45 | INFO     | live_articles:fetch_trending:299 - Fetching trending for topics: ['quantum computing', 'stem cell therapy', 'nanomaterials']
2026-04-02 20:03:45 | INFO     | live_articles:fetch_trending:303 - Trending: Starting parallel fetch for topics...
2026-04-02 20:03:45 | INFO     | live_articles:fetch_pubmed:105 - PubMed: Searching for 'quantum computing' (retmax=10)
2026-04-02 20:03:45 | INFO     | live_articles:fetch_pubmed:105 - PubMed: Searching for 'stem cell therapy' (retmax=10)
2026-04-02 20:03:45 | INFO     | live_articles:fetch_pubmed:105 - PubMed: Searching for 'nanomaterials' (retmax=10)
2026-04-02 20:03:46 | INFO     | live_articles:fetch_pubmed:115 - PubMed search returned 10 IDs (Total: 433242)
2026-04-02 20:03:46 | INFO     | live_articles:fetch_pubmed:115 - PubMed search returned 10 IDs (Total: 197622)
2026-04-02 20:03:46 | INFO     | live_articles:fetch_pubmed:115 - PubMed search returned 10 IDs (Total: 51085)
2026-04-02 20:03:46 | ERROR    | live_articles:fetch_pubmed:169 - PubMed efetch failed with status 429
2026-04-02 20:03:46 | ERROR    | live_articles:fetch_pubmed:169 - PubMed efetch failed with status 429
2026-04-02 20:03:46 | ERROR    | live_articles:fetch_pubmed:169 - PubMed efetch failed with status 429
2026-04-02 20:03:49 | INFO     | live_articles:fetch_trending:319 - Trending: Total fetched 15 articles.
2026-04-02 20:04:10 | INFO     | live_articles:fetch_trending:299 - Fetching trending for topics: ['protein folding', 'quantum computing', 'nanomaterials']
2026-04-02 20:04:10 | INFO     | live_articles:fetch_trending:303 - Trending: Starting parallel fetch for topics...
2026-04-02 20:04:10 | INFO     | live_articles:fetch_pubmed:105 - PubMed: Searching for 'protein folding' (retmax=10)
2026-04-02 20:04:10 | INFO     | live_articles:fetch_pubmed:105 - PubMed: Searching for 'quantum computing' (retmax=10)
2026-04-02 20:04:10 | INFO     | live_articles:fetch_pubmed:105 - PubMed: Searching for 'nanomaterials' (retmax=10)
2026-04-02 20:04:11 | INFO     | live_articles:fetch_trending:299 - Fetching trending for topics: ['quantum computing', 'climate change mitigation', 'CRISPR gene editing']
2026-04-02 20:04:11 | INFO     | live_articles:fetch_trending:303 - Trending: Starting parallel fetch for topics...
2026-04-02 20:04:11 | INFO     | live_articles:fetch_pubmed:105 - PubMed: Searching for 'quantum computing' (retmax=10)
2026-04-02 20:04:11 | INFO     | live_articles:fetch_pubmed:105 - PubMed: Searching for 'climate change mitigation' (retmax=10)
2026-04-02 20:04:11 | INFO     | live_articles:fetch_pubmed:105 - PubMed: Searching for 'CRISPR gene editing' (retmax=10)
2026-04-02 20:04:11 | INFO     | live_articles:fetch_pubmed:115 - PubMed search returned 10 IDs (Total: 51085)
2026-04-02 20:04:11 | INFO     | live_articles:fetch_pubmed:115 - PubMed search returned 10 IDs (Total: 98736)
2026-04-02 20:04:11 | INFO     | live_articles:fetch_pubmed:115 - PubMed search returned 10 IDs (Total: 433242)
2026-04-02 20:04:11 | ERROR    | live_articles:fetch_pubmed:169 - PubMed efetch failed with status 429
2026-04-02 20:04:11 | ERROR    | live_articles:fetch_pubmed:169 - PubMed efetch failed with status 429
2026-04-02 20:04:11 | ERROR    | live_articles:fetch_pubmed:169 - PubMed efetch failed with status 429
2026-04-02 20:04:11 | INFO     | live_articles:fetch_trending:319 - Trending: Total fetched 15 articles.
2026-04-02 20:04:12 | INFO     | live_articles:fetch_pubmed:115 - PubMed search returned 10 IDs (Total: 15913)
2026-04-02 20:04:12 | INFO     | live_articles:fetch_pubmed:115 - PubMed search returned 10 IDs (Total: 24024)
2026-04-02 20:04:12 | INFO     | live_articles:fetch_pubmed:115 - PubMed search returned 10 IDs (Total: 51085)
2026-04-02 20:04:12 | ERROR    | live_articles:fetch_pubmed:169 - PubMed efetch failed with status 429
2026-04-02 20:04:12 | ERROR    | live_articles:fetch_pubmed:169 - PubMed efetch failed with status 429
2026-04-02 20:04:12 | ERROR    | live_articles:fetch_pubmed:169 - PubMed efetch failed with status 429
2026-04-02 20:04:12 | INFO     | live_articles:fetch_trending:319 - Trending: Total fetched 15 articles.
2026-04-02 20:04:13 | INFO     | live_articles:fetch_trending:299 - Fetching trending for topics: ['nanomaterials', 'neuroscience consciousness', 'CRISPR gene editing']
2026-04-02 20:04:13 | INFO     | live_articles:fetch_trending:303 - Trending: Starting parallel fetch for topics...
2026-04-02 20:04:13 | INFO     | live_articles:fetch_pubmed:105 - PubMed: Searching for 'nanomaterials' (retmax=10)
2026-04-02 20:04:13 | INFO     | live_articles:fetch_pubmed:105 - PubMed: Searching for 'neuroscience consciousness' (retmax=10)
2026-04-02 20:04:13 | INFO     | live_articles:fetch_pubmed:105 - PubMed: Searching for 'CRISPR gene editing' (retmax=10)
2026-04-02 20:04:13 | INFO     | live_articles:fetch_pubmed:115 - PubMed search returned 10 IDs (Total: 433242)
2026-04-02 20:04:13 | INFO     | live_articles:fetch_pubmed:115 - PubMed search returned 10 IDs (Total: 6694)
2026-04-02 20:04:13 | INFO     | live_articles:fetch_pubmed:115 - PubMed search returned 10 IDs (Total: 24024)
2026-04-02 20:04:13 | ERROR    | live_articles:fetch_pubmed:169 - PubMed efetch failed with status 429
2026-04-02 20:04:13 | ERROR    | live_articles:fetch_pubmed:169 - PubMed efetch failed with status 429
2026-04-02 20:04:13 | ERROR    | live_articles:fetch_pubmed:169 - PubMed efetch failed with status 429
2026-04-02 20:04:13 | INFO     | live_articles:fetch_trending:319 - Trending: Total fetched 15 articles.
2026-04-02 20:04:19 | INFO     | live_articles:fetch_trending:299 - Fetching trending for topics: ['cancer immunotherapy', 'artificial intelligence drug discovery', 'graphene applications']
2026-04-02 20:04:19 | INFO     | live_articles:fetch_trending:303 - Trending: Starting parallel fetch for topics...
2026-04-02 20:04:19 | INFO     | live_articles:fetch_pubmed:105 - PubMed: Searching for 'cancer immunotherapy' (retmax=10)
2026-04-02 20:04:19 | INFO     | live_articles:fetch_pubmed:105 - PubMed: Searching for 'artificial intelligence drug discovery' (retmax=10)
2026-04-02 20:04:19 | INFO     | live_articles:fetch_pubmed:105 - PubMed: Searching for 'graphene applications' (retmax=10)
2026-04-02 20:04:20 | INFO     | live_articles:fetch_pubmed:115 - PubMed search returned 10 IDs (Total: 35032)
2026-04-02 20:04:20 | INFO     | live_articles:fetch_pubmed:115 - PubMed search returned 10 IDs (Total: 9627)
2026-04-02 20:04:20 | INFO     | live_articles:fetch_pubmed:115 - PubMed search returned 10 IDs (Total: 224326)
2026-04-02 20:04:21 | ERROR    | live_articles:fetch_pubmed:169 - PubMed efetch failed with status 429
2026-04-02 20:04:21 | ERROR    | live_articles:fetch_pubmed:169 - PubMed efetch failed with status 429
2026-04-02 20:04:21 | ERROR    | live_articles:fetch_pubmed:169 - PubMed efetch failed with status 429
2026-04-02 20:04:21 | INFO     | live_articles:fetch_trending:319 - Trending: Total fetched 15 articles.
2026-04-02 20:04:24 | INFO     | live_articles:fetch_trending:299 - Fetching trending for topics: ['dark matter detection', 'CRISPR gene editing', 'cancer immunotherapy']
2026-04-02 20:04:24 | INFO     | live_articles:fetch_trending:303 - Trending: Starting parallel fetch for topics...
2026-04-02 20:04:24 | INFO     | live_articles:fetch_pubmed:105 - PubMed: Searching for 'dark matter detection' (retmax=10)
2026-04-02 20:04:24 | INFO     | live_articles:fetch_pubmed:105 - PubMed: Searching for 'CRISPR gene editing' (retmax=10)
2026-04-02 20:04:24 | INFO     | live_articles:fetch_pubmed:105 - PubMed: Searching for 'cancer immunotherapy' (retmax=10)
2026-04-02 20:04:24 | INFO     | live_articles:fetch_pubmed:115 - PubMed search returned 10 IDs (Total: 1037)
2026-04-02 20:04:24 | INFO     | live_articles:fetch_pubmed:115 - PubMed search returned 10 IDs (Total: 24024)
2026-04-02 20:04:24 | INFO     | live_articles:fetch_pubmed:115 - PubMed search returned 10 IDs (Total: 224326)
2026-04-02 20:04:24 | ERROR    | live_articles:fetch_pubmed:169 - PubMed efetch failed with status 429
2026-04-02 20:04:24 | ERROR    | live_articles:fetch_pubmed:169 - PubMed efetch failed with status 429
2026-04-02 20:04:24 | ERROR    | live_articles:fetch_pubmed:169 - PubMed efetch failed with status 429
2026-04-02 20:04:24 | INFO     | live_articles:fetch_trending:319 - Trending: Total fetched 15 articles.
2026-04-02 20:04:25 | INFO     | live_articles:fetch_trending:299 - Fetching trending for topics: ['neuroscience consciousness', 'CRISPR gene editing', 'nanomaterials']
2026-04-02 20:04:25 | INFO     | live_articles:fetch_trending:303 - Trending: Starting parallel fetch for topics...
2026-04-02 20:04:25 | INFO     | live_articles:fetch_pubmed:105 - PubMed: Searching for 'neuroscience consciousness' (retmax=10)
2026-04-02 20:04:25 | INFO     | live_articles:fetch_pubmed:105 - PubMed: Searching for 'CRISPR gene editing' (retmax=10)
2026-04-02 20:04:25 | INFO     | live_articles:fetch_pubmed:105 - PubMed: Searching for 'nanomaterials' (retmax=10)
2026-04-02 20:04:25 | INFO     | live_articles:fetch_pubmed:115 - PubMed search returned 10 IDs (Total: 6694)
2026-04-02 20:04:25 | INFO     | live_articles:fetch_pubmed:115 - PubMed search returned 10 IDs (Total: 433242)
2026-04-02 20:04:25 | INFO     | live_articles:fetch_pubmed:115 - PubMed search returned 10 IDs (Total: 24024)
2026-04-02 20:04:26 | INFO     | live_articles:fetch_trending:299 - Fetching trending for topics: ['stem cell therapy', 'protein folding', 'nanomaterials']
2026-04-02 20:04:26 | INFO     | live_articles:fetch_trending:303 - Trending: Starting parallel fetch for topics...
2026-04-02 20:04:26 | INFO     | live_articles:fetch_pubmed:105 - PubMed: Searching for 'stem cell therapy' (retmax=10)
2026-04-02 20:04:26 | INFO     | live_articles:fetch_pubmed:105 - PubMed: Searching for 'protein folding' (retmax=10)
2026-04-02 20:04:26 | INFO     | live_articles:fetch_pubmed:105 - PubMed: Searching for 'nanomaterials' (retmax=10)
2026-04-02 20:04:26 | ERROR    | live_articles:fetch_pubmed:169 - PubMed efetch failed with status 429
2026-04-02 20:04:26 | ERROR    | live_articles:fetch_pubmed:169 - PubMed efetch failed with status 429
2026-04-02 20:04:26 | ERROR    | live_articles:fetch_pubmed:169 - PubMed efetch failed with status 429
2026-04-02 20:04:26 | INFO     | live_articles:fetch_trending:319 - Trending: Total fetched 15 articles.
2026-04-02 20:04:27 | INFO     | live_articles:fetch_pubmed:115 - PubMed search returned 10 IDs (Total: 433242)
2026-04-02 20:04:27 | INFO     | live_articles:fetch_pubmed:115 - PubMed search returned 10 IDs (Total: 98736)
2026-04-02 20:04:27 | INFO     | live_articles:fetch_pubmed:115 - PubMed search returned 10 IDs (Total: 197622)
2026-04-02 20:04:27 | ERROR    | live_articles:fetch_pubmed:169 - PubMed efetch failed with status 429
2026-04-02 20:04:27 | ERROR    | live_articles:fetch_pubmed:169 - PubMed efetch failed with status 429
2026-04-02 20:04:27 | ERROR    | live_articles:fetch_pubmed:169 - PubMed efetch failed with status 429
2026-04-02 20:04:27 | INFO     | live_articles:fetch_trending:319 - Trending: Total fetched 15 articles.
2026-04-02 20:04:42 | INFO     | live_articles:fetch_trending:299 - Fetching trending for topics: ['dark matter detection', 'nanomaterials', 'graphene applications']
2026-04-02 20:04:42 | INFO     | live_articles:fetch_trending:303 - Trending: Starting parallel fetch for topics...
2026-04-02 20:04:42 | INFO     | live_articles:fetch_pubmed:105 - PubMed: Searching for 'dark matter detection' (retmax=10)
2026-04-02 20:04:42 | INFO     | live_articles:fetch_pubmed:105 - PubMed: Searching for 'nanomaterials' (retmax=10)
2026-04-02 20:04:42 | INFO     | live_articles:fetch_pubmed:105 - PubMed: Searching for 'graphene applications' (retmax=10)
2026-04-02 20:04:43 | INFO     | live_articles:fetch_pubmed:115 - PubMed search returned 10 IDs (Total: 433242)
2026-04-02 20:04:43 | INFO     | live_articles:fetch_pubmed:115 - PubMed search returned 10 IDs (Total: 35032)
2026-04-02 20:04:43 | INFO     | live_articles:fetch_pubmed:115 - PubMed search returned 10 IDs (Total: 1037)
2026-04-02 20:04:43 | ERROR    | live_articles:fetch_pubmed:169 - PubMed efetch failed with status 429
2026-04-02 20:04:43 | ERROR    | live_articles:fetch_pubmed:169 - PubMed efetch failed with status 429
2026-04-02 20:04:43 | ERROR    | live_articles:fetch_pubmed:169 - PubMed efetch failed with status 429
2026-04-02 20:04:43 | INFO     | live_articles:fetch_trending:319 - Trending: Total fetched 15 articles.
2026-04-02 20:04:48 | INFO     | live_articles:fetch_trending:299 - Fetching trending for topics: ['graphene applications', 'nanomaterials', 'neuroscience consciousness']
2026-04-02 20:04:48 | INFO     | live_articles:fetch_trending:303 - Trending: Starting parallel fetch for topics...
2026-04-02 20:04:48 | INFO     | live_articles:fetch_pubmed:105 - PubMed: Searching for 'graphene applications' (retmax=10)
2026-04-02 20:04:48 | INFO     | live_articles:fetch_pubmed:105 - PubMed: Searching for 'nanomaterials' (retmax=10)
2026-04-02 20:04:48 | INFO     | live_articles:fetch_pubmed:105 - PubMed: Searching for 'neuroscience consciousness' (retmax=10)
2026-04-02 20:04:49 | INFO     | live_articles:fetch_pubmed:115 - PubMed search returned 10 IDs (Total: 433242)
2026-04-02 20:04:49 | INFO     | live_articles:fetch_pubmed:115 - PubMed search returned 10 IDs (Total: 6694)
2026-04-02 20:04:49 | INFO     | live_articles:fetch_pubmed:115 - PubMed search returned 10 IDs (Total: 35032)
2026-04-02 20:04:49 | ERROR    | live_articles:fetch_pubmed:169 - PubMed efetch failed with status 429
2026-04-02 20:04:49 | ERROR    | live_articles:fetch_pubmed:169 - PubMed efetch failed with status 429
2026-04-02 20:04:49 | ERROR    | live_articles:fetch_pubmed:169 - PubMed efetch failed with status 429
2026-04-02 20:04:49 | INFO     | live_articles:fetch_trending:319 - Trending: Total fetched 15 articles.
2026-04-02 20:04:51 | INFO     | live_articles:fetch_trending:299 - Fetching trending for topics: ['artificial intelligence drug discovery', 'dark matter detection', 'nanomaterials']
2026-04-02 20:04:51 | INFO     | live_articles:fetch_trending:303 - Trending: Starting parallel fetch for topics...
2026-04-02 20:04:51 | INFO     | live_articles:fetch_pubmed:105 - PubMed: Searching for 'artificial intelligence drug discovery' (retmax=10)
2026-04-02 20:04:51 | INFO     | live_articles:fetch_pubmed:105 - PubMed: Searching for 'dark matter detection' (retmax=10)
2026-04-02 20:04:51 | INFO     | live_articles:fetch_pubmed:105 - PubMed: Searching for 'nanomaterials' (retmax=10)
2026-04-02 20:04:51 | INFO     | live_articles:fetch_pubmed:115 - PubMed search returned 10 IDs (Total: 433242)
2026-04-02 20:04:51 | INFO     | live_articles:fetch_pubmed:115 - PubMed search returned 10 IDs (Total: 9627)
2026-04-02 20:04:51 | INFO     | live_articles:fetch_pubmed:115 - PubMed search returned 10 IDs (Total: 1037)
2026-04-02 20:04:51 | ERROR    | live_articles:fetch_pubmed:169 - PubMed efetch failed with status 429
2026-04-02 20:04:51 | ERROR    | live_articles:fetch_pubmed:169 - PubMed efetch failed with status 429
2026-04-02 20:04:52 | ERROR    | live_articles:fetch_pubmed:169 - PubMed efetch failed with status 429
2026-04-02 20:04:52 | INFO     | live_articles:fetch_trending:319 - Trending: Total fetched 15 articles.
2026-04-02 20:04:52 | INFO     | live_articles:fetch_trending:299 - Fetching trending for topics: ['protein folding', 'graphene applications', 'dark matter detection']
2026-04-02 20:04:52 | INFO     | live_articles:fetch_trending:303 - Trending: Starting parallel fetch for topics...
2026-04-02 20:04:52 | INFO     | live_articles:fetch_pubmed:105 - PubMed: Searching for 'protein folding' (retmax=10)
2026-04-02 20:04:52 | INFO     | live_articles:fetch_pubmed:105 - PubMed: Searching for 'graphene applications' (retmax=10)
2026-04-02 20:04:52 | INFO     | live_articles:fetch_pubmed:105 - PubMed: Searching for 'dark matter detection' (retmax=10)
2026-04-02 20:04:52 | ERROR    | live_articles:fetch_pubmed:108 - PubMed search failed with status 429
2026-04-02 20:04:52 | ERROR    | live_articles:fetch_pubmed:108 - PubMed search failed with status 429
2026-04-02 20:04:52 | ERROR    | live_articles:fetch_pubmed:108 - PubMed search failed with status 429
2026-04-02 20:04:52 | INFO     | live_articles:fetch_trending:319 - Trending: Total fetched 15 articles.
2026-04-02 20:04:53 | INFO     | live_articles:fetch_trending:299 - Fetching trending for topics: ['dark matter detection', 'climate change mitigation', 'stem cell therapy']
2026-04-02 20:04:53 | INFO     | live_articles:fetch_trending:303 - Trending: Starting parallel fetch for topics...
2026-04-02 20:04:53 | INFO     | live_articles:fetch_pubmed:105 - PubMed: Searching for 'dark matter detection' (retmax=10)
2026-04-02 20:04:53 | INFO     | live_articles:fetch_pubmed:105 - PubMed: Searching for 'climate change mitigation' (retmax=10)
2026-04-02 20:04:53 | INFO     | live_articles:fetch_pubmed:105 - PubMed: Searching for 'stem cell therapy' (retmax=10)
2026-04-02 20:04:53 | INFO     | live_articles:fetch_pubmed:115 - PubMed search returned 10 IDs (Total: 15913)
2026-04-02 20:04:53 | INFO     | live_articles:fetch_pubmed:115 - PubMed search returned 10 IDs (Total: 197622)
2026-04-02 20:04:53 | INFO     | live_articles:fetch_pubmed:115 - PubMed search returned 10 IDs (Total: 1037)
2026-04-02 20:04:54 | ERROR    | live_articles:fetch_pubmed:169 - PubMed efetch failed with status 429
2026-04-02 20:04:54 | ERROR    | live_articles:fetch_pubmed:169 - PubMed efetch failed with status 429
2026-04-02 20:04:54 | ERROR    | live_articles:fetch_pubmed:169 - PubMed efetch failed with status 429
2026-04-02 20:04:54 | INFO     | live_articles:fetch_trending:319 - Trending: Total fetched 15 articles.
2026-04-02 20:04:54 | INFO     | live_articles:fetch_trending:299 - Fetching trending for topics: ['nanomaterials', 'cancer immunotherapy', 'neuroscience consciousness']
2026-04-02 20:04:54 | INFO     | live_articles:fetch_trending:303 - Trending: Starting parallel fetch for topics...
2026-04-02 20:04:54 | INFO     | live_articles:fetch_pubmed:105 - PubMed: Searching for 'nanomaterials' (retmax=10)
2026-04-02 20:04:54 | INFO     | live_articles:fetch_pubmed:105 - PubMed: Searching for 'cancer immunotherapy' (retmax=10)
2026-04-02 20:04:54 | INFO     | live_articles:fetch_pubmed:105 - PubMed: Searching for 'neuroscience consciousness' (retmax=10)
2026-04-02 20:04:54 | INFO     | live_articles:fetch_pubmed:115 - PubMed search returned 10 IDs (Total: 433242)
2026-04-02 20:04:54 | INFO     | live_articles:fetch_pubmed:115 - PubMed search returned 10 IDs (Total: 6694)
2026-04-02 20:04:55 | INFO     | live_articles:fetch_pubmed:115 - PubMed search returned 10 IDs (Total: 224326)
2026-04-02 20:04:55 | ERROR    | live_articles:fetch_pubmed:169 - PubMed efetch failed with status 429
2026-04-02 20:04:55 | ERROR    | live_articles:fetch_pubmed:169 - PubMed efetch failed with status 429
2026-04-02 20:04:55 | ERROR    | live_articles:fetch_pubmed:169 - PubMed efetch failed with status 429
2026-04-02 20:04:55 | INFO     | live_articles:fetch_trending:319 - Trending: Total fetched 15 articles.
2026-04-02 20:05:10 | INFO     | live_articles:fetch_trending:299 - Fetching trending for topics: ['neuroscience consciousness', 'CRISPR gene editing', 'stem cell therapy']
2026-04-02 20:05:10 | INFO     | live_articles:fetch_trending:303 - Trending: Starting parallel fetch for topics...
2026-04-02 20:05:10 | INFO     | live_articles:fetch_pubmed:105 - PubMed: Searching for 'neuroscience consciousness' (retmax=10)
2026-04-02 20:05:10 | INFO     | live_articles:fetch_pubmed:105 - PubMed: Searching for 'CRISPR gene editing' (retmax=10)
2026-04-02 20:05:10 | INFO     | live_articles:fetch_pubmed:105 - PubMed: Searching for 'stem cell therapy' (retmax=10)
2026-04-02 20:05:11 | INFO     | live_articles:fetch_pubmed:115 - PubMed search returned 10 IDs (Total: 197622)
2026-04-02 20:05:11 | INFO     | live_articles:fetch_pubmed:115 - PubMed search returned 10 IDs (Total: 24024)
2026-04-02 20:05:11 | INFO     | live_articles:fetch_pubmed:115 - PubMed search returned 10 IDs (Total: 6694)
2026-04-02 20:05:11 | ERROR    | live_articles:fetch_pubmed:169 - PubMed efetch failed with status 429
2026-04-02 20:05:11 | ERROR    | live_articles:fetch_pubmed:169 - PubMed efetch failed with status 429
2026-04-02 20:05:11 | ERROR    | live_articles:fetch_pubmed:169 - PubMed efetch failed with status 429
2026-04-02 20:05:11 | INFO     | live_articles:fetch_trending:319 - Trending: Total fetched 15 articles.
2026-04-02 20:05:12 | INFO     | live_articles:fetch_trending:299 - Fetching trending for topics: ['CRISPR gene editing', 'graphene applications', 'neuroscience consciousness']
2026-04-02 20:05:12 | INFO     | live_articles:fetch_trending:303 - Trending: Starting parallel fetch for topics...
2026-04-02 20:05:12 | INFO     | live_articles:fetch_pubmed:105 - PubMed: Searching for 'CRISPR gene editing' (retmax=10)
2026-04-02 20:05:12 | INFO     | live_articles:fetch_pubmed:105 - PubMed: Searching for 'graphene applications' (retmax=10)
2026-04-02 20:05:12 | INFO     | live_articles:fetch_pubmed:105 - PubMed: Searching for 'neuroscience consciousness' (retmax=10)
2026-04-02 20:05:12 | ERROR    | live_articles:fetch_pubmed:108 - PubMed search failed with status 429
2026-04-02 20:05:12 | ERROR    | live_articles:fetch_pubmed:108 - PubMed search failed with status 429
2026-04-02 20:05:12 | ERROR    | live_articles:fetch_pubmed:108 - PubMed search failed with status 429
2026-04-02 20:05:12 | INFO     | live_articles:fetch_trending:319 - Trending: Total fetched 15 articles.
2026-04-02 20:05:13 | INFO     | live_articles:fetch_trending:299 - Fetching trending for topics: ['climate change mitigation', 'stem cell therapy', 'nanomaterials']
2026-04-02 20:05:13 | INFO     | live_articles:fetch_trending:303 - Trending: Starting parallel fetch for topics...
2026-04-02 20:05:13 | INFO     | live_articles:fetch_pubmed:105 - PubMed: Searching for 'climate change mitigation' (retmax=10)
2026-04-02 20:05:13 | INFO     | live_articles:fetch_pubmed:105 - PubMed: Searching for 'stem cell therapy' (retmax=10)
2026-04-02 20:05:13 | INFO     | live_articles:fetch_pubmed:105 - PubMed: Searching for 'nanomaterials' (retmax=10)
2026-04-02 20:05:14 | INFO     | live_articles:fetch_pubmed:115 - PubMed search returned 10 IDs (Total: 433242)
2026-04-02 20:05:14 | INFO     | live_articles:fetch_pubmed:115 - PubMed search returned 10 IDs (Total: 197622)
2026-04-02 20:05:14 | INFO     | live_articles:fetch_pubmed:115 - PubMed search returned 10 IDs (Total: 15913)
2026-04-02 20:05:14 | ERROR    | live_articles:fetch_pubmed:169 - PubMed efetch failed with status 429
2026-04-02 20:05:14 | ERROR    | live_articles:fetch_pubmed:169 - PubMed efetch failed with status 429
2026-04-02 20:05:14 | ERROR    | live_articles:fetch_pubmed:169 - PubMed efetch failed with status 429
2026-04-02 20:05:14 | INFO     | live_articles:fetch_trending:319 - Trending: Total fetched 15 articles.
2026-04-02 20:05:14 | INFO     | live_articles:fetch_trending:299 - Fetching trending for topics: ['dark matter detection', 'graphene applications', 'artificial intelligence drug discovery']
2026-04-02 20:05:14 | INFO     | live_articles:fetch_trending:303 - Trending: Starting parallel fetch for topics...
2026-04-02 20:05:14 | INFO     | live_articles:fetch_pubmed:105 - PubMed: Searching for 'dark matter detection' (retmax=10)
2026-04-02 20:05:14 | INFO     | live_articles:fetch_pubmed:105 - PubMed: Searching for 'graphene applications' (retmax=10)
2026-04-02 20:05:14 | INFO     | live_articles:fetch_pubmed:105 - PubMed: Searching for 'artificial intelligence drug discovery' (retmax=10)
2026-04-02 20:05:15 | INFO     | live_articles:fetch_pubmed:115 - PubMed search returned 10 IDs (Total: 9627)
2026-04-02 20:05:15 | INFO     | live_articles:fetch_pubmed:115 - PubMed search returned 10 IDs (Total: 1037)
2026-04-02 20:05:15 | INFO     | live_articles:fetch_pubmed:115 - PubMed search returned 10 IDs (Total: 35032)
2026-04-02 20:05:15 | ERROR    | live_articles:fetch_pubmed:169 - PubMed efetch failed with status 429
2026-04-02 20:05:15 | ERROR    | live_articles:fetch_pubmed:169 - PubMed efetch failed with status 429
2026-04-02 20:05:15 | ERROR    | live_articles:fetch_pubmed:169 - PubMed efetch failed with status 429
2026-04-02 20:05:15 | INFO     | live_articles:fetch_trending:319 - Trending: Total fetched 15 articles.
2026-04-02 20:05:25 | INFO     | live_articles:fetch_trending:299 - Fetching trending for topics: ['cancer immunotherapy', 'climate change mitigation', 'CRISPR gene editing']
2026-04-02 20:05:25 | INFO     | live_articles:fetch_trending:303 - Trending: Starting parallel fetch for topics...
2026-04-02 20:05:25 | INFO     | live_articles:fetch_pubmed:105 - PubMed: Searching for 'cancer immunotherapy' (retmax=10)
2026-04-02 20:05:25 | INFO     | live_articles:fetch_pubmed:105 - PubMed: Searching for 'climate change mitigation' (retmax=10)
2026-04-02 20:05:25 | INFO     | live_articles:fetch_pubmed:105 - PubMed: Searching for 'CRISPR gene editing' (retmax=10)
2026-04-02 20:05:26 | INFO     | live_articles:fetch_pubmed:115 - PubMed search returned 10 IDs (Total: 15913)
2026-04-02 20:05:26 | INFO     | live_articles:fetch_pubmed:115 - PubMed search returned 10 IDs (Total: 24024)
2026-04-02 20:05:26 | INFO     | live_articles:fetch_pubmed:115 - PubMed search returned 10 IDs (Total: 224326)
2026-04-02 20:05:26 | INFO     | live_articles:fetch_trending:299 - Fetching trending for topics: ['graphene applications', 'protein folding', 'neuroscience consciousness']
2026-04-02 20:05:26 | INFO     | live_articles:fetch_trending:303 - Trending: Starting parallel fetch for topics...
2026-04-02 20:05:26 | INFO     | live_articles:fetch_pubmed:105 - PubMed: Searching for 'graphene applications' (retmax=10)
2026-04-02 20:05:26 | INFO     | live_articles:fetch_pubmed:105 - PubMed: Searching for 'protein folding' (retmax=10)
2026-04-02 20:05:26 | INFO     | live_articles:fetch_pubmed:105 - PubMed: Searching for 'neuroscience consciousness' (retmax=10)
2026-04-02 20:05:27 | ERROR    | live_articles:fetch_pubmed:169 - PubMed efetch failed with status 429
2026-04-02 20:05:27 | ERROR    | live_articles:fetch_pubmed:169 - PubMed efetch failed with status 429
2026-04-02 20:05:27 | ERROR    | live_articles:fetch_pubmed:169 - PubMed efetch failed with status 429
2026-04-02 20:05:27 | INFO     | live_articles:fetch_trending:319 - Trending: Total fetched 15 articles.
2026-04-02 20:05:27 | INFO     | live_articles:fetch_pubmed:115 - PubMed search returned 10 IDs (Total: 6694)
2026-04-02 20:05:27 | INFO     | live_articles:fetch_pubmed:115 - PubMed search returned 10 IDs (Total: 98736)
2026-04-02 20:05:27 | INFO     | live_articles:fetch_pubmed:115 - PubMed search returned 10 IDs (Total: 35032)
2026-04-02 20:05:28 | ERROR    | live_articles:fetch_pubmed:169 - PubMed efetch failed with status 429
2026-04-02 20:05:28 | ERROR    | live_articles:fetch_pubmed:169 - PubMed efetch failed with status 429
2026-04-02 20:05:28 | ERROR    | live_articles:fetch_pubmed:169 - PubMed efetch failed with status 429
2026-04-02 20:05:28 | INFO     | live_articles:fetch_trending:319 - Trending: Total fetched 15 articles.
2026-04-02 20:05:47 | INFO     | live_articles:fetch_trending:299 - Fetching trending for topics: ['artificial intelligence drug discovery', 'climate change mitigation', 'graphene applications']
2026-04-02 20:05:47 | INFO     | live_articles:fetch_trending:303 - Trending: Starting parallel fetch for topics...
2026-04-02 20:05:47 | INFO     | live_articles:fetch_pubmed:105 - PubMed: Searching for 'artificial intelligence drug discovery' (retmax=10)
2026-04-02 20:05:47 | INFO     | live_articles:fetch_pubmed:105 - PubMed: Searching for 'climate change mitigation' (retmax=10)
2026-04-02 20:05:47 | INFO     | live_articles:fetch_pubmed:105 - PubMed: Searching for 'graphene applications' (retmax=10)
2026-04-02 20:05:48 | INFO     | live_articles:fetch_pubmed:115 - PubMed search returned 10 IDs (Total: 35032)
2026-04-02 20:05:48 | INFO     | live_articles:fetch_pubmed:115 - PubMed search returned 10 IDs (Total: 9627)
2026-04-02 20:05:48 | INFO     | live_articles:fetch_pubmed:115 - PubMed search returned 10 IDs (Total: 15913)
2026-04-02 20:05:48 | ERROR    | live_articles:fetch_pubmed:169 - PubMed efetch failed with status 429
2026-04-02 20:05:48 | ERROR    | live_articles:fetch_pubmed:169 - PubMed efetch failed with status 429
2026-04-02 20:05:48 | ERROR    | live_articles:fetch_pubmed:169 - PubMed efetch failed with status 429
2026-04-02 20:05:48 | INFO     | live_articles:fetch_trending:319 - Trending: Total fetched 15 articles.
2026-04-02 20:05:53 | INFO     | live_articles:fetch_trending:299 - Fetching trending for topics: ['protein folding', 'neuroscience consciousness', 'quantum computing']
2026-04-02 20:05:53 | INFO     | live_articles:fetch_trending:303 - Trending: Starting parallel fetch for topics...
2026-04-02 20:05:53 | INFO     | live_articles:fetch_pubmed:105 - PubMed: Searching for 'protein folding' (retmax=10)
2026-04-02 20:05:53 | INFO     | live_articles:fetch_pubmed:105 - PubMed: Searching for 'neuroscience consciousness' (retmax=10)
2026-04-02 20:05:53 | INFO     | live_articles:fetch_pubmed:105 - PubMed: Searching for 'quantum computing' (retmax=10)
2026-04-02 20:05:54 | INFO     | live_articles:fetch_pubmed:115 - PubMed search returned 10 IDs (Total: 98736)
2026-04-02 20:05:54 | INFO     | live_articles:fetch_pubmed:115 - PubMed search returned 10 IDs (Total: 6694)
2026-04-02 20:05:54 | INFO     | live_articles:fetch_pubmed:115 - PubMed search returned 10 IDs (Total: 51085)
2026-04-02 20:05:54 | ERROR    | live_articles:fetch_pubmed:169 - PubMed efetch failed with status 429
2026-04-02 20:05:54 | INFO     | live_articles:fetch_trending:299 - Fetching trending for topics: ['nanomaterials', 'graphene applications', 'climate change mitigation']
2026-04-02 20:05:54 | INFO     | live_articles:fetch_trending:303 - Trending: Starting parallel fetch for topics...
2026-04-02 20:05:54 | INFO     | live_articles:fetch_pubmed:105 - PubMed: Searching for 'nanomaterials' (retmax=10)
2026-04-02 20:05:54 | INFO     | live_articles:fetch_pubmed:105 - PubMed: Searching for 'graphene applications' (retmax=10)
2026-04-02 20:05:54 | INFO     | live_articles:fetch_pubmed:105 - PubMed: Searching for 'climate change mitigation' (retmax=10)
2026-04-02 20:05:54 | ERROR    | live_articles:fetch_pubmed:169 - PubMed efetch failed with status 429
2026-04-02 20:05:54 | ERROR    | live_articles:fetch_pubmed:169 - PubMed efetch failed with status 429
2026-04-02 20:05:54 | INFO     | live_articles:fetch_trending:319 - Trending: Total fetched 15 articles.
2026-04-02 20:05:55 | ERROR    | live_articles:fetch_pubmed:108 - PubMed search failed with status 429
2026-04-02 20:05:55 | INFO     | live_articles:fetch_pubmed:115 - PubMed search returned 10 IDs (Total: 35032)
2026-04-02 20:05:55 | INFO     | live_articles:fetch_pubmed:115 - PubMed search returned 10 IDs (Total: 15913)
2026-04-02 20:05:56 | ERROR    | live_articles:fetch_pubmed:169 - PubMed efetch failed with status 429
2026-04-02 20:05:56 | INFO     | live_articles:fetch_pubmed:164 - PubMed: Successfully parsed 10 articles.
2026-04-02 20:05:56 | INFO     | live_articles:fetch_trending:319 - Trending: Total fetched 25 articles.
2026-04-02 20:06:13 | INFO     | live_articles:search_articles:228 - Article Search: 'scnt' | Page: 1
2026-04-02 20:06:13 | INFO     | live_articles:search_articles:237 - Adding PubMed task for 'scnt'
2026-04-02 20:06:13 | INFO     | live_articles:search_articles:247 - Adding Wikipedia task for 'scnt'
2026-04-02 20:06:13 | INFO     | live_articles:fetch_pubmed:105 - PubMed: Searching for 'scnt' (retmax=10)
2026-04-02 20:06:14 | INFO     | live_articles:fetch_pubmed:115 - PubMed search returned 10 IDs (Total: 1866)
2026-04-02 20:06:16 | INFO     | live_articles:fetch_pubmed:164 - PubMed: Successfully parsed 10 articles.
2026-04-02 20:06:16 | INFO     | live_articles:search_articles:273 - Source 0 returned 10 articles (Total in source: 1866)
2026-04-02 20:06:16 | INFO     | live_articles:search_articles:277 - Wikipedia returned 0 articles
2026-04-02 20:06:18 | INFO     | live_articles:search_articles:228 - Article Search: 'scnt' | Page: 1
2026-04-02 20:06:18 | INFO     | live_articles:search_articles:237 - Adding PubMed task for 'scnt'
2026-04-02 20:06:18 | INFO     | live_articles:search_articles:247 - Adding Wikipedia task for 'scnt'
2026-04-02 20:06:18 | INFO     | live_articles:search_articles:273 - Source 0 returned 10 articles (Total in source: 1866)
2026-04-02 20:06:18 | INFO     | live_articles:search_articles:277 - Wikipedia returned 0 articles
2026-04-02 20:06:19 | INFO     | live_articles:search_articles:228 - Article Search: 'scnt' | Page: 1
2026-04-02 20:06:19 | INFO     | live_articles:search_articles:237 - Adding PubMed task for 'scnt'
2026-04-02 20:06:19 | INFO     | live_articles:search_articles:247 - Adding Wikipedia task for 'scnt'
2026-04-02 20:06:19 | INFO     | live_articles:search_articles:273 - Source 0 returned 10 articles (Total in source: 1866)
2026-04-02 20:06:19 | INFO     | live_articles:search_articles:277 - Wikipedia returned 0 articles
2026-04-02 20:06:19 | INFO     | live_articles:search_articles:228 - Article Search: 'scnt' | Page: 1
2026-04-02 20:06:19 | INFO     | live_articles:search_articles:237 - Adding PubMed task for 'scnt'
2026-04-02 20:06:19 | INFO     | live_articles:search_articles:247 - Adding Wikipedia task for 'scnt'
2026-04-02 20:06:19 | INFO     | live_articles:search_articles:273 - Source 0 returned 10 articles (Total in source: 1866)
2026-04-02 20:06:19 | INFO     | live_articles:search_articles:277 - Wikipedia returned 0 articles
2026-04-02 20:06:19 | INFO     | live_articles:search_articles:228 - Article Search: 'scnt' | Page: 1
2026-04-02 20:06:19 | INFO     | live_articles:search_articles:237 - Adding PubMed task for 'scnt'
2026-04-02 20:06:19 | INFO     | live_articles:search_articles:247 - Adding Wikipedia task for 'scnt'
2026-04-02 20:06:20 | INFO     | live_articles:search_articles:273 - Source 0 returned 10 articles (Total in source: 1866)
2026-04-02 20:06:20 | INFO     | live_articles:search_articles:277 - Wikipedia returned 0 articles
2026-04-02 20:06:20 | INFO     | live_articles:search_articles:228 - Article Search: 'scnt' | Page: 1
2026-04-02 20:06:20 | INFO     | live_articles:search_articles:237 - Adding PubMed task for 'scnt'
2026-04-02 20:06:20 | INFO     | live_articles:search_articles:247 - Adding Wikipedia task for 'scnt'
2026-04-02 20:06:20 | INFO     | live_articles:search_articles:273 - Source 0 returned 10 articles (Total in source: 1866)
2026-04-02 20:06:20 | INFO     | live_articles:search_articles:277 - Wikipedia returned 0 articles
2026-04-02 20:07:35 | INFO     | faiss_store:load:46 - FAISS: Loaded 10055 vectors.
2026-04-02 20:07:35 | INFO     | __main__:startup_event:31 - SciAI PRODUCTION ENGINE STARTING...
2026-04-02 20:07:36 | INFO     | faiss_store:load:46 - FAISS: Loaded 10055 vectors.
2026-04-02 20:07:43 | INFO     | live_articles:search_articles:228 - Article Search: 'scnt' | Page: 1
2026-04-02 20:07:43 | INFO     | live_articles:search_articles:237 - Adding PubMed task for 'scnt'
2026-04-02 20:07:43 | INFO     | live_articles:search_articles:247 - Adding Wikipedia task for 'scnt'
2026-04-02 20:07:44 | INFO     | live_articles:search_articles:273 - Source 0 returned 10 articles (Total in source: 1866)
2026-04-02 20:07:44 | INFO     | live_articles:search_articles:277 - Wikipedia returned 0 articles
2026-04-02 20:07:44 | INFO     | live_articles:search_articles:228 - Article Search: 'scnt' | Page: 1
2026-04-02 20:07:44 | INFO     | live_articles:search_articles:237 - Adding PubMed task for 'scnt'
2026-04-02 20:07:44 | INFO     | live_articles:search_articles:247 - Adding Wikipedia task for 'scnt'
2026-04-02 20:07:45 | INFO     | live_articles:search_articles:273 - Source 0 returned 10 articles (Total in source: 1866)
2026-04-02 20:07:45 | INFO     | live_articles:search_articles:277 - Wikipedia returned 0 articles
2026-04-02 20:07:45 | INFO     | live_articles:search_articles:228 - Article Search: 'scnt' | Page: 1
2026-04-02 20:07:45 | INFO     | live_articles:search_articles:237 - Adding PubMed task for 'scnt'
2026-04-02 20:07:45 | INFO     | live_articles:search_articles:247 - Adding Wikipedia task for 'scnt'
2026-04-02 20:07:45 | INFO     | live_articles:search_articles:273 - Source 0 returned 10 articles (Total in source: 1866)
2026-04-02 20:07:45 | INFO     | live_articles:search_articles:277 - Wikipedia returned 0 articles
2026-04-02 20:07:46 | INFO     | live_articles:search_articles:228 - Article Search: 'scnt' | Page: 1
2026-04-02 20:07:46 | INFO     | live_articles:search_articles:237 - Adding PubMed task for 'scnt'
2026-04-02 20:07:46 | INFO     | live_articles:search_articles:247 - Adding Wikipedia task for 'scnt'
2026-04-02 20:07:46 | INFO     | live_articles:search_articles:273 - Source 0 returned 10 articles (Total in source: 1866)
2026-04-02 20:07:46 | INFO     | live_articles:search_articles:277 - Wikipedia returned 0 articles
2026-04-02 20:07:47 | INFO     | live_articles:search_articles:228 - Article Search: 'scnt' | Page: 1
2026-04-02 20:07:47 | INFO     | live_articles:search_articles:237 - Adding PubMed task for 'scnt'
2026-04-02 20:07:47 | INFO     | live_articles:search_articles:247 - Adding Wikipedia task for 'scnt'
2026-04-02 20:07:47 | INFO     | live_articles:search_articles:273 - Source 0 returned 10 articles (Total in source: 1866)
2026-04-02 20:07:47 | INFO     | live_articles:search_articles:277 - Wikipedia returned 0 articles
2026-04-02 20:07:48 | INFO     | live_articles:search_articles:228 - Article Search: 'scnt' | Page: 1
2026-04-02 20:07:48 | INFO     | live_articles:search_articles:237 - Adding PubMed task for 'scnt'
2026-04-02 20:07:48 | INFO     | live_articles:search_articles:247 - Adding Wikipedia task for 'scnt'
2026-04-02 20:07:48 | INFO     | live_articles:search_articles:273 - Source 0 returned 10 articles (Total in source: 1866)
2026-04-02 20:07:48 | INFO     | live_articles:search_articles:277 - Wikipedia returned 0 articles
2026-04-02 20:08:38 | INFO     | live_articles:search_articles:228 - Article Search: 'scnt' | Page: 1
2026-04-02 20:08:38 | INFO     | live_articles:search_articles:237 - Adding PubMed task for 'scnt'
2026-04-02 20:08:38 | INFO     | live_articles:search_articles:247 - Adding Wikipedia task for 'scnt'
2026-04-02 20:08:38 | INFO     | live_articles:search_articles:273 - Source 0 returned 10 articles (Total in source: 1866)
2026-04-02 20:08:38 | INFO     | live_articles:search_articles:277 - Wikipedia returned 0 articles
2026-04-02 20:08:56 | INFO     | pdf_processor:process_pdf:55 - PDF: Processed 406 chunks from temp/321644bc-038b-4f39-b9c7-cac7e38a79db_100 Most Probable Questions 2020 Vol-I.pdf
2026-04-02 20:09:09 | INFO     | faiss_store:save:33 - FAISS: Saved 10460 vectors.
2026-04-02 20:09:09 | INFO     | __main__:process_pdf_background:132 - Background: Completed 321644bc-038b-4f39-b9c7-cac7e38a79db processing.
2026-04-02 20:09:23 | INFO     | __main__:ask_question:76 - Question: tell me about this pdf | Hybrid: True | Book: 321644bc-038b-4f39-b9c7-cac7e38a79db
2026-04-02 20:09:58 | INFO     | __main__:ask_question:76 - Question: state of indian media | Hybrid: True | Book: 321644bc-038b-4f39-b9c7-cac7e38a79db
2026-04-02 20:10:24 | INFO     | __main__:ask_question:76 - Question: what is this pdf about | Hybrid: True | Book: 321644bc-038b-4f39-b9c7-cac7e38a79db
2026-04-02 20:14:46 | INFO     | live_articles:fetch_trending:299 - Fetching trending for topics: ['quantum computing', 'cancer immunotherapy', 'protein folding']
2026-04-02 20:14:46 | INFO     | live_articles:fetch_trending:303 - Trending: Starting parallel fetch for topics...
2026-04-02 20:14:46 | INFO     | live_articles:fetch_pubmed:105 - PubMed: Searching for 'quantum computing' (retmax=10)
2026-04-02 20:14:46 | INFO     | live_articles:fetch_pubmed:105 - PubMed: Searching for 'cancer immunotherapy' (retmax=10)
2026-04-02 20:14:46 | INFO     | live_articles:fetch_pubmed:105 - PubMed: Searching for 'protein folding' (retmax=10)
2026-04-02 20:14:47 | INFO     | live_articles:fetch_pubmed:115 - PubMed search returned 10 IDs (Total: 98736)
2026-04-02 20:14:47 | INFO     | live_articles:fetch_pubmed:115 - PubMed search returned 10 IDs (Total: 51085)
2026-04-02 20:14:47 | INFO     | live_articles:fetch_pubmed:115 - PubMed search returned 10 IDs (Total: 224326)
2026-04-02 20:14:48 | ERROR    | live_articles:fetch_pubmed:169 - PubMed efetch failed with status 429
2026-04-02 20:14:48 | ERROR    | live_articles:fetch_pubmed:169 - PubMed efetch failed with status 429
2026-04-02 20:14:48 | ERROR    | live_articles:fetch_pubmed:169 - PubMed efetch failed with status 429
2026-04-02 20:14:48 | INFO     | live_articles:fetch_trending:319 - Trending: Total fetched 15 articles.
2026-04-02 20:15:12 | INFO     | live_articles:fetch_trending:299 - Fetching trending for topics: ['protein folding', 'cancer immunotherapy', 'mRNA vaccine']
2026-04-02 20:15:12 | INFO     | live_articles:fetch_trending:303 - Trending: Starting parallel fetch for topics...
2026-04-02 20:15:12 | INFO     | live_articles:fetch_pubmed:105 - PubMed: Searching for 'protein folding' (retmax=10)
2026-04-02 20:15:12 | INFO     | live_articles:fetch_pubmed:105 - PubMed: Searching for 'cancer immunotherapy' (retmax=10)
2026-04-02 20:15:12 | INFO     | live_articles:fetch_pubmed:105 - PubMed: Searching for 'mRNA vaccine' (retmax=10)
2026-04-02 20:15:13 | INFO     | live_articles:fetch_pubmed:115 - PubMed search returned 10 IDs (Total: 98736)
2026-04-02 20:15:13 | INFO     | live_articles:fetch_pubmed:115 - PubMed search returned 10 IDs (Total: 21237)
2026-04-02 20:15:13 | INFO     | live_articles:fetch_pubmed:115 - PubMed search returned 10 IDs (Total: 224326)
2026-04-02 20:15:13 | ERROR    | live_articles:fetch_pubmed:169 - PubMed efetch failed with status 429
2026-04-02 20:15:13 | ERROR    | live_articles:fetch_pubmed:169 - PubMed efetch failed with status 429
2026-04-02 20:15:13 | ERROR    | live_articles:fetch_pubmed:169 - PubMed efetch failed with status 429
2026-04-02 20:15:13 | INFO     | live_articles:fetch_trending:319 - Trending: Total fetched 15 articles.
2026-04-02 20:15:14 | INFO     | live_articles:fetch_trending:299 - Fetching trending for topics: ['dark matter detection', 'neuroscience consciousness', 'nanomaterials']
2026-04-02 20:15:14 | INFO     | live_articles:fetch_trending:303 - Trending: Starting parallel fetch for topics...
2026-04-02 20:15:14 | INFO     | live_articles:fetch_pubmed:105 - PubMed: Searching for 'dark matter detection' (retmax=10)
2026-04-02 20:15:14 | INFO     | live_articles:fetch_pubmed:105 - PubMed: Searching for 'neuroscience consciousness' (retmax=10)
2026-04-02 20:15:14 | INFO     | live_articles:fetch_pubmed:105 - PubMed: Searching for 'nanomaterials' (retmax=10)
2026-04-02 20:15:14 | INFO     | live_articles:fetch_pubmed:115 - PubMed search returned 10 IDs (Total: 6694)
2026-04-02 20:15:14 | INFO     | live_articles:fetch_pubmed:115 - PubMed search returned 10 IDs (Total: 433242)
2026-04-02 20:15:15 | ERROR    | live_articles:fetch_pubmed:169 - PubMed efetch failed with status 429
2026-04-02 20:15:15 | ERROR    | live_articles:fetch_pubmed:108 - PubMed search failed with status 429
2026-04-02 20:15:16 | INFO     | live_articles:fetch_pubmed:164 - PubMed: Successfully parsed 10 articles.
2026-04-02 20:15:16 | INFO     | live_articles:fetch_trending:319 - Trending: Total fetched 25 articles.
2026-04-02 20:16:38 | INFO     | live_articles:search_articles:228 - Article Search: 'scnt' | Page: 1
2026-04-02 20:16:38 | INFO     | live_articles:search_articles:237 - Adding PubMed task for 'scnt'
2026-04-02 20:16:38 | INFO     | live_articles:search_articles:247 - Adding Wikipedia task for 'scnt'
2026-04-02 20:16:38 | INFO     | live_articles:fetch_pubmed:105 - PubMed: Searching for 'scnt AND ("Biology"[MeSH Major Topic] OR "Biology"[Title/Abstract])' (retmax=10)
2026-04-02 20:16:39 | INFO     | live_articles:fetch_pubmed:115 - PubMed search returned 10 IDs (Total: 57)
2026-04-02 20:16:41 | INFO     | live_articles:fetch_pubmed:164 - PubMed: Successfully parsed 10 articles.
2026-04-02 20:16:41 | INFO     | live_articles:search_articles:273 - Source 0 returned 10 articles (Total in source: 57)
2026-04-02 20:16:41 | INFO     | live_articles:search_articles:277 - Wikipedia returned 0 articles
2026-04-02 20:16:44 | INFO     | live_articles:search_articles:228 - Article Search: 'scnt' | Page: 1
2026-04-02 20:16:44 | INFO     | live_articles:search_articles:237 - Adding PubMed task for 'scnt'
2026-04-02 20:16:44 | INFO     | live_articles:search_articles:247 - Adding Wikipedia task for 'scnt'
2026-04-02 20:16:44 | INFO     | live_articles:fetch_pubmed:105 - PubMed: Searching for 'scnt AND ("Biology"[MeSH Major Topic] OR "Biology"[Title/Abstract])' (retmax=10)
2026-04-02 20:16:45 | INFO     | live_articles:fetch_pubmed:115 - PubMed search returned 10 IDs (Total: 57)
2026-04-02 20:16:47 | INFO     | live_articles:fetch_pubmed:164 - PubMed: Successfully parsed 10 articles.
2026-04-02 20:16:47 | INFO     | live_articles:search_articles:273 - Source 0 returned 10 articles (Total in source: 57)
2026-04-02 20:16:47 | INFO     | live_articles:search_articles:277 - Wikipedia returned 0 articles
2026-04-02 20:16:49 | INFO     | live_articles:search_articles:228 - Article Search: 'scnt' | Page: 1
2026-04-02 20:16:49 | INFO     | live_articles:search_articles:237 - Adding PubMed task for 'scnt'
2026-04-02 20:16:49 | INFO     | live_articles:search_articles:247 - Adding Wikipedia task for 'scnt'
2026-04-02 20:16:49 | INFO     | live_articles:fetch_pubmed:105 - PubMed: Searching for 'scnt AND ("Biology"[MeSH Major Topic] OR "Biology"[Title/Abstract])' (retmax=10)
2026-04-02 20:16:49 | INFO     | live_articles:fetch_pubmed:115 - PubMed search returned 10 IDs (Total: 57)
2026-04-02 20:16:50 | INFO     | live_articles:fetch_pubmed:164 - PubMed: Successfully parsed 10 articles.
2026-04-02 20:16:50 | INFO     | live_articles:search_articles:273 - Source 0 returned 10 articles (Total in source: 57)
2026-04-02 20:16:50 | INFO     | live_articles:search_articles:277 - Wikipedia returned 0 articles
2026-04-02 20:17:04 | INFO     | live_articles:search_articles:228 - Article Search: 'scnt' | Page: 1
2026-04-02 20:17:04 | INFO     | live_articles:search_articles:237 - Adding PubMed task for 'scnt'
2026-04-02 20:17:04 | INFO     | live_articles:search_articles:247 - Adding Wikipedia task for 'scnt'
2026-04-02 20:17:05 | INFO     | live_articles:search_articles:273 - Source 0 returned 10 articles (Total in source: 57)
2026-04-02 20:17:05 | INFO     | live_articles:search_articles:277 - Wikipedia returned 0 articles
2026-04-02 20:17:10 | INFO     | live_articles:search_articles:228 - Article Search: 'scnt' | Page: 2
2026-04-02 20:17:10 | INFO     | live_articles:search_articles:237 - Adding PubMed task for 'scnt'
2026-04-02 20:17:10 | INFO     | live_articles:fetch_pubmed:105 - PubMed: Searching for 'scnt AND ("Biology"[MeSH Major Topic] OR "Biology"[Title/Abstract])' (retmax=10)
2026-04-02 20:17:11 | INFO     | live_articles:fetch_pubmed:115 - PubMed search returned 10 IDs (Total: 57)
2026-04-02 20:17:13 | INFO     | live_articles:fetch_pubmed:164 - PubMed: Successfully parsed 10 articles.
2026-04-02 20:17:13 | INFO     | live_articles:search_articles:273 - Source 0 returned 10 articles (Total in source: 57)
2026-04-02 20:18:30 | INFO     | __main__:ask_question:76 - Question: tell me about this pdf | Hybrid: True | Book: 321644bc-038b-4f39-b9c7-cac7e38a79db
2026-04-02 20:19:44 | INFO     | __main__:ask_question:76 - Question: indian media | Hybrid: True | Book: 321644bc-038b-4f39-b9c7-cac7e38a79db
2026-04-02 20:44:33 | INFO     | faiss_store:load:46 - FAISS: Loaded 10460 vectors.
2026-04-02 20:44:34 | INFO     | __main__:startup_event:31 - SciAI PRODUCTION ENGINE STARTING...
2026-04-02 20:44:34 | INFO     | faiss_store:load:46 - FAISS: Loaded 10460 vectors.
2026-04-02 20:45:15 | INFO     | __main__:ask_question:76 - Question: tell me about indian media | Hybrid: True | Book: 321644bc-038b-4f39-b9c7-cac7e38a79db
2026-04-02 20:45:47 | INFO     | __main__:ask_question:76 - Question: and what is this pdf all about | Hybrid: True | Book: 321644bc-038b-4f39-b9c7-cac7e38a79db
2026-04-02 20:52:51 | INFO     | faiss_store:load:46 - FAISS: Loaded 10460 vectors.
2026-04-02 20:52:53 | INFO     | __main__:startup_event:31 - SciAI PRODUCTION ENGINE STARTING...
2026-04-02 20:52:53 | INFO     | faiss_store:load:46 - FAISS: Loaded 10460 vectors.
2026-04-02 20:54:18 | INFO     | pdf_processor:process_pdf:55 - PDF: Processed 406 chunks from temp/c3bc6f5a-1466-4a01-89b1-ef0e1f9b1fcc_100 Most Probable Questions 2020 Vol-I.pdf
2026-04-02 20:54:54 | INFO     | faiss_store:save:33 - FAISS: Saved 10865 vectors.
2026-04-02 20:54:54 | INFO     | __main__:ask_question:76 - Question: tell me about this pdf | Hybrid: True | Book: c3bc6f5a-1466-4a01-89b1-ef0e1f9b1fcc
2026-04-02 20:54:55 | INFO     | __main__:process_pdf_background:132 - Background: Completed c3bc6f5a-1466-4a01-89b1-ef0e1f9b1fcc processing.
2026-04-02 20:55:54 | INFO     | pdf_processor:process_pdf:55 - PDF: Processed 12 chunks from temp/00b209f9-7263-486a-89f0-6d210c349153_Zoology Strategy.pdf
2026-04-02 20:55:55 | INFO     | faiss_store:save:33 - FAISS: Saved 10877 vectors.
2026-04-02 20:55:55 | INFO     | __main__:process_pdf_background:132 - Background: Completed 00b209f9-7263-486a-89f0-6d210c349153 processing.
2026-04-02 20:56:26 | INFO     | __main__:ask_question:76 - Question: what is this pdf summary | Hybrid: True | Book: 00b209f9-7263-486a-89f0-6d210c349153
2026-04-02 20:56:30 | INFO     | __main__:ask_question:76 - Question: what is this pdf summary | Hybrid: True | Book: 00b209f9-7263-486a-89f0-6d210c349153
2026-04-02 20:56:47 | INFO     | __main__:ask_question:76 - Question: about this pdf | Hybrid: True | Book: 00b209f9-7263-486a-89f0-6d210c349153
2026-04-02 20:57:04 | INFO     | __main__:ask_question:76 - Question: about this pdf | Hybrid: True | Book: c3bc6f5a-1466-4a01-89b1-ef0e1f9b1fcc
2026-04-02 20:59:30 | INFO     | __main__:ask_question:76 - Question: zoology strategy | Hybrid: True | Book: 00b209f9-7263-486a-89f0-6d210c349153
2026-04-02 20:59:33 | INFO     | __main__:ask_question:76 - Question: zoology strategy | Hybrid: True | Book: 00b209f9-7263-486a-89f0-6d210c349153
2026-04-02 20:59:53 | INFO     | __main__:ask_question:76 - Question: zoology | Hybrid: True | Book: 00b209f9-7263-486a-89f0-6d210c349153
2026-04-02 20:59:56 | INFO     | __main__:ask_question:76 - Question: zoology | Hybrid: True | Book: 00b209f9-7263-486a-89f0-6d210c349153
2026-04-02 20:59:57 | INFO     | __main__:ask_question:76 - Question: zoology | Hybrid: True | Book: 00b209f9-7263-486a-89f0-6d210c349153
2026-04-02 21:00:16 | INFO     | live_articles:fetch_trending:304 - Fetching trending for topics: ['nanomaterials', 'graphene applications', 'neuroscience consciousness']
2026-04-02 21:00:17 | INFO     | live_articles:fetch_trending:308 - Trending: Starting parallel fetch for topics...
2026-04-02 21:00:17 | INFO     | live_articles:fetch_pubmed:105 - PubMed: Searching for 'nanomaterials' (retmax=10)
2026-04-02 21:00:18 | INFO     | live_articles:fetch_pubmed:115 - PubMed search returned 10 IDs (Total: 433242)
2026-04-02 21:00:19 | INFO     | live_articles:fetch_pubmed:164 - PubMed: Successfully parsed 10 articles.
2026-04-02 21:00:19 | INFO     | live_articles:fetch_trending:324 - Trending: Total fetched 45 articles.
2026-04-02 21:00:29 | INFO     | live_articles:search_articles:228 - Article Search: 'scnt' | Page: 1
2026-04-02 21:00:29 | INFO     | live_articles:search_articles:237 - Adding PubMed task for 'scnt'
2026-04-02 21:00:29 | INFO     | live_articles:search_articles:240 - Adding arXiv task for 'scnt'
2026-04-02 21:00:29 | INFO     | live_articles:search_articles:247 - Adding Wikipedia task for 'scnt'
2026-04-02 21:00:30 | INFO     | live_articles:search_articles:273 - Source 0 returned 10 articles (Total in source: 1866)
2026-04-02 21:00:30 | INFO     | live_articles:search_articles:273 - Source 1 returned 1 articles (Total in source: 1)
2026-04-02 21:00:30 | INFO     | live_articles:search_articles:277 - Wikipedia returned 0 articles
2026-04-02 21:00:31 | INFO     | live_articles:search_articles:228 - Article Search: 'scnt' | Page: 1
2026-04-02 21:00:31 | INFO     | live_articles:search_articles:237 - Adding PubMed task for 'scnt'
2026-04-02 21:00:31 | INFO     | live_articles:search_articles:240 - Adding arXiv task for 'scnt'
2026-04-02 21:00:31 | INFO     | live_articles:search_articles:247 - Adding Wikipedia task for 'scnt'
2026-04-02 21:00:31 | INFO     | live_articles:fetch_pubmed:105 - PubMed: Searching for 'scnt' (retmax=10)
2026-04-02 21:00:32 | INFO     | live_articles:fetch_pubmed:115 - PubMed search returned 10 IDs (Total: 1866)
2026-04-02 21:00:34 | INFO     | live_articles:fetch_pubmed:164 - PubMed: Successfully parsed 10 articles.
2026-04-02 21:00:34 | INFO     | live_articles:search_articles:273 - Source 0 returned 10 articles (Total in source: 1866)
2026-04-02 21:00:34 | INFO     | live_articles:search_articles:273 - Source 1 returned 1 articles (Total in source: 1)
2026-04-02 21:00:34 | INFO     | live_articles:search_articles:277 - Wikipedia returned 0 articles
2026-04-02 21:00:36 | INFO     | live_articles:search_articles:228 - Article Search: 'scnt' | Page: 1
2026-04-02 21:00:36 | INFO     | live_articles:search_articles:237 - Adding PubMed task for 'scnt'
2026-04-02 21:00:36 | INFO     | live_articles:search_articles:240 - Adding arXiv task for 'scnt'
2026-04-02 21:00:36 | INFO     | live_articles:search_articles:247 - Adding Wikipedia task for 'scnt'
2026-04-02 21:00:36 | INFO     | live_articles:fetch_pubmed:105 - PubMed: Searching for 'scnt' (retmax=10)
2026-04-02 21:00:36 | INFO     | live_articles:fetch_pubmed:115 - PubMed search returned 10 IDs (Total: 1866)
2026-04-02 21:00:38 | INFO     | live_articles:fetch_pubmed:164 - PubMed: Successfully parsed 10 articles.
2026-04-02 21:00:38 | INFO     | live_articles:search_articles:273 - Source 0 returned 10 articles (Total in source: 1866)
2026-04-02 21:00:38 | INFO     | live_articles:search_articles:273 - Source 1 returned 1 articles (Total in source: 1)
2026-04-02 21:00:38 | INFO     | live_articles:search_articles:277 - Wikipedia returned 0 articles
2026-04-02 21:01:21 | INFO     | __main__:ask_question:76 - Question: tell me about this pdf | Hybrid: True | Book: 00b209f9-7263-486a-89f0-6d210c349153
2026-04-02 21:01:24 | INFO     | __main__:ask_question:76 - Question: tell me about this pdf | Hybrid: True | Book: 00b209f9-7263-486a-89f0-6d210c349153
2026-04-02 21:01:25 | INFO     | __main__:ask_question:76 - Question: tell me about this pdf | Hybrid: True | Book: 00b209f9-7263-486a-89f0-6d210c349153
2026-04-02 21:01:27 | INFO     | __main__:ask_question:76 - Question: tell me about this pdf | Hybrid: True | Book: 00b209f9-7263-486a-89f0-6d210c349153
2026-04-02 21:02:20 | INFO     | __main__:ask_question:76 - Question: zoology strategy | Hybrid: True | Book: None
2026-04-02 21:02:20 | INFO     | live_articles:search_articles:228 - Article Search: 'zoology strategy' | Page: 1
2026-04-02 21:02:20 | INFO     | live_articles:search_articles:237 - Adding PubMed task for 'zoology strategy'
2026-04-02 21:02:20 | INFO     | live_articles:search_articles:240 - Adding arXiv task for 'zoology strategy'
2026-04-02 21:02:20 | INFO     | live_articles:search_articles:247 - Adding Wikipedia task for 'zoology strategy'
2026-04-02 21:02:20 | INFO     | live_articles:fetch_pubmed:105 - PubMed: Searching for 'zoology strategy' (retmax=10)
2026-04-02 21:02:21 | INFO     | live_articles:fetch_pubmed:115 - PubMed search returned 10 IDs (Total: 9242)
2026-04-02 21:02:22 | INFO     | live_articles:fetch_pubmed:164 - PubMed: Successfully parsed 10 articles.
2026-04-02 21:02:22 | INFO     | live_articles:search_articles:273 - Source 0 returned 10 articles (Total in source: 9242)
2026-04-02 21:02:22 | INFO     | live_articles:search_articles:273 - Source 1 returned 10 articles (Total in source: 139207)
2026-04-02 21:02:22 | INFO     | live_articles:search_articles:277 - Wikipedia returned 0 articles
2026-04-03 16:29:43 | INFO     | faiss_store:load:46 - FAISS: Loaded 10877 vectors.
2026-04-03 16:29:44 | INFO     | __main__:startup_event:31 - SciAI PRODUCTION ENGINE STARTING...
2026-04-03 16:29:44 | INFO     | faiss_store:load:46 - FAISS: Loaded 10877 vectors.
2026-04-03 16:39:13 | INFO     | faiss_store:load:46 - FAISS: Loaded 10877 vectors.
2026-04-03 16:39:14 | INFO     | __main__:startup_event:31 - SciAI PRODUCTION ENGINE STARTING...
2026-04-03 16:39:15 | INFO     | faiss_store:load:46 - FAISS: Loaded 10877 vectors.
2026-04-03 16:40:30 | INFO     | __main__:ask_question:76 - Question: what is the summary of this pdf | Hybrid: True | Book: 00b209f9-7263-486a-89f0-6d210c349153
2026-04-03 16:40:36 | INFO     | __main__:ask_question:76 - Question: what is the summary of this pdf | Hybrid: True | Book: 00b209f9-7263-486a-89f0-6d210c349153
2026-04-03 16:40:38 | INFO     | __main__:ask_question:76 - Question: what is the summary of this pdf | Hybrid: True | Book: 00b209f9-7263-486a-89f0-6d210c349153
2026-04-03 16:40:39 | INFO     | __main__:ask_question:76 - Question: what is the summary of this pdf | Hybrid: True | Book: 00b209f9-7263-486a-89f0-6d210c349153
2026-04-03 16:40:41 | INFO     | __main__:ask_question:76 - Question: what is the summary of this pdf | Hybrid: True | Book: 00b209f9-7263-486a-89f0-6d210c349153
2026-04-03 16:41:01 | INFO     | __main__:ask_question:76 - Question: summary | Hybrid: True | Book: c3bc6f5a-1466-4a01-89b1-ef0e1f9b1fcc
2026-04-03 16:41:16 | INFO     | live_articles:fetch_trending:304 - Fetching trending for topics: ['cancer immunotherapy', 'stem cell therapy', 'protein folding']
2026-04-03 16:41:16 | INFO     | live_articles:fetch_trending:308 - Trending: Starting parallel fetch for topics...
2026-04-03 16:41:16 | INFO     | live_articles:fetch_pubmed:105 - PubMed: Searching for 'cancer immunotherapy' (retmax=10)
2026-04-03 16:41:16 | INFO     | live_articles:fetch_pubmed:105 - PubMed: Searching for 'stem cell therapy' (retmax=10)
2026-04-03 16:41:16 | INFO     | live_articles:fetch_pubmed:105 - PubMed: Searching for 'protein folding' (retmax=10)
2026-04-03 16:41:18 | INFO     | live_articles:fetch_pubmed:115 - PubMed search returned 10 IDs (Total: 98744)
2026-04-03 16:41:18 | INFO     | live_articles:fetch_pubmed:115 - PubMed search returned 10 IDs (Total: 197669)
2026-04-03 16:41:18 | INFO     | live_articles:fetch_pubmed:115 - PubMed search returned 10 IDs (Total: 224422)
2026-04-03 16:41:18 | ERROR    | live_articles:fetch_pubmed:169 - PubMed efetch failed with status 429
2026-04-03 16:41:18 | ERROR    | live_articles:fetch_pubmed:169 - PubMed efetch failed with status 429
2026-04-03 16:41:18 | ERROR    | live_articles:fetch_pubmed:169 - PubMed efetch failed with status 429
2026-04-03 16:41:18 | INFO     | live_articles:fetch_trending:324 - Trending: Total fetched 15 articles.
2026-04-03 16:42:14 | INFO     | live_articles:fetch_trending:304 - Fetching trending for topics: ['mRNA vaccine', 'stem cell therapy', 'quantum computing']
2026-04-03 16:42:14 | INFO     | live_articles:fetch_trending:308 - Trending: Starting parallel fetch for topics...
2026-04-03 16:42:14 | INFO     | live_articles:fetch_pubmed:105 - PubMed: Searching for 'mRNA vaccine' (retmax=10)
2026-04-03 16:42:14 | INFO     | live_articles:fetch_pubmed:105 - PubMed: Searching for 'stem cell therapy' (retmax=10)
2026-04-03 16:42:14 | INFO     | live_articles:fetch_pubmed:105 - PubMed: Searching for 'quantum computing' (retmax=10)
2026-04-03 16:42:15 | INFO     | live_articles:fetch_pubmed:115 - PubMed search returned 10 IDs (Total: 21243)
2026-04-03 16:42:15 | INFO     | live_articles:fetch_pubmed:115 - PubMed search returned 10 IDs (Total: 51099)
2026-04-03 16:42:15 | INFO     | live_articles:fetch_pubmed:115 - PubMed search returned 10 IDs (Total: 197669)
2026-04-03 16:42:15 | ERROR    | live_articles:fetch_pubmed:169 - PubMed efetch failed with status 429
2026-04-03 16:42:15 | ERROR    | live_articles:fetch_pubmed:169 - PubMed efetch failed with status 429
2026-04-03 16:42:15 | ERROR    | live_articles:fetch_pubmed:169 - PubMed efetch failed with status 429
2026-04-03 16:42:16 | INFO     | live_articles:fetch_trending:324 - Trending: Total fetched 15 articles.
2026-04-03 16:42:52 | INFO     | live_articles:search_articles:228 - Article Search: 'apoptosis' | Page: 1
2026-04-03 16:42:52 | INFO     | live_articles:search_articles:237 - Adding PubMed task for 'apoptosis'
2026-04-03 16:42:52 | INFO     | live_articles:search_articles:240 - Adding arXiv task for 'apoptosis'
2026-04-03 16:42:52 | INFO     | live_articles:search_articles:247 - Adding Wikipedia task for 'apoptosis'
2026-04-03 16:42:52 | INFO     | live_articles:fetch_pubmed:105 - PubMed: Searching for 'apoptosis' (retmax=10)
2026-04-03 16:42:53 | INFO     | live_articles:fetch_pubmed:115 - PubMed search returned 10 IDs (Total: 627427)
2026-04-03 16:42:54 | INFO     | live_articles:fetch_pubmed:164 - PubMed: Successfully parsed 10 articles.
2026-04-03 16:42:54 | INFO     | live_articles:search_articles:273 - Source 0 returned 10 articles (Total in source: 627427)
2026-04-03 16:42:54 | INFO     | live_articles:search_articles:273 - Source 1 returned 10 articles (Total in source: 231)
2026-04-03 16:42:54 | INFO     | live_articles:search_articles:277 - Wikipedia returned 0 articles
2026-04-03 16:43:14 | INFO     | live_articles:search_articles:228 - Article Search: 'apoptosis' | Page: 1
2026-04-03 16:43:14 | INFO     | live_articles:search_articles:237 - Adding PubMed task for 'apoptosis'
2026-04-03 16:43:14 | INFO     | live_articles:search_articles:240 - Adding arXiv task for 'apoptosis'
2026-04-03 16:43:14 | INFO     | live_articles:search_articles:247 - Adding Wikipedia task for 'apoptosis'
2026-04-03 16:43:14 | INFO     | live_articles:fetch_pubmed:105 - PubMed: Searching for 'apoptosis' (retmax=10)
2026-04-03 16:43:15 | INFO     | live_articles:fetch_pubmed:115 - PubMed search returned 10 IDs (Total: 627427)
2026-04-03 16:43:16 | INFO     | live_articles:fetch_pubmed:164 - PubMed: Successfully parsed 10 articles.
2026-04-03 16:43:16 | INFO     | live_articles:search_articles:273 - Source 0 returned 10 articles (Total in source: 627427)
2026-04-03 16:43:16 | INFO     | live_articles:search_articles:273 - Source 1 returned 10 articles (Total in source: 231)
2026-04-03 16:43:16 | INFO     | live_articles:search_articles:277 - Wikipedia returned 0 articles
2026-04-03 16:43:19 | INFO     | live_articles:search_articles:228 - Article Search: 'apoptosis' | Page: 1
2026-04-03 16:43:19 | INFO     | live_articles:search_articles:237 - Adding PubMed task for 'apoptosis'
2026-04-03 16:43:19 | INFO     | live_articles:search_articles:240 - Adding arXiv task for 'apoptosis'
2026-04-03 16:43:19 | INFO     | live_articles:search_articles:247 - Adding Wikipedia task for 'apoptosis'
2026-04-03 16:43:19 | INFO     | live_articles:fetch_pubmed:105 - PubMed: Searching for 'apoptosis' (retmax=10)
2026-04-03 16:43:20 | ERROR    | live_articles:fetch_pubmed:171 - PubMed final error: RemoteProtocolError: Server disconnected without sending a response.
2026-04-03 16:43:20 | INFO     | live_articles:search_articles:273 - Source 0 returned 0 articles (Total in source: 0)
2026-04-03 16:43:20 | INFO     | live_articles:search_articles:273 - Source 1 returned 10 articles (Total in source: 231)
2026-04-03 16:43:20 | INFO     | live_articles:search_articles:277 - Wikipedia returned 0 articles
2026-04-03 16:43:29 | INFO     | live_articles:search_articles:228 - Article Search: 'apoptosis' | Page: 1
2026-04-03 16:43:29 | INFO     | live_articles:search_articles:237 - Adding PubMed task for 'apoptosis'
2026-04-03 16:43:29 | INFO     | live_articles:search_articles:240 - Adding arXiv task for 'apoptosis'
2026-04-03 16:43:29 | INFO     | live_articles:search_articles:247 - Adding Wikipedia task for 'apoptosis'
2026-04-03 16:43:29 | INFO     | live_articles:search_articles:273 - Source 0 returned 10 articles (Total in source: 627427)
2026-04-03 16:43:29 | INFO     | live_articles:search_articles:273 - Source 1 returned 10 articles (Total in source: 231)
2026-04-03 16:43:29 | INFO     | live_articles:search_articles:277 - Wikipedia returned 0 articles
2026-04-03 16:43:32 | INFO     | live_articles:search_articles:228 - Article Search: 'apoptosis' | Page: 1
2026-04-03 16:43:32 | INFO     | live_articles:search_articles:237 - Adding PubMed task for 'apoptosis'
2026-04-03 16:43:32 | INFO     | live_articles:search_articles:240 - Adding arXiv task for 'apoptosis'
2026-04-03 16:43:32 | INFO     | live_articles:search_articles:247 - Adding Wikipedia task for 'apoptosis'
2026-04-03 16:43:32 | INFO     | live_articles:fetch_pubmed:105 - PubMed: Searching for 'apoptosis' (retmax=10)
2026-04-03 16:43:34 | INFO     | live_articles:fetch_pubmed:115 - PubMed search returned 10 IDs (Total: 627427)
2026-04-03 16:43:35 | INFO     | live_articles:fetch_pubmed:164 - PubMed: Successfully parsed 10 articles.
2026-04-03 16:43:35 | INFO     | live_articles:search_articles:273 - Source 0 returned 10 articles (Total in source: 627427)
2026-04-03 16:43:35 | INFO     | live_articles:search_articles:273 - Source 1 returned 10 articles (Total in source: 231)
2026-04-03 16:43:35 | INFO     | live_articles:search_articles:277 - Wikipedia returned 0 articles
2026-04-03 16:43:55 | INFO     | live_articles:search_articles:228 - Article Search: 'apoptosis' | Page: 1
2026-04-03 16:43:55 | INFO     | live_articles:search_articles:237 - Adding PubMed task for 'apoptosis'
2026-04-03 16:43:55 | INFO     | live_articles:search_articles:240 - Adding arXiv task for 'apoptosis'
2026-04-03 16:43:55 | INFO     | live_articles:search_articles:247 - Adding Wikipedia task for 'apoptosis'
2026-04-03 16:43:55 | INFO     | live_articles:search_articles:273 - Source 0 returned 10 articles (Total in source: 627427)
2026-04-03 16:43:55 | INFO     | live_articles:search_articles:273 - Source 1 returned 10 articles (Total in source: 231)
2026-04-03 16:43:55 | INFO     | live_articles:search_articles:277 - Wikipedia returned 0 articles
2026-04-03 16:44:04 | INFO     | live_articles:search_articles:228 - Article Search: 'apoptosis' | Page: 2
2026-04-03 16:44:04 | INFO     | live_articles:search_articles:237 - Adding PubMed task for 'apoptosis'
2026-04-03 16:44:04 | INFO     | live_articles:search_articles:240 - Adding arXiv task for 'apoptosis'
2026-04-03 16:44:04 | INFO     | live_articles:fetch_pubmed:105 - PubMed: Searching for 'apoptosis' (retmax=10)
2026-04-03 16:44:05 | INFO     | live_articles:fetch_pubmed:115 - PubMed search returned 10 IDs (Total: 627427)
2026-04-03 16:44:06 | INFO     | live_articles:fetch_pubmed:164 - PubMed: Successfully parsed 10 articles.
2026-04-03 16:44:06 | INFO     | live_articles:search_articles:273 - Source 0 returned 10 articles (Total in source: 627427)
2026-04-03 16:44:06 | INFO     | live_articles:search_articles:273 - Source 1 returned 10 articles (Total in source: 231)
2026-04-03 16:44:19 | INFO     | live_articles:search_articles:228 - Article Search: 'apoptosis' | Page: 1
2026-04-03 16:44:19 | INFO     | live_articles:search_articles:237 - Adding PubMed task for 'apoptosis'
2026-04-03 16:44:19 | INFO     | live_articles:search_articles:240 - Adding arXiv task for 'apoptosis'
2026-04-03 16:44:19 | INFO     | live_articles:search_articles:247 - Adding Wikipedia task for 'apoptosis'
2026-04-03 16:44:19 | INFO     | live_articles:search_articles:273 - Source 0 returned 10 articles (Total in source: 627427)
2026-04-03 16:44:19 | INFO     | live_articles:search_articles:273 - Source 1 returned 10 articles (Total in source: 231)
2026-04-03 16:44:19 | INFO     | live_articles:search_articles:277 - Wikipedia returned 0 articles
2026-04-03 16:44:46 | INFO     | live_articles:search_articles:228 - Article Search: 'apoptosis' | Page: 1
2026-04-03 16:44:46 | INFO     | live_articles:search_articles:237 - Adding PubMed task for 'apoptosis'
2026-04-03 16:44:46 | INFO     | live_articles:search_articles:240 - Adding arXiv task for 'apoptosis'
2026-04-03 16:44:46 | INFO     | live_articles:search_articles:247 - Adding Wikipedia task for 'apoptosis'
2026-04-03 16:44:47 | INFO     | live_articles:search_articles:273 - Source 0 returned 10 articles (Total in source: 627427)
2026-04-03 16:44:47 | INFO     | live_articles:search_articles:273 - Source 1 returned 10 articles (Total in source: 231)
2026-04-03 16:44:47 | INFO     | live_articles:search_articles:277 - Wikipedia returned 0 articles
2026-04-03 16:44:55 | INFO     | live_articles:search_articles:228 - Article Search: 'apoptosis' | Page: 1
2026-04-03 16:44:55 | INFO     | live_articles:search_articles:237 - Adding PubMed task for 'apoptosis'
2026-04-03 16:44:55 | INFO     | live_articles:search_articles:240 - Adding arXiv task for 'apoptosis'
2026-04-03 16:44:55 | INFO     | live_articles:search_articles:247 - Adding Wikipedia task for 'apoptosis'
2026-04-03 16:44:55 | INFO     | live_articles:fetch_pubmed:105 - PubMed: Searching for 'apoptosis AND ("Chemistry"[MeSH Major Topic] OR "Chemistry"[Title/Abstract])' (retmax=10)
2026-04-03 16:44:56 | INFO     | live_articles:fetch_pubmed:115 - PubMed search returned 10 IDs (Total: 4375)
2026-04-03 16:44:57 | INFO     | live_articles:fetch_pubmed:164 - PubMed: Successfully parsed 10 articles.
2026-04-03 16:44:57 | INFO     | live_articles:search_articles:273 - Source 0 returned 10 articles (Total in source: 4375)
2026-04-03 16:44:57 | INFO     | live_articles:search_articles:273 - Source 1 returned 0 articles (Total in source: 0)
2026-04-03 16:44:57 | INFO     | live_articles:search_articles:277 - Wikipedia returned 0 articles
2026-04-03 16:45:05 | INFO     | live_articles:search_articles:228 - Article Search: 'apoptosis' | Page: 1
2026-04-03 16:45:05 | INFO     | live_articles:search_articles:237 - Adding PubMed task for 'apoptosis'
2026-04-03 16:45:05 | INFO     | live_articles:search_articles:240 - Adding arXiv task for 'apoptosis'
2026-04-03 16:45:05 | INFO     | live_articles:search_articles:247 - Adding Wikipedia task for 'apoptosis'
2026-04-03 16:45:06 | INFO     | live_articles:search_articles:273 - Source 0 returned 10 articles (Total in source: 4375)
2026-04-03 16:45:06 | INFO     | live_articles:search_articles:273 - Source 1 returned 0 articles (Total in source: 0)
2026-04-03 16:45:06 | INFO     | live_articles:search_articles:277 - Wikipedia returned 0 articles
2026-04-03 16:45:08 | INFO     | live_articles:search_articles:228 - Article Search: 'apoptosis' | Page: 1
2026-04-03 16:45:08 | INFO     | live_articles:search_articles:240 - Adding arXiv task for 'apoptosis'
2026-04-03 16:45:08 | INFO     | live_articles:search_articles:247 - Adding Wikipedia task for 'apoptosis'
2026-04-03 16:45:08 | INFO     | live_articles:search_articles:273 - Source 0 returned 0 articles (Total in source: 0)
2026-04-03 16:45:08 | INFO     | live_articles:search_articles:277 - Wikipedia returned 0 articles
2026-04-03 16:45:12 | INFO     | live_articles:search_articles:228 - Article Search: 'apoptosis' | Page: 1
2026-04-03 16:45:12 | INFO     | live_articles:search_articles:240 - Adding arXiv task for 'apoptosis'
2026-04-03 16:45:12 | INFO     | live_articles:search_articles:247 - Adding Wikipedia task for 'apoptosis'
2026-04-03 16:45:13 | INFO     | live_articles:search_articles:273 - Source 0 returned 0 articles (Total in source: 0)
2026-04-03 16:45:13 | INFO     | live_articles:search_articles:277 - Wikipedia returned 0 articles
2026-04-03 16:45:14 | INFO     | live_articles:search_articles:228 - Article Search: 'apoptosis' | Page: 1
2026-04-03 16:45:14 | INFO     | live_articles:search_articles:240 - Adding arXiv task for 'apoptosis'
2026-04-03 16:45:14 | INFO     | live_articles:search_articles:247 - Adding Wikipedia task for 'apoptosis'
2026-04-03 16:45:14 | INFO     | live_articles:search_articles:273 - Source 0 returned 0 articles (Total in source: 0)
2026-04-03 16:45:14 | INFO     | live_articles:search_articles:277 - Wikipedia returned 0 articles
2026-04-03 16:46:00 | INFO     | __main__:ask_question:76 - Question: zoology strategy pdf summary | Hybrid: True | Book: 00b209f9-7263-486a-89f0-6d210c349153
2026-04-03 16:50:05 | INFO     | __main__:ask_question:76 - Question: cell cycle and zoology strategy | Hybrid: True | Book: None
2026-04-03 16:50:05 | INFO     | live_articles:search_articles:228 - Article Search: 'cell cycle and zoology strategy' | Page: 1
2026-04-03 16:50:05 | INFO     | live_articles:search_articles:237 - Adding PubMed task for 'cell cycle and zoology strategy'
2026-04-03 16:50:05 | INFO     | live_articles:search_articles:240 - Adding arXiv task for 'cell cycle and zoology strategy'
2026-04-03 16:50:05 | INFO     | live_articles:search_articles:247 - Adding Wikipedia task for 'cell cycle and zoology strategy'
2026-04-03 16:50:05 | INFO     | live_articles:fetch_pubmed:105 - PubMed: Searching for 'cell cycle and zoology strategy' (retmax=10)
2026-04-03 16:50:06 | INFO     | live_articles:fetch_pubmed:115 - PubMed search returned 10 IDs (Total: 191)
2026-04-03 16:50:08 | INFO     | live_articles:fetch_pubmed:164 - PubMed: Successfully parsed 10 articles.
2026-04-03 16:50:08 | INFO     | live_articles:search_articles:273 - Source 0 returned 10 articles (Total in source: 191)
2026-04-03 16:50:08 | INFO     | live_articles:search_articles:273 - Source 1 returned 10 articles (Total in source: 230277)
2026-04-03 16:50:08 | INFO     | live_articles:search_articles:277 - Wikipedia returned 0 articles
2026-04-03 16:53:12 | INFO     | __main__:ask_question:76 - Question: zoology optional stratergy is written by | Hybrid: True | Book: None
2026-04-03 16:53:13 | INFO     | live_articles:search_articles:228 - Article Search: 'zoology optional stratergy is written by' | Page: 1
2026-04-03 16:53:13 | INFO     | live_articles:search_articles:237 - Adding PubMed task for 'zoology optional stratergy is written by'
2026-04-03 16:53:13 | INFO     | live_articles:search_articles:240 - Adding arXiv task for 'zoology optional stratergy is written by'
2026-04-03 16:53:13 | INFO     | live_articles:search_articles:247 - Adding Wikipedia task for 'zoology optional stratergy is written by'
2026-04-03 16:53:13 | INFO     | live_articles:fetch_pubmed:105 - PubMed: Searching for 'zoology optional stratergy is written by' (retmax=10)
2026-04-03 16:53:14 | INFO     | live_articles:fetch_pubmed:115 - PubMed search returned 0 IDs (Total: 0)
2026-04-03 16:53:15 | INFO     | live_articles:search_articles:273 - Source 0 returned 0 articles (Total in source: 0)
2026-04-03 16:53:15 | INFO     | live_articles:search_articles:273 - Source 1 returned 10 articles (Total in source: 37081)
2026-04-03 16:53:15 | INFO     | live_articles:search_articles:277 - Wikipedia returned 0 articles
2026-04-03 16:53:42 | INFO     | __main__:ask_question:76 - Question: zoology optional stratergy | Hybrid: True | Book: None
2026-04-03 16:53:42 | INFO     | live_articles:search_articles:228 - Article Search: 'zoology optional stratergy' | Page: 1
2026-04-03 16:53:42 | INFO     | live_articles:search_articles:237 - Adding PubMed task for 'zoology optional stratergy'
2026-04-03 16:53:42 | INFO     | live_articles:search_articles:240 - Adding arXiv task for 'zoology optional stratergy'
2026-04-03 16:53:42 | INFO     | live_articles:search_articles:247 - Adding Wikipedia task for 'zoology optional stratergy'
2026-04-03 16:53:42 | INFO     | live_articles:fetch_pubmed:105 - PubMed: Searching for 'zoology optional stratergy' (retmax=10)
2026-04-03 16:53:43 | INFO     | live_articles:fetch_pubmed:115 - PubMed search returned 0 IDs (Total: 0)
2026-04-03 16:53:43 | INFO     | live_articles:search_articles:273 - Source 0 returned 0 articles (Total in source: 0)
2026-04-03 16:53:43 | INFO     | live_articles:search_articles:273 - Source 1 returned 10 articles (Total in source: 15509)
2026-04-03 16:53:43 | INFO     | live_articles:search_articles:277 - Wikipedia returned 0 articles
2026-04-03 17:01:53 | INFO     | __main__:ask_question:76 - Question: zoology stratergy | Hybrid: True | Book: 00b209f9-7263-486a-89f0-6d210c349153
2026-04-03 17:30:28 | INFO     | __main__:ask_question:76 - Question: about this pdf | Hybrid: True | Book: 00b209f9-7263-486a-89f0-6d210c349153
2026-04-03 17:33:11 | INFO     | faiss_store:load:46 - FAISS: Loaded 10877 vectors.
2026-04-03 17:33:12 | INFO     | __main__:startup_event:31 - SciAI PRODUCTION ENGINE STARTING...
2026-04-03 17:33:12 | INFO     | faiss_store:load:46 - FAISS: Loaded 10877 vectors.
2026-04-03 17:35:06 | INFO     | pdf_processor:process_pdf:33 - PDF Extraction: Extracted 5762 characters from temp/c4f5867b-26a9-4eef-9956-e6c10be1246a_Forestry Strategy.pdf
2026-04-03 17:35:06 | INFO     | pdf_processor:process_pdf:58 - PDF: Processed 9 chunks from temp/c4f5867b-26a9-4eef-9956-e6c10be1246a_Forestry Strategy.pdf
2026-04-03 17:35:07 | INFO     | faiss_store:save:33 - FAISS: Saved 10886 vectors.
2026-04-03 17:35:07 | INFO     | __main__:process_pdf_background:128 - Book Indexing: Updated preview for c4f5867b-26a9-4eef-9956-e6c10be1246a with 9 chunks.
2026-04-03 17:35:07 | INFO     | __main__:process_pdf_background:134 - Background: Completed c4f5867b-26a9-4eef-9956-e6c10be1246a processing.
2026-04-03 17:35:33 | INFO     | __main__:ask_question:76 - Question: what is this pdf about | Hybrid: True | Book: c4f5867b-26a9-4eef-9956-e6c10be1246a
2026-04-03 17:35:33 | INFO     | faiss_store:search:115 - FAISS Search: query='what is this pdf about...', search_k=10886, ntotal=10886
2026-04-03 17:35:33 | INFO     | faiss_store:search:142 - FAISS Search: Matches for book_id=c4f5867b-26a9-4eef-9956-e6c10be1246a: 0
2026-04-03 17:35:52 | INFO     | __main__:ask_question:76 - Question: about this pdf | Hybrid: True | Book: c3bc6f5a-1466-4a01-89b1-ef0e1f9b1fcc
2026-04-03 17:35:52 | INFO     | faiss_store:search:115 - FAISS Search: query='about this pdf...', search_k=10886, ntotal=10886
2026-04-03 17:35:52 | INFO     | faiss_store:search:142 - FAISS Search: Matches for book_id=c3bc6f5a-1466-4a01-89b1-ef0e1f9b1fcc: 354
2026-04-03 17:35:56 | INFO     | __main__:ask_question:76 - Question: about this pdf | Hybrid: True | Book: c3bc6f5a-1466-4a01-89b1-ef0e1f9b1fcc
2026-04-03 17:35:56 | INFO     | faiss_store:search:115 - FAISS Search: query='about this pdf...', search_k=10886, ntotal=10886
2026-04-03 17:35:56 | INFO     | faiss_store:search:142 - FAISS Search: Matches for book_id=c3bc6f5a-1466-4a01-89b1-ef0e1f9b1fcc: 354
2026-04-03 17:35:57 | INFO     | __main__:ask_question:76 - Question: about this pdf | Hybrid: True | Book: c3bc6f5a-1466-4a01-89b1-ef0e1f9b1fcc
2026-04-03 17:35:57 | INFO     | faiss_store:search:115 - FAISS Search: query='about this pdf...', search_k=10886, ntotal=10886
2026-04-03 17:35:57 | INFO     | faiss_store:search:142 - FAISS Search: Matches for book_id=c3bc6f5a-1466-4a01-89b1-ef0e1f9b1fcc: 354
2026-04-03 17:35:58 | INFO     | __main__:ask_question:76 - Question: about this pdf | Hybrid: True | Book: c3bc6f5a-1466-4a01-89b1-ef0e1f9b1fcc
2026-04-03 17:35:58 | INFO     | faiss_store:search:115 - FAISS Search: query='about this pdf...', search_k=10886, ntotal=10886
2026-04-03 17:35:58 | INFO     | faiss_store:search:142 - FAISS Search: Matches for book_id=c3bc6f5a-1466-4a01-89b1-ef0e1f9b1fcc: 354
2026-04-03 17:35:59 | INFO     | __main__:ask_question:76 - Question: about this pdf | Hybrid: True | Book: c3bc6f5a-1466-4a01-89b1-ef0e1f9b1fcc
2026-04-03 17:35:59 | INFO     | faiss_store:search:115 - FAISS Search: query='about this pdf...', search_k=10886, ntotal=10886
2026-04-03 17:35:59 | INFO     | faiss_store:search:142 - FAISS Search: Matches for book_id=c3bc6f5a-1466-4a01-89b1-ef0e1f9b1fcc: 354
2026-04-03 17:36:06 | INFO     | live_articles:fetch_trending:304 - Fetching trending for topics: ['nanomaterials', 'dark matter detection', 'artificial intelligence drug discovery']
2026-04-03 17:36:07 | INFO     | live_articles:fetch_trending:308 - Trending: Starting parallel fetch for topics...
2026-04-03 17:36:07 | INFO     | live_articles:fetch_pubmed:105 - PubMed: Searching for 'nanomaterials' (retmax=10)
2026-04-03 17:36:07 | INFO     | live_articles:fetch_pubmed:105 - PubMed: Searching for 'dark matter detection' (retmax=10)
2026-04-03 17:36:07 | INFO     | live_articles:fetch_pubmed:105 - PubMed: Searching for 'artificial intelligence drug discovery' (retmax=10)
2026-04-03 17:36:08 | INFO     | live_articles:fetch_pubmed:115 - PubMed search returned 10 IDs (Total: 433337)
2026-04-03 17:36:08 | INFO     | live_articles:fetch_pubmed:115 - PubMed search returned 10 IDs (Total: 9632)
2026-04-03 17:36:08 | INFO     | live_articles:fetch_pubmed:115 - PubMed search returned 10 IDs (Total: 1037)
2026-04-03 17:36:08 | ERROR    | live_articles:fetch_pubmed:169 - PubMed efetch failed with status 429
2026-04-03 17:36:08 | ERROR    | live_articles:fetch_pubmed:169 - PubMed efetch failed with status 429
2026-04-03 17:36:08 | ERROR    | live_articles:fetch_pubmed:169 - PubMed efetch failed with status 429
2026-04-03 17:36:22 | ERROR    | live_articles:fetch_arxiv:222 - arXiv API error: 
2026-04-03 17:36:22 | ERROR    | live_articles:fetch_arxiv:222 - arXiv API error: 
2026-04-03 17:36:22 | ERROR    | live_articles:fetch_arxiv:222 - arXiv API error: 
2026-04-03 17:36:22 | INFO     | live_articles:fetch_trending:324 - Trending: Total fetched 0 articles.
2026-04-03 17:36:22 | WARNING  | live_articles:fetch_trending:328 - Trending: No articles found. Trying fallback broad topics...
2026-04-03 17:36:22 | INFO     | live_articles:fetch_pubmed:105 - PubMed: Searching for 'science research' (retmax=10)
2026-04-03 17:36:23 | INFO     | live_articles:fetch_pubmed:115 - PubMed search returned 10 IDs (Total: 6121219)
2026-04-03 17:36:24 | INFO     | live_articles:fetch_pubmed:164 - PubMed: Successfully parsed 10 articles.
2026-04-03 17:36:49 | INFO     | __main__:ask_question:76 - Question: indian media | Hybrid: True | Book: None
2026-04-03 17:36:49 | INFO     | faiss_store:search:115 - FAISS Search: query='indian media...', search_k=25, ntotal=10886
2026-04-03 17:36:49 | INFO     | faiss_store:search:142 - FAISS Search: Matches for book_id=None: 7
2026-04-03 17:36:49 | INFO     | live_articles:search_articles:228 - Article Search: 'indian media' | Page: 1
2026-04-03 17:36:49 | INFO     | live_articles:search_articles:237 - Adding PubMed task for 'indian media'
2026-04-03 17:36:49 | INFO     | live_articles:search_articles:240 - Adding arXiv task for 'indian media'
2026-04-03 17:36:49 | INFO     | live_articles:search_articles:247 - Adding Wikipedia task for 'indian media'
2026-04-03 17:36:49 | INFO     | live_articles:fetch_pubmed:105 - PubMed: Searching for 'indian media' (retmax=10)
2026-04-03 17:36:50 | INFO     | live_articles:fetch_pubmed:115 - PubMed search returned 10 IDs (Total: 6634)
2026-04-03 17:36:52 | INFO     | live_articles:fetch_pubmed:164 - PubMed: Successfully parsed 10 articles.
2026-04-03 17:37:04 | ERROR    | live_articles:fetch_arxiv:222 - arXiv API error: 
2026-04-03 17:37:04 | INFO     | live_articles:search_articles:273 - Source 0 returned 10 articles (Total in source: 6634)
2026-04-03 17:37:04 | INFO     | live_articles:search_articles:273 - Source 1 returned 0 articles (Total in source: 0)
2026-04-03 17:37:04 | INFO     | live_articles:search_articles:277 - Wikipedia returned 0 articles
2026-04-03 17:37:08 | INFO     | __main__:ask_question:76 - Question: indian media | Hybrid: True | Book: None
2026-04-03 17:37:08 | INFO     | faiss_store:search:115 - FAISS Search: query='indian media...', search_k=25, ntotal=10886
2026-04-03 17:37:08 | INFO     | faiss_store:search:142 - FAISS Search: Matches for book_id=None: 7
2026-04-03 17:37:08 | INFO     | live_articles:search_articles:228 - Article Search: 'indian media' | Page: 1
2026-04-03 17:37:08 | INFO     | live_articles:search_articles:237 - Adding PubMed task for 'indian media'
2026-04-03 17:37:08 | INFO     | live_articles:search_articles:240 - Adding arXiv task for 'indian media'
2026-04-03 17:37:08 | INFO     | live_articles:search_articles:247 - Adding Wikipedia task for 'indian media'
2026-04-03 17:37:23 | ERROR    | live_articles:fetch_arxiv:222 - arXiv API error: 
2026-04-03 17:37:23 | INFO     | live_articles:search_articles:273 - Source 0 returned 10 articles (Total in source: 6634)
2026-04-03 17:37:23 | INFO     | live_articles:search_articles:273 - Source 1 returned 0 articles (Total in source: 0)
2026-04-03 17:37:23 | INFO     | live_articles:search_articles:277 - Wikipedia returned 0 articles
2026-04-03 17:38:25 | INFO     | __main__:ask_question:76 - Question: about this book | Hybrid: True | Book: c3bc6f5a-1466-4a01-89b1-ef0e1f9b1fcc
2026-04-03 17:38:25 | INFO     | faiss_store:search:115 - FAISS Search: query='about this book...', search_k=10886, ntotal=10886
2026-04-03 17:38:25 | INFO     | faiss_store:search:142 - FAISS Search: Matches for book_id=c3bc6f5a-1466-4a01-89b1-ef0e1f9b1fcc: 354
2026-04-03 17:41:35 | INFO     | __main__:ask_question:76 - Question: forestry | Hybrid: True | Book: c4f5867b-26a9-4eef-9956-e6c10be1246a
2026-04-03 17:41:35 | INFO     | faiss_store:search:115 - FAISS Search: query='forestry...', search_k=10886, ntotal=10886
2026-04-03 17:41:35 | INFO     | faiss_store:search:142 - FAISS Search: Matches for book_id=c4f5867b-26a9-4eef-9956-e6c10be1246a: 0
2026-04-03 18:01:41 | INFO     | faiss_store:load:46 - FAISS: Loaded 10886 vectors.
2026-04-03 18:01:42 | INFO     | __main__:startup_event:31 - SciAI PRODUCTION ENGINE STARTING...
2026-04-03 18:01:43 | INFO     | faiss_store:load:46 - FAISS: Loaded 10886 vectors.
2026-04-03 18:02:19 | INFO     | __main__:ask_question:76 - Question: tell me about this pdf | Hybrid: True | Book: 00b209f9-7263-486a-89f0-6d210c349153
2026-04-03 18:02:19 | INFO     | faiss_store:search:158 - FAISS Search: query='tell me about this pdf...', search_k=10886, ntotal=10886
2026-04-03 18:02:19 | INFO     | faiss_store:search:186 - FAISS Search: Matches for book_id=00b209f9-7263-486a-89f0-6d210c349153: 0
2026-04-03 18:02:36 | INFO     | __main__:ask_question:76 - Question: tell me about this pdf | Hybrid: True | Book: 00b209f9-7263-486a-89f0-6d210c349153
2026-04-03 18:02:36 | INFO     | faiss_store:search:158 - FAISS Search: query='tell me about this pdf...', search_k=10886, ntotal=10886
2026-04-03 18:02:36 | INFO     | faiss_store:search:186 - FAISS Search: Matches for book_id=00b209f9-7263-486a-89f0-6d210c349153: 0
2026-04-03 18:02:49 | INFO     | __main__:ask_question:76 - Question: about this pdf | Hybrid: True | Book: c3bc6f5a-1466-4a01-89b1-ef0e1f9b1fcc
2026-04-03 18:02:49 | INFO     | faiss_store:search:158 - FAISS Search: query='about this pdf...', search_k=10886, ntotal=10886
2026-04-03 18:02:50 | INFO     | faiss_store:search:186 - FAISS Search: Matches for book_id=c3bc6f5a-1466-4a01-89b1-ef0e1f9b1fcc: 354
2026-04-03 18:04:19 | INFO     | pdf_processor:process_pdf:33 - PDF Extraction: Extracted 274933 characters from temp/04839dc5-323b-49ac-b033-760a57792791_100 Most Probable Questions 2020 Vol-I.pdf
2026-04-03 18:04:19 | INFO     | pdf_processor:process_pdf:58 - PDF: Processed 406 chunks from temp/04839dc5-323b-49ac-b033-760a57792791_100 Most Probable Questions 2020 Vol-I.pdf
2026-04-03 18:04:41 | ERROR    | __main__:process_pdf_background:136 - Background process error for 04839dc5-323b-49ac-b033-760a57792791: Error in void __cdecl faiss::Index::add_with_ids(__int64,const float *,const __int64 *) at D:\a\faiss-wheels\faiss-wheels\third-party\faiss\faiss\Index.cpp:45: add_with_ids not implemented for this type of index
2026-04-03 18:04:55 | INFO     | live_articles:fetch_trending:304 - Fetching trending for topics: ['artificial intelligence drug discovery', 'stem cell therapy', 'dark matter detection']
2026-04-03 18:04:55 | INFO     | live_articles:fetch_trending:308 - Trending: Starting parallel fetch for topics...
2026-04-03 18:04:55 | INFO     | live_articles:fetch_pubmed:105 - PubMed: Searching for 'artificial intelligence drug discovery' (retmax=10)
2026-04-03 18:04:55 | INFO     | live_articles:fetch_pubmed:105 - PubMed: Searching for 'stem cell therapy' (retmax=10)
2026-04-03 18:04:55 | INFO     | live_articles:fetch_pubmed:105 - PubMed: Searching for 'dark matter detection' (retmax=10)
2026-04-03 18:04:57 | INFO     | live_articles:fetch_pubmed:115 - PubMed search returned 10 IDs (Total: 9632)
2026-04-03 18:04:57 | INFO     | live_articles:fetch_pubmed:115 - PubMed search returned 10 IDs (Total: 1037)
2026-04-03 18:04:57 | INFO     | live_articles:fetch_pubmed:115 - PubMed search returned 10 IDs (Total: 197669)
2026-04-03 18:04:57 | ERROR    | live_articles:fetch_pubmed:169 - PubMed efetch failed with status 429
2026-04-03 18:04:57 | ERROR    | live_articles:fetch_pubmed:169 - PubMed efetch failed with status 429
2026-04-03 18:04:57 | ERROR    | live_articles:fetch_pubmed:169 - PubMed efetch failed with status 429
2026-04-03 18:04:57 | INFO     | live_articles:fetch_trending:324 - Trending: Total fetched 15 articles.
2026-04-03 18:05:02 | INFO     | live_articles:fetch_trending:304 - Fetching trending for topics: ['CRISPR gene editing', 'graphene applications', 'mRNA vaccine']
2026-04-03 18:05:02 | INFO     | live_articles:fetch_trending:308 - Trending: Starting parallel fetch for topics...
2026-04-03 18:05:02 | INFO     | live_articles:fetch_pubmed:105 - PubMed: Searching for 'CRISPR gene editing' (retmax=10)
2026-04-03 18:05:02 | INFO     | live_articles:fetch_pubmed:105 - PubMed: Searching for 'graphene applications' (retmax=10)
2026-04-03 18:05:02 | INFO     | live_articles:fetch_pubmed:105 - PubMed: Searching for 'mRNA vaccine' (retmax=10)
2026-04-03 18:05:04 | INFO     | live_articles:fetch_pubmed:115 - PubMed search returned 10 IDs (Total: 24043)
2026-04-03 18:05:04 | INFO     | live_articles:fetch_pubmed:115 - PubMed search returned 10 IDs (Total: 35035)
2026-04-03 18:05:04 | INFO     | live_articles:fetch_pubmed:115 - PubMed search returned 10 IDs (Total: 21243)
2026-04-03 18:05:04 | ERROR    | live_articles:fetch_pubmed:169 - PubMed efetch failed with status 429
2026-04-03 18:05:04 | ERROR    | live_articles:fetch_pubmed:169 - PubMed efetch failed with status 429
2026-04-03 18:05:04 | ERROR    | live_articles:fetch_pubmed:169 - PubMed efetch failed with status 429
2026-04-03 18:05:04 | INFO     | live_articles:fetch_trending:324 - Trending: Total fetched 15 articles.
2026-04-03 18:05:04 | INFO     | live_articles:fetch_trending:304 - Fetching trending for topics: ['graphene applications', 'climate change mitigation', 'protein folding']
2026-04-03 18:05:04 | INFO     | live_articles:fetch_trending:308 - Trending: Starting parallel fetch for topics...
2026-04-03 18:05:04 | INFO     | live_articles:fetch_pubmed:105 - PubMed: Searching for 'graphene applications' (retmax=10)
2026-04-03 18:05:04 | INFO     | live_articles:fetch_pubmed:105 - PubMed: Searching for 'climate change mitigation' (retmax=10)
2026-04-03 18:05:04 | INFO     | live_articles:fetch_pubmed:105 - PubMed: Searching for 'protein folding' (retmax=10)
2026-04-03 18:05:04 | ERROR    | live_articles:fetch_pubmed:108 - PubMed search failed with status 429
2026-04-03 18:05:04 | ERROR    | live_articles:fetch_pubmed:108 - PubMed search failed with status 429
2026-04-03 18:05:04 | ERROR    | live_articles:fetch_pubmed:108 - PubMed search failed with status 429
2026-04-03 18:05:05 | INFO     | live_articles:fetch_trending:324 - Trending: Total fetched 15 articles.
2026-04-03 18:05:26 | INFO     | live_articles:fetch_trending:304 - Fetching trending for topics: ['climate change mitigation', 'stem cell therapy', 'neuroscience consciousness']
2026-04-03 18:05:26 | INFO     | live_articles:fetch_trending:308 - Trending: Starting parallel fetch for topics...
2026-04-03 18:05:26 | INFO     | live_articles:fetch_pubmed:105 - PubMed: Searching for 'climate change mitigation' (retmax=10)
2026-04-03 18:05:26 | INFO     | live_articles:fetch_pubmed:105 - PubMed: Searching for 'stem cell therapy' (retmax=10)
2026-04-03 18:05:26 | INFO     | live_articles:fetch_pubmed:105 - PubMed: Searching for 'neuroscience consciousness' (retmax=10)
2026-04-03 18:05:27 | INFO     | live_articles:fetch_pubmed:115 - PubMed search returned 10 IDs (Total: 15919)
2026-04-03 18:05:27 | INFO     | live_articles:fetch_pubmed:115 - PubMed search returned 10 IDs (Total: 6695)
2026-04-03 18:05:27 | INFO     | live_articles:fetch_pubmed:115 - PubMed search returned 10 IDs (Total: 197669)
2026-04-03 18:05:27 | ERROR    | live_articles:fetch_pubmed:169 - PubMed efetch failed with status 429
2026-04-03 18:05:27 | ERROR    | live_articles:fetch_pubmed:169 - PubMed efetch failed with status 429
2026-04-03 18:05:27 | ERROR    | live_articles:fetch_pubmed:169 - PubMed efetch failed with status 429
2026-04-03 18:05:27 | INFO     | live_articles:fetch_trending:324 - Trending: Total fetched 15 articles.
2026-04-03 18:13:55 | INFO     | faiss_store:load:46 - FAISS: Loaded 10886 vectors.
2026-04-03 18:13:57 | INFO     | __main__:startup_event:31 - SciAI PRODUCTION ENGINE STARTING...
2026-04-03 18:13:57 | INFO     | faiss_store:load:46 - FAISS: Loaded 10886 vectors.
2026-04-03 18:14:36 | INFO     | __main__:ask_question:76 - Question: about this pdf | Hybrid: True | Book: 04839dc5-323b-49ac-b033-760a57792791
2026-04-03 18:14:37 | INFO     | faiss_store:search:158 - FAISS Search: query='about this pdf...', search_k=10886, ntotal=10886
2026-04-03 18:14:37 | INFO     | faiss_store:search:186 - FAISS Search: Matches for book_id=04839dc5-323b-49ac-b033-760a57792791: 0
2026-04-03 18:15:11 | INFO     | pdf_processor:process_pdf:33 - PDF Extraction: Extracted 274933 characters from temp/93407659-1253-40f2-8f38-7d81f86c3383_100 Most Probable Questions 2020 Vol-I.pdf
2026-04-03 18:15:11 | INFO     | pdf_processor:process_pdf:58 - PDF: Processed 406 chunks from temp/93407659-1253-40f2-8f38-7d81f86c3383_100 Most Probable Questions 2020 Vol-I.pdf
2026-04-03 18:15:30 | ERROR    | __main__:process_pdf_background:136 - Background process error for 93407659-1253-40f2-8f38-7d81f86c3383: Error in void __cdecl faiss::Index::add_with_ids(__int64,const float *,const __int64 *) at D:\a\faiss-wheels\faiss-wheels\third-party\faiss\faiss\Index.cpp:45: add_with_ids not implemented for this type of index
2026-04-03 18:16:18 | INFO     | pdf_processor:process_pdf:33 - PDF Extraction: Extracted 274933 characters from temp/05e7d508-fe05-42ed-9b65-ba2dd9b49a01_100 Most Probable Questions 2020 Vol-I.pdf
2026-04-03 18:16:18 | INFO     | pdf_processor:process_pdf:58 - PDF: Processed 406 chunks from temp/05e7d508-fe05-42ed-9b65-ba2dd9b49a01_100 Most Probable Questions 2020 Vol-I.pdf
2026-04-03 18:16:29 | ERROR    | __main__:process_pdf_background:136 - Background process error for 05e7d508-fe05-42ed-9b65-ba2dd9b49a01: Error in void __cdecl faiss::Index::add_with_ids(__int64,const float *,const __int64 *) at D:\a\faiss-wheels\faiss-wheels\third-party\faiss\faiss\Index.cpp:45: add_with_ids not implemented for this type of index
2026-04-03 18:16:52 | INFO     | __main__:shutdown_event:37 - SciAI SHUTTING DOWN...
2026-04-03 18:16:52 | INFO     | faiss_store:save:33 - FAISS: Saved 10886 vectors.
2026-04-03 18:22:20 | INFO     | faiss_store:load:46 - FAISS: Loaded 10886 vectors.
2026-04-03 18:22:21 | INFO     | __main__:startup_event:31 - SciAI PRODUCTION ENGINE STARTING...
2026-04-03 18:22:21 | INFO     | faiss_store:load:46 - FAISS: Loaded 10886 vectors.
2026-04-03 18:23:02 | INFO     | pdf_processor:process_pdf:33 - PDF Extraction: Extracted 274933 characters from temp/f2b5d4a3-e062-4097-b72b-1ba9be1fa588_100 Most Probable Questions 2020 Vol-I.pdf
2026-04-03 18:23:02 | INFO     | pdf_processor:process_pdf:58 - PDF: Processed 406 chunks from temp/f2b5d4a3-e062-4097-b72b-1ba9be1fa588_100 Most Probable Questions 2020 Vol-I.pdf
2026-04-03 18:23:14 | ERROR    | __main__:process_pdf_background:136 - Background process error for f2b5d4a3-e062-4097-b72b-1ba9be1fa588: Error in void __cdecl faiss::Index::add_with_ids(__int64,const float *,const __int64 *) at D:\a\faiss-wheels\faiss-wheels\third-party\faiss\faiss\Index.cpp:45: add_with_ids not implemented for this type of index
2026-04-03 18:23:40 | INFO     | __main__:ask_question:76 - Question: summary | Hybrid: True | Book: f2b5d4a3-e062-4097-b72b-1ba9be1fa588
2026-04-03 18:23:40 | INFO     | faiss_store:search:171 - FAISS Search: query='summary...', search_k=10886, ntotal=10886
2026-04-03 18:23:40 | INFO     | faiss_store:search:199 - FAISS Search: Matches for book_id=f2b5d4a3-e062-4097-b72b-1ba9be1fa588: 0
2026-04-03 18:24:06 | INFO     | live_articles:fetch_trending:304 - Fetching trending for topics: ['climate change mitigation', 'CRISPR gene editing', 'cancer immunotherapy']
2026-04-03 18:24:07 | INFO     | live_articles:fetch_trending:308 - Trending: Starting parallel fetch for topics...
2026-04-03 18:24:07 | INFO     | live_articles:fetch_pubmed:105 - PubMed: Searching for 'climate change mitigation' (retmax=10)
2026-04-03 18:24:07 | INFO     | live_articles:fetch_pubmed:105 - PubMed: Searching for 'CRISPR gene editing' (retmax=10)
2026-04-03 18:24:07 | INFO     | live_articles:fetch_pubmed:105 - PubMed: Searching for 'cancer immunotherapy' (retmax=10)
2026-04-03 18:24:08 | INFO     | live_articles:fetch_pubmed:115 - PubMed search returned 10 IDs (Total: 24043)
2026-04-03 18:24:08 | INFO     | live_articles:fetch_pubmed:115 - PubMed search returned 10 IDs (Total: 15919)
2026-04-03 18:24:08 | INFO     | live_articles:fetch_pubmed:115 - PubMed search returned 10 IDs (Total: 224422)
2026-04-03 18:24:09 | ERROR    | live_articles:fetch_pubmed:169 - PubMed efetch failed with status 429
2026-04-03 18:24:09 | ERROR    | live_articles:fetch_pubmed:169 - PubMed efetch failed with status 429
2026-04-03 18:24:09 | ERROR    | live_articles:fetch_pubmed:169 - PubMed efetch failed with status 429
2026-04-03 18:24:09 | INFO     | live_articles:fetch_trending:324 - Trending: Total fetched 15 articles.
2026-04-03 18:28:24 | INFO     | faiss_store:load:46 - FAISS: Loaded 10886 vectors of type IndexFlatL2.
2026-04-03 18:28:24 | INFO     | faiss_store:load:50 - FAISS: Migrating IndexFlatL2 to IndexIDMap2...
2026-04-03 18:28:24 | INFO     | faiss_store:load:60 - FAISS: Migration successful.
2026-04-03 18:28:25 | INFO     | __main__:startup_event:31 - SciAI PRODUCTION ENGINE STARTING...
2026-04-03 18:28:25 | INFO     | faiss_store:load:46 - FAISS: Loaded 10886 vectors of type IndexFlatL2.
2026-04-03 18:28:25 | INFO     | faiss_store:load:50 - FAISS: Migrating IndexFlatL2 to IndexIDMap2...
2026-04-03 18:28:25 | INFO     | faiss_store:load:60 - FAISS: Migration successful.
2026-04-03 18:29:37 | INFO     | pdf_processor:process_pdf:33 - PDF Extraction: Extracted 274933 characters from temp/edb4c32b-0f48-4640-81db-ab7deb671fb8_100 Most Probable Questions 2020 Vol-I.pdf
2026-04-03 18:29:37 | INFO     | pdf_processor:process_pdf:58 - PDF: Processed 406 chunks from temp/edb4c32b-0f48-4640-81db-ab7deb671fb8_100 Most Probable Questions 2020 Vol-I.pdf
2026-04-03 18:29:48 | INFO     | faiss_store:save:33 - FAISS: Saved 11291 vectors.
2026-04-03 18:29:48 | INFO     | __main__:process_pdf_background:128 - Book Indexing: Updated preview for edb4c32b-0f48-4640-81db-ab7deb671fb8 with 405 chunks.
2026-04-03 18:29:48 | INFO     | __main__:process_pdf_background:134 - Background: Completed edb4c32b-0f48-4640-81db-ab7deb671fb8 processing.
2026-04-03 18:30:26 | INFO     | __main__:ask_question:76 - Question: tell me about this pdf | Hybrid: True | Book: edb4c32b-0f48-4640-81db-ab7deb671fb8
2026-04-03 18:30:26 | INFO     | faiss_store:search:172 - FAISS Search: query='tell me about this pdf...', search_k=11291, ntotal=11291
2026-04-03 18:30:26 | INFO     | faiss_store:search:200 - FAISS Search: Matches for book_id=edb4c32b-0f48-4640-81db-ab7deb671fb8: 405
2026-04-03 18:32:56 | INFO     | faiss_store:load:46 - FAISS: Loaded 11291 vectors of type IndexIDMap2.
2026-04-03 18:32:57 | INFO     | __main__:startup_event:31 - SciAI PRODUCTION ENGINE STARTING...
2026-04-03 18:32:57 | INFO     | faiss_store:load:46 - FAISS: Loaded 11291 vectors of type IndexIDMap2.
2026-04-03 18:34:01 | INFO     | __main__:ask_question:76 - Question: about this pdf | Hybrid: True | Book: edb4c32b-0f48-4640-81db-ab7deb671fb8
2026-04-03 18:34:01 | INFO     | faiss_store:search:172 - FAISS Search: query='about this pdf...', search_k=11291, ntotal=11291
2026-04-03 18:34:01 | INFO     | faiss_store:search:200 - FAISS Search: Matches for book_id=edb4c32b-0f48-4640-81db-ab7deb671fb8: 405
2026-04-03 18:34:18 | INFO     | pdf_processor:process_pdf:33 - PDF Extraction: Extracted 7614 characters from temp/85ec315c-223c-47b5-946c-872f04e0175e_Zoology Strategy.pdf
2026-04-03 18:34:18 | INFO     | pdf_processor:process_pdf:58 - PDF: Processed 12 chunks from temp/85ec315c-223c-47b5-946c-872f04e0175e_Zoology Strategy.pdf
2026-04-03 18:34:19 | INFO     | faiss_store:save:33 - FAISS: Saved 11303 vectors.
2026-04-03 18:34:19 | INFO     | __main__:process_pdf_background:128 - Book Indexing: Updated preview for 85ec315c-223c-47b5-946c-872f04e0175e with 12 chunks.
2026-04-03 18:34:19 | INFO     | __main__:process_pdf_background:134 - Background: Completed 85ec315c-223c-47b5-946c-872f04e0175e processing.
2026-04-03 18:34:36 | INFO     | __main__:ask_question:76 - Question: about this pdf | Hybrid: True | Book: 85ec315c-223c-47b5-946c-872f04e0175e
2026-04-03 18:34:36 | INFO     | faiss_store:search:172 - FAISS Search: query='about this pdf...', search_k=11303, ntotal=11303
2026-04-03 18:34:37 | INFO     | faiss_store:search:200 - FAISS Search: Matches for book_id=85ec315c-223c-47b5-946c-872f04e0175e: 12
2026-04-03 18:35:58 | INFO     | live_articles:fetch_trending:319 - Fetching trending for topics: ['graphene applications', 'CRISPR gene editing', 'quantum computing']
2026-04-03 18:35:59 | INFO     | live_articles:fetch_trending:323 - Trending: Starting parallel fetch for topics...
2026-04-03 18:35:59 | INFO     | live_articles:fetch_pubmed:105 - PubMed: Searching for 'graphene applications' (retmax=10)
2026-04-03 18:35:59 | INFO     | live_articles:fetch_pubmed:105 - PubMed: Searching for 'CRISPR gene editing' (retmax=10)
2026-04-03 18:35:59 | INFO     | live_articles:fetch_pubmed:105 - PubMed: Searching for 'quantum computing' (retmax=10)
2026-04-03 18:36:00 | INFO     | live_articles:fetch_pubmed:123 - PubMed search returned 10 IDs (Total: 51099)
2026-04-03 18:36:00 | INFO     | live_articles:fetch_pubmed:123 - PubMed search returned 10 IDs (Total: 35035)
2026-04-03 18:36:00 | INFO     | live_articles:fetch_pubmed:123 - PubMed search returned 10 IDs (Total: 24043)
2026-04-03 18:36:01 | WARNING  | live_articles:fetch_pubmed:135 - PubMed efetch hit 429 Rate Limit. Retrying after 2s...
2026-04-03 18:36:01 | WARNING  | live_articles:fetch_pubmed:135 - PubMed efetch hit 429 Rate Limit. Retrying after 2s...
2026-04-03 18:36:02 | INFO     | live_articles:fetch_pubmed:179 - PubMed: Successfully parsed 10 articles.
2026-04-03 18:36:04 | INFO     | live_articles:fetch_pubmed:179 - PubMed: Successfully parsed 10 articles.
2026-04-03 18:36:04 | INFO     | live_articles:fetch_pubmed:179 - PubMed: Successfully parsed 10 articles.
2026-04-03 18:36:04 | INFO     | live_articles:fetch_trending:339 - Trending: Total fetched 45 articles.
2026-04-03 18:36:16 | INFO     | live_articles:fetch_trending:319 - Fetching trending for topics: ['quantum computing', 'graphene applications', 'CRISPR gene editing']
2026-04-03 18:36:16 | INFO     | live_articles:fetch_trending:323 - Trending: Starting parallel fetch for topics...
2026-04-03 18:36:16 | INFO     | live_articles:fetch_trending:339 - Trending: Total fetched 45 articles.
2026-04-03 18:36:25 | INFO     | live_articles:search_articles:243 - Article Search: 'scnt' | Page: 1
2026-04-03 18:36:25 | INFO     | live_articles:search_articles:252 - Adding PubMed task for 'scnt'
2026-04-03 18:36:25 | INFO     | live_articles:search_articles:255 - Adding arXiv task for 'scnt'
2026-04-03 18:36:25 | INFO     | live_articles:search_articles:262 - Adding Wikipedia task for 'scnt'
2026-04-03 18:36:25 | INFO     | live_articles:fetch_pubmed:105 - PubMed: Searching for 'scnt' (retmax=10)
2026-04-03 18:36:27 | INFO     | live_articles:fetch_pubmed:123 - PubMed search returned 10 IDs (Total: 1866)
2026-04-03 18:36:29 | INFO     | live_articles:fetch_pubmed:179 - PubMed: Successfully parsed 10 articles.
2026-04-03 18:36:29 | INFO     | live_articles:search_articles:288 - Source 0 returned 10 articles (Total in source: 1866)
2026-04-03 18:36:29 | INFO     | live_articles:search_articles:288 - Source 1 returned 1 articles (Total in source: 1)
2026-04-03 18:36:29 | INFO     | live_articles:search_articles:292 - Wikipedia returned 0 articles
2026-04-03 18:36:39 | INFO     | live_articles:search_articles:243 - Article Search: 'scnt' | Page: 1
2026-04-03 18:36:39 | INFO     | live_articles:search_articles:252 - Adding PubMed task for 'scnt'
2026-04-03 18:36:39 | INFO     | live_articles:search_articles:255 - Adding arXiv task for 'scnt'
2026-04-03 18:36:39 | INFO     | live_articles:search_articles:262 - Adding Wikipedia task for 'scnt'
2026-04-03 18:36:39 | INFO     | live_articles:fetch_pubmed:105 - PubMed: Searching for 'scnt' (retmax=10)
2026-04-03 18:36:41 | INFO     | live_articles:fetch_pubmed:123 - PubMed search returned 10 IDs (Total: 1866)
2026-04-03 18:36:43 | INFO     | live_articles:fetch_pubmed:179 - PubMed: Successfully parsed 10 articles.
2026-04-03 18:36:43 | INFO     | live_articles:search_articles:288 - Source 0 returned 10 articles (Total in source: 1866)
2026-04-03 18:36:43 | INFO     | live_articles:search_articles:288 - Source 1 returned 1 articles (Total in source: 1)
2026-04-03 18:36:43 | INFO     | live_articles:search_articles:292 - Wikipedia returned 0 articles
2026-04-03 18:36:47 | INFO     | live_articles:search_articles:243 - Article Search: 'scnt' | Page: 1
2026-04-03 18:36:47 | INFO     | live_articles:search_articles:252 - Adding PubMed task for 'scnt'
2026-04-03 18:36:47 | INFO     | live_articles:search_articles:255 - Adding arXiv task for 'scnt'
2026-04-03 18:36:47 | INFO     | live_articles:search_articles:262 - Adding Wikipedia task for 'scnt'
2026-04-03 18:36:47 | INFO     | live_articles:fetch_pubmed:105 - PubMed: Searching for 'scnt' (retmax=10)
2026-04-03 18:36:48 | INFO     | live_articles:fetch_pubmed:123 - PubMed search returned 10 IDs (Total: 1866)
2026-04-03 18:36:50 | INFO     | live_articles:fetch_pubmed:179 - PubMed: Successfully parsed 10 articles.
2026-04-03 18:36:50 | INFO     | live_articles:search_articles:288 - Source 0 returned 10 articles (Total in source: 1866)
2026-04-03 18:36:50 | INFO     | live_articles:search_articles:288 - Source 1 returned 1 articles (Total in source: 1)
2026-04-03 18:36:50 | INFO     | live_articles:search_articles:292 - Wikipedia returned 0 articles
2026-04-03 18:41:34 | INFO     | __main__:ask_question:76 - Question: tell me about the rti | Hybrid: True | Book: edb4c32b-0f48-4640-81db-ab7deb671fb8
2026-04-03 18:41:34 | INFO     | faiss_store:search:172 - FAISS Search: query='tell me about the rti...', search_k=11303, ntotal=11303
2026-04-03 18:41:34 | INFO     | faiss_store:search:200 - FAISS Search: Matches for book_id=edb4c32b-0f48-4640-81db-ab7deb671fb8: 405
2026-04-03 18:41:51 | INFO     | __main__:ask_question:76 - Question: rti | Hybrid: True | Book: None
2026-04-03 18:41:51 | INFO     | faiss_store:search:172 - FAISS Search: query='rti...', search_k=25, ntotal=11303
2026-04-03 18:41:51 | INFO     | faiss_store:search:200 - FAISS Search: Matches for book_id=None: 12
2026-04-03 18:41:51 | INFO     | live_articles:search_articles:243 - Article Search: 'rti' | Page: 1
2026-04-03 18:41:51 | INFO     | live_articles:search_articles:252 - Adding PubMed task for 'rti'
2026-04-03 18:41:51 | INFO     | live_articles:search_articles:255 - Adding arXiv task for 'rti'
2026-04-03 18:41:51 | INFO     | live_articles:search_articles:262 - Adding Wikipedia task for 'rti'
2026-04-03 18:41:51 | INFO     | live_articles:fetch_pubmed:105 - PubMed: Searching for 'rti' (retmax=10)
2026-04-03 18:41:52 | INFO     | live_articles:fetch_pubmed:123 - PubMed search returned 10 IDs (Total: 14185)
2026-04-03 18:41:54 | INFO     | live_articles:fetch_pubmed:179 - PubMed: Successfully parsed 10 articles.
2026-04-03 18:41:58 | INFO     | live_articles:search_articles:288 - Source 0 returned 10 articles (Total in source: 14185)
2026-04-03 18:41:58 | INFO     | live_articles:search_articles:288 - Source 1 returned 10 articles (Total in source: 141)
2026-04-03 18:41:58 | INFO     | live_articles:search_articles:292 - Wikipedia returned 0 articles
2026-04-03 18:42:11 | INFO     | live_articles:fetch_trending:319 - Fetching trending for topics: ['cancer immunotherapy', 'CRISPR gene editing', 'artificial intelligence drug discovery']
2026-04-03 18:42:11 | INFO     | live_articles:fetch_trending:323 - Trending: Starting parallel fetch for topics...
2026-04-03 18:42:11 | INFO     | live_articles:fetch_pubmed:105 - PubMed: Searching for 'cancer immunotherapy' (retmax=10)
2026-04-03 18:42:11 | INFO     | live_articles:fetch_pubmed:105 - PubMed: Searching for 'artificial intelligence drug discovery' (retmax=10)
2026-04-03 18:42:12 | INFO     | live_articles:fetch_pubmed:123 - PubMed search returned 10 IDs (Total: 9632)
2026-04-03 18:42:13 | INFO     | live_articles:fetch_pubmed:123 - PubMed search returned 10 IDs (Total: 224422)
2026-04-03 18:42:14 | INFO     | live_articles:fetch_pubmed:179 - PubMed: Successfully parsed 10 articles.
2026-04-03 18:42:14 | INFO     | live_articles:fetch_pubmed:179 - PubMed: Successfully parsed 10 articles.
2026-04-03 18:42:14 | INFO     | live_articles:fetch_trending:339 - Trending: Total fetched 45 articles.
2026-04-04 13:47:36 | INFO     | faiss_store:load:46 - FAISS: Loaded 11303 vectors of type IndexIDMap2.
2026-04-04 13:47:37 | INFO     | __main__:startup_event:31 - SciAI PRODUCTION ENGINE STARTING...
2026-04-04 13:47:37 | INFO     | faiss_store:load:46 - FAISS: Loaded 11303 vectors of type IndexIDMap2.
2026-04-04 13:59:45 | INFO     | live_articles:fetch_trending:319 - Fetching trending for topics: ['neuroscience consciousness', 'cancer immunotherapy', 'nanomaterials']
2026-04-04 13:59:45 | INFO     | live_articles:fetch_trending:323 - Trending: Starting parallel fetch for topics...
2026-04-04 13:59:45 | INFO     | live_articles:fetch_pubmed:105 - PubMed: Searching for 'neuroscience consciousness' (retmax=10)
2026-04-04 13:59:45 | INFO     | live_articles:fetch_pubmed:105 - PubMed: Searching for 'cancer immunotherapy' (retmax=10)
2026-04-04 13:59:45 | INFO     | live_articles:fetch_pubmed:105 - PubMed: Searching for 'nanomaterials' (retmax=10)
2026-04-04 13:59:47 | INFO     | live_articles:fetch_pubmed:123 - PubMed search returned 10 IDs (Total: 224465)
2026-04-04 13:59:47 | INFO     | live_articles:fetch_pubmed:123 - PubMed search returned 10 IDs (Total: 6695)
2026-04-04 13:59:47 | INFO     | live_articles:fetch_pubmed:123 - PubMed search returned 10 IDs (Total: 433411)
2026-04-04 13:59:47 | WARNING  | live_articles:fetch_pubmed:135 - PubMed efetch hit 429 Rate Limit. Retrying after 2s...
2026-04-04 13:59:48 | WARNING  | live_articles:fetch_pubmed:135 - PubMed efetch hit 429 Rate Limit. Retrying after 2s...
2026-04-04 13:59:49 | INFO     | live_articles:fetch_pubmed:179 - PubMed: Successfully parsed 10 articles.
2026-04-04 13:59:51 | INFO     | live_articles:fetch_pubmed:179 - PubMed: Successfully parsed 10 articles.
2026-04-04 13:59:51 | INFO     | live_articles:fetch_pubmed:179 - PubMed: Successfully parsed 10 articles.
2026-04-04 13:59:51 | INFO     | live_articles:fetch_trending:339 - Trending: Total fetched 45 articles.
2026-04-04 14:00:08 | INFO     | __main__:ask_question:76 - Question: tell me about this pdf | Hybrid: True | Book: edb4c32b-0f48-4640-81db-ab7deb671fb8
2026-04-04 14:00:09 | INFO     | faiss_store:search:172 - FAISS Search: query='tell me about this pdf...', search_k=11303, ntotal=11303
2026-04-04 14:00:09 | INFO     | faiss_store:search:200 - FAISS Search: Matches for book_id=edb4c32b-0f48-4640-81db-ab7deb671fb8: 405
2026-04-04 14:07:44 | INFO     | live_articles:fetch_trending:319 - Fetching trending for topics: ['stem cell therapy', 'graphene applications', 'climate change mitigation']
2026-04-04 14:07:44 | INFO     | live_articles:fetch_trending:323 - Trending: Starting parallel fetch for topics...
2026-04-04 14:07:44 | INFO     | live_articles:fetch_pubmed:105 - PubMed: Searching for 'stem cell therapy' (retmax=10)
2026-04-04 14:07:44 | INFO     | live_articles:fetch_pubmed:105 - PubMed: Searching for 'graphene applications' (retmax=10)
2026-04-04 14:07:44 | INFO     | live_articles:fetch_pubmed:105 - PubMed: Searching for 'climate change mitigation' (retmax=10)
2026-04-04 14:07:45 | INFO     | live_articles:fetch_pubmed:123 - PubMed search returned 10 IDs (Total: 15922)
2026-04-04 14:07:45 | INFO     | live_articles:fetch_pubmed:123 - PubMed search returned 10 IDs (Total: 197695)
2026-04-04 14:07:45 | INFO     | live_articles:fetch_pubmed:123 - PubMed search returned 10 IDs (Total: 35038)
2026-04-04 14:07:46 | WARNING  | live_articles:fetch_pubmed:135 - PubMed efetch hit 429 Rate Limit. Retrying after 2s...
2026-04-04 14:07:46 | WARNING  | live_articles:fetch_pubmed:135 - PubMed efetch hit 429 Rate Limit. Retrying after 2s...
2026-04-04 14:07:46 | WARNING  | live_articles:fetch_pubmed:135 - PubMed efetch hit 429 Rate Limit. Retrying after 2s...
2026-04-04 14:07:49 | INFO     | live_articles:fetch_pubmed:179 - PubMed: Successfully parsed 10 articles.
2026-04-04 14:07:49 | INFO     | live_articles:fetch_pubmed:179 - PubMed: Successfully parsed 10 articles.
2026-04-04 14:07:49 | INFO     | live_articles:fetch_pubmed:179 - PubMed: Successfully parsed 10 articles.
2026-04-04 14:07:49 | INFO     | live_articles:fetch_trending:339 - Trending: Total fetched 45 articles.
2026-04-04 14:19:23 | INFO     | live_articles:fetch_trending:319 - Fetching trending for topics: ['artificial intelligence drug discovery', 'quantum computing', 'CRISPR gene editing']
2026-04-04 14:19:23 | INFO     | live_articles:fetch_trending:323 - Trending: Starting parallel fetch for topics...
2026-04-04 14:19:23 | INFO     | live_articles:fetch_pubmed:105 - PubMed: Searching for 'artificial intelligence drug discovery' (retmax=10)
2026-04-04 14:19:23 | INFO     | live_articles:fetch_pubmed:105 - PubMed: Searching for 'quantum computing' (retmax=10)
2026-04-04 14:19:23 | INFO     | live_articles:fetch_pubmed:105 - PubMed: Searching for 'CRISPR gene editing' (retmax=10)
2026-04-04 14:19:25 | INFO     | live_articles:fetch_pubmed:123 - PubMed search returned 10 IDs (Total: 24051)
2026-04-04 14:19:25 | INFO     | live_articles:fetch_pubmed:123 - PubMed search returned 10 IDs (Total: 51116)
2026-04-04 14:19:25 | INFO     | live_articles:fetch_pubmed:123 - PubMed search returned 10 IDs (Total: 9637)
2026-04-04 14:19:26 | WARNING  | live_articles:fetch_pubmed:135 - PubMed efetch hit 429 Rate Limit. Retrying after 2s...
2026-04-04 14:19:26 | WARNING  | live_articles:fetch_pubmed:135 - PubMed efetch hit 429 Rate Limit. Retrying after 2s...
2026-04-04 14:19:26 | WARNING  | live_articles:fetch_pubmed:135 - PubMed efetch hit 429 Rate Limit. Retrying after 2s...
2026-04-04 14:19:29 | INFO     | live_articles:fetch_pubmed:179 - PubMed: Successfully parsed 10 articles.
2026-04-04 14:19:29 | INFO     | live_articles:fetch_pubmed:179 - PubMed: Successfully parsed 10 articles.
2026-04-04 14:19:29 | INFO     | live_articles:fetch_pubmed:179 - PubMed: Successfully parsed 10 articles.
2026-04-04 14:19:29 | INFO     | live_articles:fetch_trending:339 - Trending: Total fetched 45 articles.
2026-04-04 14:25:39 | INFO     | faiss_store:load:46 - FAISS: Loaded 11303 vectors of type IndexIDMap2.
2026-04-04 14:25:40 | INFO     | __main__:startup_event:31 - SciAI PRODUCTION ENGINE STARTING...
2026-04-04 14:25:41 | INFO     | faiss_store:load:46 - FAISS: Loaded 11303 vectors of type IndexIDMap2.
2026-04-04 14:34:46 | INFO     | __main__:ask_question:76 - Question: tell me about this pdf | Hybrid: True | Book: edb4c32b-0f48-4640-81db-ab7deb671fb8
2026-04-04 14:34:46 | INFO     | faiss_store:search:172 - FAISS Search: query='tell me about this pdf...', search_k=11303, ntotal=11303
2026-04-04 14:34:46 | INFO     | faiss_store:search:200 - FAISS Search: Matches for book_id=edb4c32b-0f48-4640-81db-ab7deb671fb8: 405
2026-04-04 14:35:12 | INFO     | __main__:ask_question:76 - Question: what is the best plan according to thius pdsf | Hybrid: True | Book: 85ec315c-223c-47b5-946c-872f04e0175e
2026-04-04 14:35:12 | INFO     | faiss_store:search:172 - FAISS Search: query='what is the best plan accordin...', search_k=11303, ntotal=11303
2026-04-04 14:35:12 | INFO     | faiss_store:search:200 - FAISS Search: Matches for book_id=85ec315c-223c-47b5-946c-872f04e0175e: 12
2026-04-04 14:35:22 | INFO     | live_articles:fetch_trending:319 - Fetching trending for topics: ['artificial intelligence drug discovery', 'graphene applications', 'climate change mitigation']
2026-04-04 14:35:22 | INFO     | live_articles:fetch_trending:323 - Trending: Starting parallel fetch for topics...
2026-04-04 14:35:22 | INFO     | live_articles:fetch_trending:339 - Trending: Total fetched 45 articles.
2026-04-04 14:51:28 | INFO     | live_articles:fetch_trending:319 - Fetching trending for topics: ['quantum computing', 'CRISPR gene editing', 'mRNA vaccine']
2026-04-04 14:51:28 | INFO     | live_articles:fetch_trending:323 - Trending: Starting parallel fetch for topics...
2026-04-04 14:51:28 | INFO     | live_articles:fetch_pubmed:105 - PubMed: Searching for 'mRNA vaccine' (retmax=10)
2026-04-04 14:51:30 | INFO     | live_articles:fetch_pubmed:123 - PubMed search returned 10 IDs (Total: 21246)
2026-04-04 14:51:31 | INFO     | live_articles:fetch_pubmed:179 - PubMed: Successfully parsed 10 articles.
2026-04-04 14:51:31 | INFO     | live_articles:fetch_trending:339 - Trending: Total fetched 45 articles.
2026-04-04 15:01:54 | INFO     | __main__:ask_question:76 - Question: what is this pdf about | Hybrid: True | Book: edb4c32b-0f48-4640-81db-ab7deb671fb8
2026-04-04 15:01:54 | INFO     | faiss_store:search:172 - FAISS Search: query='what is this pdf about...', search_k=11303, ntotal=11303
2026-04-04 15:01:54 | INFO     | faiss_store:search:200 - FAISS Search: Matches for book_id=edb4c32b-0f48-4640-81db-ab7deb671fb8: 405
2026-04-04 15:02:02 | INFO     | live_articles:fetch_trending:319 - Fetching trending for topics: ['protein folding', 'climate change mitigation', 'CRISPR gene editing']
2026-04-04 15:02:02 | INFO     | live_articles:fetch_trending:323 - Trending: Starting parallel fetch for topics...
2026-04-04 15:02:02 | INFO     | live_articles:fetch_pubmed:105 - PubMed: Searching for 'protein folding' (retmax=10)
2026-04-04 15:02:04 | INFO     | live_articles:fetch_pubmed:123 - PubMed search returned 10 IDs (Total: 98751)
2026-04-04 15:02:06 | INFO     | live_articles:fetch_pubmed:179 - PubMed: Successfully parsed 10 articles.
2026-04-04 15:02:06 | INFO     | live_articles:fetch_trending:339 - Trending: Total fetched 45 articles.
2026-04-04 15:09:54 | INFO     | __main__:ask_question:76 - Question: tell me the best stratergy accordingto this | Hybrid: True | Book: 85ec315c-223c-47b5-946c-872f04e0175e
2026-04-04 15:09:54 | INFO     | faiss_store:search:172 - FAISS Search: query='tell me the best stratergy acc...', search_k=11303, ntotal=11303
2026-04-04 15:09:54 | INFO     | faiss_store:search:200 - FAISS Search: Matches for book_id=85ec315c-223c-47b5-946c-872f04e0175e: 12
2026-04-04 15:10:22 | INFO     | live_articles:fetch_trending:319 - Fetching trending for topics: ['nanomaterials', 'mRNA vaccine', 'climate change mitigation']
2026-04-04 15:10:22 | INFO     | live_articles:fetch_trending:323 - Trending: Starting parallel fetch for topics...
2026-04-04 15:10:22 | INFO     | live_articles:fetch_pubmed:105 - PubMed: Searching for 'nanomaterials' (retmax=10)
2026-04-04 15:10:22 | INFO     | live_articles:fetch_pubmed:105 - PubMed: Searching for 'climate change mitigation' (retmax=10)
2026-04-04 15:10:24 | INFO     | live_articles:fetch_pubmed:123 - PubMed search returned 10 IDs (Total: 15922)
2026-04-04 15:10:24 | INFO     | live_articles:fetch_pubmed:123 - PubMed search returned 10 IDs (Total: 433411)
2026-04-04 15:10:25 | INFO     | live_articles:fetch_pubmed:179 - PubMed: Successfully parsed 10 articles.
2026-04-04 15:10:26 | INFO     | live_articles:fetch_pubmed:179 - PubMed: Successfully parsed 10 articles.
2026-04-04 15:10:26 | INFO     | live_articles:fetch_trending:339 - Trending: Total fetched 45 articles.
2026-04-04 15:32:33 | INFO     | __main__:ask_question:76 - Question: rti | Hybrid: True | Book: edb4c32b-0f48-4640-81db-ab7deb671fb8
2026-04-04 15:32:33 | INFO     | faiss_store:search:172 - FAISS Search: query='rti...', search_k=11303, ntotal=11303
2026-04-04 15:32:33 | INFO     | faiss_store:search:200 - FAISS Search: Matches for book_id=edb4c32b-0f48-4640-81db-ab7deb671fb8: 405
2026-04-04 15:32:42 | INFO     | live_articles:fetch_trending:319 - Fetching trending for topics: ['graphene applications', 'dark matter detection', 'mRNA vaccine']
2026-04-04 15:32:42 | INFO     | live_articles:fetch_trending:323 - Trending: Starting parallel fetch for topics...
2026-04-04 15:32:42 | INFO     | live_articles:fetch_pubmed:105 - PubMed: Searching for 'graphene applications' (retmax=10)
2026-04-04 15:32:42 | INFO     | live_articles:fetch_pubmed:105 - PubMed: Searching for 'dark matter detection' (retmax=10)
2026-04-04 15:32:43 | INFO     | live_articles:fetch_pubmed:123 - PubMed search returned 10 IDs (Total: 35038)
2026-04-04 15:32:43 | INFO     | live_articles:fetch_pubmed:123 - PubMed search returned 10 IDs (Total: 1038)
2026-04-04 15:32:44 | INFO     | live_articles:fetch_pubmed:179 - PubMed: Successfully parsed 10 articles.
2026-04-04 15:32:45 | INFO     | live_articles:fetch_pubmed:179 - PubMed: Successfully parsed 10 articles.
2026-04-04 15:32:45 | INFO     | live_articles:fetch_trending:339 - Trending: Total fetched 45 articles.
2026-04-04 15:36:29 | INFO     | live_articles:fetch_trending:319 - Fetching trending for topics: ['neuroscience consciousness', 'quantum computing', 'dark matter detection']
2026-04-04 15:36:29 | INFO     | live_articles:fetch_trending:323 - Trending: Starting parallel fetch for topics...
2026-04-04 15:36:29 | INFO     | live_articles:fetch_pubmed:105 - PubMed: Searching for 'neuroscience consciousness' (retmax=10)
2026-04-04 15:36:29 | INFO     | live_articles:fetch_pubmed:105 - PubMed: Searching for 'quantum computing' (retmax=10)
2026-04-04 15:36:30 | INFO     | live_articles:fetch_pubmed:123 - PubMed search returned 10 IDs (Total: 6695)
2026-04-04 15:36:30 | INFO     | live_articles:fetch_pubmed:123 - PubMed search returned 10 IDs (Total: 51116)
2026-04-04 15:36:31 | WARNING  | live_articles:fetch_pubmed:135 - PubMed efetch hit 429 Rate Limit. Retrying after 2s...
2026-04-04 15:36:32 | INFO     | live_articles:fetch_pubmed:179 - PubMed: Successfully parsed 10 articles.
2026-04-04 15:36:34 | INFO     | live_articles:fetch_pubmed:179 - PubMed: Successfully parsed 10 articles.
2026-04-04 15:36:34 | INFO     | live_articles:fetch_trending:339 - Trending: Total fetched 45 articles.
2026-04-04 15:56:26 | INFO     | __main__:ask_question:76 - Question: summary  | Hybrid: True | Book: edb4c32b-0f48-4640-81db-ab7deb671fb8
2026-04-04 15:56:26 | INFO     | faiss_store:search:172 - FAISS Search: query='summary ...', search_k=11303, ntotal=11303
2026-04-04 15:56:26 | INFO     | faiss_store:search:200 - FAISS Search: Matches for book_id=edb4c32b-0f48-4640-81db-ab7deb671fb8: 405
2026-04-04 15:56:40 | INFO     | live_articles:fetch_trending:319 - Fetching trending for topics: ['nanomaterials', 'graphene applications', 'climate change mitigation']
2026-04-04 15:56:40 | INFO     | live_articles:fetch_trending:323 - Trending: Starting parallel fetch for topics...
2026-04-04 15:56:40 | INFO     | live_articles:fetch_trending:339 - Trending: Total fetched 45 articles.
2026-04-04 17:16:58 | INFO     | __main__:ask_question:76 - Question: about this pdf | Hybrid: True | Book: edb4c32b-0f48-4640-81db-ab7deb671fb8
2026-04-04 17:16:58 | INFO     | faiss_store:search:172 - FAISS Search: query='about this pdf...', search_k=11303, ntotal=11303
2026-04-04 17:16:58 | INFO     | faiss_store:search:200 - FAISS Search: Matches for book_id=edb4c32b-0f48-4640-81db-ab7deb671fb8: 405
2026-04-04 17:17:07 | INFO     | live_articles:fetch_trending:319 - Fetching trending for topics: ['neuroscience consciousness', 'nanomaterials', 'CRISPR gene editing']
2026-04-04 17:17:07 | INFO     | live_articles:fetch_trending:323 - Trending: Starting parallel fetch for topics...
2026-04-04 17:17:07 | INFO     | live_articles:fetch_pubmed:105 - PubMed: Searching for 'neuroscience consciousness' (retmax=10)
2026-04-04 17:17:07 | INFO     | live_articles:fetch_pubmed:105 - PubMed: Searching for 'nanomaterials' (retmax=10)
2026-04-04 17:17:07 | INFO     | live_articles:fetch_pubmed:105 - PubMed: Searching for 'CRISPR gene editing' (retmax=10)
2026-04-04 17:17:08 | INFO     | live_articles:fetch_pubmed:123 - PubMed search returned 10 IDs (Total: 24052)
2026-04-04 17:17:08 | INFO     | live_articles:fetch_pubmed:123 - PubMed search returned 10 IDs (Total: 433417)
2026-04-04 17:17:08 | INFO     | live_articles:fetch_pubmed:123 - PubMed search returned 10 IDs (Total: 6695)
2026-04-04 17:17:09 | WARNING  | live_articles:fetch_pubmed:135 - PubMed efetch hit 429 Rate Limit. Retrying after 2s...
2026-04-04 17:17:09 | WARNING  | live_articles:fetch_pubmed:135 - PubMed efetch hit 429 Rate Limit. Retrying after 2s...
2026-04-04 17:17:10 | INFO     | live_articles:fetch_pubmed:179 - PubMed: Successfully parsed 10 articles.
2026-04-04 17:17:13 | INFO     | live_articles:fetch_pubmed:179 - PubMed: Successfully parsed 10 articles.
2026-04-04 17:17:14 | INFO     | live_articles:fetch_pubmed:179 - PubMed: Successfully parsed 10 articles.
2026-04-04 17:17:14 | INFO     | live_articles:fetch_trending:339 - Trending: Total fetched 45 articles.
2026-04-04 18:09:36 | INFO     | __main__:ask_question:76 - Question: full cell biology plan | Hybrid: True | Book: 85ec315c-223c-47b5-946c-872f04e0175e
2026-04-04 18:09:37 | INFO     | faiss_store:search:172 - FAISS Search: query='full cell biology plan...', search_k=11303, ntotal=11303
2026-04-04 18:09:37 | INFO     | faiss_store:search:200 - FAISS Search: Matches for book_id=85ec315c-223c-47b5-946c-872f04e0175e: 12
2026-04-04 18:09:48 | INFO     | live_articles:fetch_trending:319 - Fetching trending for topics: ['stem cell therapy', 'CRISPR gene editing', 'nanomaterials']
2026-04-04 18:09:48 | INFO     | live_articles:fetch_trending:323 - Trending: Starting parallel fetch for topics...
2026-04-04 18:09:48 | INFO     | live_articles:fetch_pubmed:105 - PubMed: Searching for 'stem cell therapy' (retmax=10)
2026-04-04 18:09:49 | INFO     | live_articles:fetch_pubmed:123 - PubMed search returned 10 IDs (Total: 197697)
2026-04-04 18:09:51 | INFO     | live_articles:fetch_pubmed:179 - PubMed: Successfully parsed 10 articles.
2026-04-04 18:09:51 | INFO     | live_articles:fetch_trending:339 - Trending: Total fetched 45 articles.
2026-04-04 18:17:20 | INFO     | live_articles:fetch_trending:319 - Fetching trending for topics: ['dark matter detection', 'neuroscience consciousness', 'quantum computing']
2026-04-04 18:17:20 | INFO     | live_articles:fetch_trending:323 - Trending: Starting parallel fetch for topics...
2026-04-04 18:17:20 | INFO     | live_articles:fetch_pubmed:105 - PubMed: Searching for 'dark matter detection' (retmax=10)
2026-04-04 18:17:20 | INFO     | live_articles:fetch_pubmed:105 - PubMed: Searching for 'neuroscience consciousness' (retmax=10)
2026-04-04 18:17:20 | INFO     | live_articles:fetch_pubmed:105 - PubMed: Searching for 'quantum computing' (retmax=10)
2026-04-04 18:17:22 | INFO     | live_articles:fetch_pubmed:123 - PubMed search returned 10 IDs (Total: 51117)
2026-04-04 18:17:22 | INFO     | live_articles:fetch_pubmed:123 - PubMed search returned 10 IDs (Total: 1038)
2026-04-04 18:17:22 | INFO     | live_articles:fetch_pubmed:123 - PubMed search returned 10 IDs (Total: 6695)
2026-04-04 18:17:24 | INFO     | live_articles:fetch_pubmed:179 - PubMed: Successfully parsed 10 articles.
2026-04-04 18:17:24 | INFO     | live_articles:fetch_pubmed:179 - PubMed: Successfully parsed 10 articles.
2026-04-04 18:17:24 | INFO     | live_articles:fetch_pubmed:179 - PubMed: Successfully parsed 10 articles.
2026-04-04 18:17:24 | INFO     | live_articles:fetch_trending:339 - Trending: Total fetched 45 articles.
2026-04-04 19:02:06 | INFO     | __main__:ask_question:76 - Question: tell me about this pdf | Hybrid: True | Book: edb4c32b-0f48-4640-81db-ab7deb671fb8
2026-04-04 19:02:06 | INFO     | faiss_store:search:172 - FAISS Search: query='tell me about this pdf...', search_k=11303, ntotal=11303
2026-04-04 19:02:06 | INFO     | faiss_store:search:200 - FAISS Search: Matches for book_id=edb4c32b-0f48-4640-81db-ab7deb671fb8: 405
2026-04-04 19:16:33 | INFO     | live_articles:fetch_trending:319 - Fetching trending for topics: ['cancer immunotherapy', 'stem cell therapy', 'quantum computing']
2026-04-04 19:16:33 | INFO     | live_articles:fetch_trending:323 - Trending: Starting parallel fetch for topics...
2026-04-04 19:16:33 | INFO     | live_articles:fetch_pubmed:105 - PubMed: Searching for 'cancer immunotherapy' (retmax=10)
2026-04-04 19:16:33 | INFO     | live_articles:fetch_pubmed:105 - PubMed: Searching for 'stem cell therapy' (retmax=10)
2026-04-04 19:16:34 | INFO     | live_articles:fetch_pubmed:123 - PubMed search returned 10 IDs (Total: 224480)
2026-04-04 19:16:34 | INFO     | live_articles:fetch_pubmed:123 - PubMed search returned 10 IDs (Total: 197697)
2026-04-04 19:16:35 | INFO     | live_articles:fetch_pubmed:179 - PubMed: Successfully parsed 10 articles.
2026-04-04 19:16:35 | INFO     | live_articles:fetch_pubmed:179 - PubMed: Successfully parsed 10 articles.
2026-04-04 19:16:36 | INFO     | live_articles:fetch_trending:339 - Trending: Total fetched 45 articles.
2026-04-04 19:28:05 | INFO     | live_articles:fetch_trending:319 - Fetching trending for topics: ['graphene applications', 'artificial intelligence drug discovery', 'quantum computing']
2026-04-04 19:28:05 | INFO     | live_articles:fetch_trending:323 - Trending: Starting parallel fetch for topics...
2026-04-04 19:28:05 | INFO     | live_articles:fetch_pubmed:105 - PubMed: Searching for 'graphene applications' (retmax=10)
2026-04-04 19:28:05 | INFO     | live_articles:fetch_pubmed:105 - PubMed: Searching for 'artificial intelligence drug discovery' (retmax=10)
2026-04-04 19:28:05 | INFO     | live_articles:fetch_pubmed:105 - PubMed: Searching for 'quantum computing' (retmax=10)
2026-04-04 19:28:06 | INFO     | live_articles:fetch_pubmed:123 - PubMed search returned 10 IDs (Total: 51117)
2026-04-04 19:28:06 | INFO     | live_articles:fetch_pubmed:123 - PubMed search returned 10 IDs (Total: 35038)
2026-04-04 19:28:07 | INFO     | live_articles:fetch_pubmed:123 - PubMed search returned 10 IDs (Total: 9638)
2026-04-04 19:28:07 | WARNING  | live_articles:fetch_pubmed:135 - PubMed efetch hit 429 Rate Limit. Retrying after 2s...
2026-04-04 19:28:07 | WARNING  | live_articles:fetch_pubmed:135 - PubMed efetch hit 429 Rate Limit. Retrying after 2s...
2026-04-04 19:28:08 | INFO     | live_articles:fetch_pubmed:179 - PubMed: Successfully parsed 10 articles.
2026-04-04 19:28:10 | INFO     | live_articles:fetch_pubmed:179 - PubMed: Successfully parsed 10 articles.
2026-04-04 19:28:10 | INFO     | live_articles:fetch_pubmed:179 - PubMed: Successfully parsed 10 articles.
2026-04-04 19:28:10 | INFO     | live_articles:fetch_trending:339 - Trending: Total fetched 45 articles.
2026-04-04 19:34:10 | INFO     | live_articles:fetch_trending:319 - Fetching trending for topics: ['graphene applications', 'stem cell therapy', 'mRNA vaccine']
2026-04-04 19:34:10 | INFO     | live_articles:fetch_trending:323 - Trending: Starting parallel fetch for topics...
2026-04-04 19:34:10 | INFO     | live_articles:fetch_pubmed:105 - PubMed: Searching for 'mRNA vaccine' (retmax=10)
2026-04-04 19:34:11 | INFO     | live_articles:fetch_pubmed:123 - PubMed search returned 10 IDs (Total: 21247)
2026-04-04 19:34:13 | INFO     | live_articles:fetch_pubmed:179 - PubMed: Successfully parsed 10 articles.
2026-04-04 19:34:13 | INFO     | live_articles:fetch_trending:339 - Trending: Total fetched 45 articles.
2026-04-04 22:46:46 | INFO     | faiss_store:load:46 - FAISS: Loaded 11303 vectors of type IndexIDMap2.
2026-04-04 22:46:46 | INFO     | __main__:startup_event:31 - SciAI PRODUCTION ENGINE STARTING...
2026-04-04 22:46:47 | INFO     | faiss_store:load:46 - FAISS: Loaded 11303 vectors of type IndexIDMap2.
2026-04-04 22:47:08 | INFO     | __main__:ask_question:76 - Question: tell me about this book | Hybrid: True | Book: edb4c32b-0f48-4640-81db-ab7deb671fb8
2026-04-04 22:47:08 | INFO     | faiss_store:search:172 - FAISS Search: query='tell me about this book...', search_k=11303, ntotal=11303
2026-04-04 22:47:08 | INFO     | faiss_store:search:200 - FAISS Search: Matches for book_id=edb4c32b-0f48-4640-81db-ab7deb671fb8: 405
2026-04-04 22:47:18 | INFO     | live_articles:fetch_trending:319 - Fetching trending for topics: ['protein folding', 'CRISPR gene editing', 'climate change mitigation']
2026-04-04 22:47:19 | INFO     | live_articles:fetch_trending:323 - Trending: Starting parallel fetch for topics...
2026-04-04 22:47:19 | INFO     | live_articles:fetch_pubmed:105 - PubMed: Searching for 'protein folding' (retmax=10)
2026-04-04 22:47:19 | INFO     | live_articles:fetch_pubmed:105 - PubMed: Searching for 'CRISPR gene editing' (retmax=10)
2026-04-04 22:47:19 | INFO     | live_articles:fetch_pubmed:105 - PubMed: Searching for 'climate change mitigation' (retmax=10)
2026-04-04 22:47:20 | INFO     | live_articles:fetch_pubmed:123 - PubMed search returned 10 IDs (Total: 98753)
2026-04-04 22:47:20 | INFO     | live_articles:fetch_pubmed:123 - PubMed search returned 10 IDs (Total: 24052)
2026-04-04 22:47:20 | INFO     | live_articles:fetch_pubmed:123 - PubMed search returned 10 IDs (Total: 15923)
2026-04-04 22:47:21 | WARNING  | live_articles:fetch_pubmed:135 - PubMed efetch hit 429 Rate Limit. Retrying after 2s...
2026-04-04 22:47:22 | INFO     | live_articles:fetch_pubmed:179 - PubMed: Successfully parsed 10 articles.
2026-04-04 22:47:23 | INFO     | live_articles:fetch_pubmed:179 - PubMed: Successfully parsed 10 articles.
2026-04-04 22:47:25 | INFO     | live_articles:fetch_pubmed:179 - PubMed: Successfully parsed 10 articles.
2026-04-04 22:47:25 | INFO     | live_articles:fetch_trending:339 - Trending: Total fetched 45 articles.
2026-04-04 22:47:46 | INFO     | __main__:ask_question:76 - Question: tell me about this pdf | Hybrid: True | Book: 85ec315c-223c-47b5-946c-872f04e0175e
2026-04-04 22:47:46 | INFO     | faiss_store:search:172 - FAISS Search: query='tell me about this pdf...', search_k=11303, ntotal=11303
2026-04-04 22:47:46 | INFO     | faiss_store:search:200 - FAISS Search: Matches for book_id=85ec315c-223c-47b5-946c-872f04e0175e: 12
2026-04-04 22:48:37 | INFO     | __main__:ask_question:76 - Question: what is this image

Image Info:
This image is a piece of high-quality digital illustration featuring a character from the game Punishing: Gray Raven. 

The image depicts a female character with long, flowing pink hair and purple eyes, wearing a sleek black outfit. She is posed dynamically, reaching out with one hand while wielding a large, ornate, magical-looking staff or scepter in the other. 

The background is a vibrant, cosmic-themed environment filled with swirling nebulae, glowing energy trails, and celestial structures like planetary rings or mechanical orbits. The overall aesthetic is science-fiction fantasy, characterized by deep blues, purples, and ethereal glowing highlights. In the top right corner, there is a logo for the game, which reads "Gray Raven" in English and includes Chinese characters.

There is no scientific question contained within this image. | Hybrid: True | Book: None
2026-04-04 22:48:37 | INFO     | faiss_store:search:172 - FAISS Search: query='what is this image

Image Info...', search_k=25, ntotal=11303
2026-04-04 22:48:37 | INFO     | faiss_store:search:200 - FAISS Search: Matches for book_id=None: 0
2026-04-04 22:48:37 | INFO     | live_articles:search_articles:243 - Article Search: 'what is this image

Image Info:
This image is a piece of high-quality digital illustration featuring a character from the game Punishing: Gray Raven. 

The image depicts a female character with long, flowing pink hair and purple eyes, wearing a sleek black outfit. She is posed dynamically, reaching out with one hand while wielding a large, ornate, magical-looking staff or scepter in the other. 

The background is a vibrant, cosmic-themed environment filled with swirling nebulae, glowing energy trails, and celestial structures like planetary rings or mechanical orbits. The overall aesthetic is science-fiction fantasy, characterized by deep blues, purples, and ethereal glowing highlights. In the top right corner, there is a logo for the game, which reads "Gray Raven" in English and includes Chinese characters.

There is no scientific question contained within this image.' | Page: 1
2026-04-04 22:48:37 | INFO     | live_articles:search_articles:252 - Adding PubMed task for 'what is this image

Image Info:
This image is a piece of high-quality digital illustration featuring a character from the game Punishing: Gray Raven. 

The image depicts a female character with long, flowing pink hair and purple eyes, wearing a sleek black outfit. She is posed dynamically, reaching out with one hand while wielding a large, ornate, magical-looking staff or scepter in the other. 

The background is a vibrant, cosmic-themed environment filled with swirling nebulae, glowing energy trails, and celestial structures like planetary rings or mechanical orbits. The overall aesthetic is science-fiction fantasy, characterized by deep blues, purples, and ethereal glowing highlights. In the top right corner, there is a logo for the game, which reads "Gray Raven" in English and includes Chinese characters.

There is no scientific question contained within this image.'
2026-04-04 22:48:37 | INFO     | live_articles:search_articles:255 - Adding arXiv task for 'what is this image

Image Info:
This image is a piece of high-quality digital illustration featuring a character from the game Punishing: Gray Raven. 

The image depicts a female character with long, flowing pink hair and purple eyes, wearing a sleek black outfit. She is posed dynamically, reaching out with one hand while wielding a large, ornate, magical-looking staff or scepter in the other. 

The background is a vibrant, cosmic-themed environment filled with swirling nebulae, glowing energy trails, and celestial structures like planetary rings or mechanical orbits. The overall aesthetic is science-fiction fantasy, characterized by deep blues, purples, and ethereal glowing highlights. In the top right corner, there is a logo for the game, which reads "Gray Raven" in English and includes Chinese characters.

There is no scientific question contained within this image.'
2026-04-04 22:48:37 | INFO     | live_articles:search_articles:262 - Adding Wikipedia task for 'what is this image

Image Info:
This image is a piece of high-quality digital illustration featuring a character from the game Punishing: Gray Raven. 

The image depicts a female character with long, flowing pink hair and purple eyes, wearing a sleek black outfit. She is posed dynamically, reaching out with one hand while wielding a large, ornate, magical-looking staff or scepter in the other. 

The background is a vibrant, cosmic-themed environment filled with swirling nebulae, glowing energy trails, and celestial structures like planetary rings or mechanical orbits. The overall aesthetic is science-fiction fantasy, characterized by deep blues, purples, and ethereal glowing highlights. In the top right corner, there is a logo for the game, which reads "Gray Raven" in English and includes Chinese characters.

There is no scientific question contained within this image.'
2026-04-04 22:48:37 | INFO     | live_articles:fetch_pubmed:105 - PubMed: Searching for 'what is this image

Image Info:
This image is a piece of high-quality digital illustration featuring a character from the game Punishing: Gray Raven. 

The image depicts a female character with long, flowing pink hair and purple eyes, wearing a sleek black outfit. She is posed dynamically, reaching out with one hand while wielding a large, ornate, magical-looking staff or scepter in the other. 

The background is a vibrant, cosmic-themed environment filled with swirling nebulae, glowing energy trails, and celestial structures like planetary rings or mechanical orbits. The overall aesthetic is science-fiction fantasy, characterized by deep blues, purples, and ethereal glowing highlights. In the top right corner, there is a logo for the game, which reads "Gray Raven" in English and includes Chinese characters.

There is no scientific question contained within this image.' (retmax=10)
2026-04-04 22:48:37 | ERROR    | live_articles:fetch_arxiv:237 - arXiv API error: Invalid non-printable ASCII character in URL, '\n' at position 69.
2026-04-04 22:48:38 | ERROR    | live_articles:fetch_pubmed:186 - PubMed final error: InvalidURL: Invalid non-printable ASCII character in URL, '\n' at position 92.
2026-04-04 22:48:38 | INFO     | live_articles:search_articles:288 - Source 0 returned 0 articles (Total in source: 0)
2026-04-04 22:48:38 | INFO     | live_articles:search_articles:288 - Source 1 returned 0 articles (Total in source: 0)
2026-04-04 22:48:38 | INFO     | live_articles:search_articles:292 - Wikipedia returned 0 articles
2026-04-04 22:49:47 | INFO     | live_articles:search_articles:243 - Article Search: 'scnt' | Page: 1
2026-04-04 22:49:47 | INFO     | live_articles:search_articles:252 - Adding PubMed task for 'scnt'
2026-04-04 22:49:47 | INFO     | live_articles:search_articles:255 - Adding arXiv task for 'scnt'
2026-04-04 22:49:47 | INFO     | live_articles:search_articles:262 - Adding Wikipedia task for 'scnt'
2026-04-04 22:49:47 | INFO     | live_articles:fetch_pubmed:105 - PubMed: Searching for 'scnt' (retmax=10)
2026-04-04 22:49:49 | INFO     | live_articles:fetch_pubmed:123 - PubMed search returned 10 IDs (Total: 1866)
2026-04-04 22:49:51 | INFO     | live_articles:fetch_pubmed:179 - PubMed: Successfully parsed 10 articles.
2026-04-04 22:49:51 | INFO     | live_articles:search_articles:288 - Source 0 returned 10 articles (Total in source: 1866)
2026-04-04 22:49:51 | INFO     | live_articles:search_articles:288 - Source 1 returned 1 articles (Total in source: 1)
2026-04-04 22:49:51 | INFO     | live_articles:search_articles:292 - Wikipedia returned 0 articles
2026-04-04 22:49:57 | INFO     | live_articles:search_articles:243 - Article Search: 'scnt' | Page: 1
2026-04-04 22:49:57 | INFO     | live_articles:search_articles:252 - Adding PubMed task for 'scnt'
2026-04-04 22:49:57 | INFO     | live_articles:search_articles:255 - Adding arXiv task for 'scnt'
2026-04-04 22:49:57 | INFO     | live_articles:search_articles:262 - Adding Wikipedia task for 'scnt'
2026-04-04 22:49:57 | INFO     | live_articles:fetch_pubmed:105 - PubMed: Searching for 'scnt' (retmax=10)
2026-04-04 22:49:59 | INFO     | live_articles:fetch_pubmed:123 - PubMed search returned 10 IDs (Total: 1866)
2026-04-04 22:50:00 | INFO     | live_articles:fetch_pubmed:179 - PubMed: Successfully parsed 10 articles.
2026-04-04 22:50:00 | INFO     | live_articles:search_articles:288 - Source 0 returned 10 articles (Total in source: 1866)
2026-04-04 22:50:00 | INFO     | live_articles:search_articles:288 - Source 1 returned 1 articles (Total in source: 1)
2026-04-04 22:50:00 | INFO     | live_articles:search_articles:292 - Wikipedia returned 0 articles
2026-04-04 22:50:05 | INFO     | live_articles:search_articles:243 - Article Search: 'scnt' | Page: 1
2026-04-04 22:50:05 | INFO     | live_articles:search_articles:252 - Adding PubMed task for 'scnt'
2026-04-04 22:50:05 | INFO     | live_articles:search_articles:255 - Adding arXiv task for 'scnt'
2026-04-04 22:50:05 | INFO     | live_articles:search_articles:262 - Adding Wikipedia task for 'scnt'
2026-04-04 22:50:05 | INFO     | live_articles:fetch_pubmed:105 - PubMed: Searching for 'scnt' (retmax=10)
2026-04-04 22:50:06 | INFO     | live_articles:fetch_pubmed:123 - PubMed search returned 10 IDs (Total: 1866)
2026-04-04 22:50:08 | INFO     | live_articles:fetch_pubmed:179 - PubMed: Successfully parsed 10 articles.
2026-04-04 22:50:08 | INFO     | live_articles:search_articles:288 - Source 0 returned 10 articles (Total in source: 1866)
2026-04-04 22:50:08 | INFO     | live_articles:search_articles:288 - Source 1 returned 1 articles (Total in source: 1)
2026-04-04 22:50:08 | INFO     | live_articles:search_articles:292 - Wikipedia returned 0 articles
2026-04-04 22:51:43 | INFO     | live_articles:fetch_trending:319 - Fetching trending for topics: ['artificial intelligence drug discovery', 'nanomaterials', 'climate change mitigation']
2026-04-04 22:51:43 | INFO     | live_articles:fetch_trending:323 - Trending: Starting parallel fetch for topics...
2026-04-04 22:51:43 | INFO     | live_articles:fetch_pubmed:105 - PubMed: Searching for 'artificial intelligence drug discovery' (retmax=10)
2026-04-04 22:51:43 | INFO     | live_articles:fetch_pubmed:105 - PubMed: Searching for 'nanomaterials' (retmax=10)
2026-04-04 22:51:44 | INFO     | live_articles:fetch_pubmed:123 - PubMed search returned 10 IDs (Total: 9638)
2026-04-04 22:51:44 | INFO     | live_articles:fetch_pubmed:123 - PubMed search returned 10 IDs (Total: 433417)
2026-04-04 22:51:45 | WARNING  | live_articles:fetch_pubmed:135 - PubMed efetch hit 429 Rate Limit. Retrying after 2s...
2026-04-04 22:51:46 | INFO     | live_articles:fetch_pubmed:179 - PubMed: Successfully parsed 10 articles.
2026-04-04 22:51:48 | INFO     | live_articles:fetch_pubmed:179 - PubMed: Successfully parsed 10 articles.
2026-04-04 22:51:48 | INFO     | live_articles:fetch_trending:339 - Trending: Total fetched 45 articles.
2026-04-04 22:52:22 | INFO     | live_articles:search_articles:243 - Article Search: 'scnt' | Page: 1
2026-04-04 22:52:22 | INFO     | live_articles:search_articles:252 - Adding PubMed task for 'scnt'
2026-04-04 22:52:22 | INFO     | live_articles:search_articles:255 - Adding arXiv task for 'scnt'
2026-04-04 22:52:22 | INFO     | live_articles:search_articles:262 - Adding Wikipedia task for 'scnt'
2026-04-04 22:52:22 | INFO     | live_articles:search_articles:288 - Source 0 returned 10 articles (Total in source: 1866)
2026-04-04 22:52:22 | INFO     | live_articles:search_articles:288 - Source 1 returned 1 articles (Total in source: 1)
2026-04-04 22:52:22 | INFO     | live_articles:search_articles:292 - Wikipedia returned 0 articles
2026-04-04 22:52:25 | INFO     | live_articles:search_articles:243 - Article Search: 'scnt' | Page: 2
2026-04-04 22:52:25 | INFO     | live_articles:search_articles:252 - Adding PubMed task for 'scnt'
2026-04-04 22:52:25 | INFO     | live_articles:search_articles:255 - Adding arXiv task for 'scnt'
2026-04-04 22:52:25 | INFO     | live_articles:fetch_pubmed:105 - PubMed: Searching for 'scnt' (retmax=10)
2026-04-04 22:52:26 | INFO     | live_articles:fetch_pubmed:123 - PubMed search returned 10 IDs (Total: 1866)
2026-04-04 22:52:27 | INFO     | live_articles:fetch_pubmed:179 - PubMed: Successfully parsed 10 articles.
2026-04-04 22:52:27 | INFO     | live_articles:search_articles:288 - Source 0 returned 10 articles (Total in source: 1866)
2026-04-04 22:52:27 | INFO     | live_articles:search_articles:288 - Source 1 returned 0 articles (Total in source: 1)
2026-04-04 22:52:32 | INFO     | live_articles:search_articles:243 - Article Search: 'scnt' | Page: 1
2026-04-04 22:52:32 | INFO     | live_articles:search_articles:252 - Adding PubMed task for 'scnt'
2026-04-04 22:52:32 | INFO     | live_articles:search_articles:255 - Adding arXiv task for 'scnt'
2026-04-04 22:52:32 | INFO     | live_articles:search_articles:262 - Adding Wikipedia task for 'scnt'
2026-04-04 22:52:32 | INFO     | live_articles:search_articles:288 - Source 0 returned 10 articles (Total in source: 1866)
2026-04-04 22:52:32 | INFO     | live_articles:search_articles:288 - Source 1 returned 1 articles (Total in source: 1)
2026-04-04 22:52:32 | INFO     | live_articles:search_articles:292 - Wikipedia returned 0 articles
2026-04-04 22:52:49 | INFO     | live_articles:fetch_trending:319 - Fetching trending for topics: ['climate change mitigation', 'dark matter detection', 'graphene applications']
2026-04-04 22:52:49 | INFO     | live_articles:fetch_trending:323 - Trending: Starting parallel fetch for topics...
2026-04-04 22:52:49 | INFO     | live_articles:fetch_pubmed:105 - PubMed: Searching for 'dark matter detection' (retmax=10)
2026-04-04 22:52:49 | INFO     | live_articles:fetch_pubmed:105 - PubMed: Searching for 'graphene applications' (retmax=10)
2026-04-04 22:52:50 | INFO     | live_articles:fetch_trending:319 - Fetching trending for topics: ['climate change mitigation', 'artificial intelligence drug discovery', 'mRNA vaccine']
2026-04-04 22:52:50 | INFO     | live_articles:fetch_trending:323 - Trending: Starting parallel fetch for topics...
2026-04-04 22:52:50 | INFO     | live_articles:fetch_pubmed:105 - PubMed: Searching for 'mRNA vaccine' (retmax=10)
2026-04-04 22:52:50 | INFO     | live_articles:fetch_pubmed:123 - PubMed search returned 10 IDs (Total: 35038)
2026-04-04 22:52:50 | INFO     | live_articles:fetch_pubmed:123 - PubMed search returned 10 IDs (Total: 1038)
2026-04-04 22:52:50 | INFO     | live_articles:fetch_trending:319 - Fetching trending for topics: ['mRNA vaccine', 'stem cell therapy', 'quantum computing']
2026-04-04 22:52:50 | INFO     | live_articles:fetch_trending:323 - Trending: Starting parallel fetch for topics...
2026-04-04 22:52:50 | INFO     | live_articles:fetch_pubmed:105 - PubMed: Searching for 'mRNA vaccine' (retmax=10)
2026-04-04 22:52:50 | INFO     | live_articles:fetch_pubmed:105 - PubMed: Searching for 'stem cell therapy' (retmax=10)
2026-04-04 22:52:50 | INFO     | live_articles:fetch_pubmed:105 - PubMed: Searching for 'quantum computing' (retmax=10)
2026-04-04 22:52:51 | INFO     | live_articles:fetch_pubmed:123 - PubMed search returned 10 IDs (Total: 21247)
2026-04-04 22:52:51 | WARNING  | live_articles:fetch_pubmed:135 - PubMed efetch hit 429 Rate Limit. Retrying after 2s...
2026-04-04 22:52:51 | WARNING  | live_articles:fetch_pubmed:111 - PubMed search hit 429 Rate Limit. Retrying after 1.5s...
2026-04-04 22:52:51 | INFO     | live_articles:fetch_pubmed:123 - PubMed search returned 10 IDs (Total: 21247)
2026-04-04 22:52:52 | WARNING  | live_articles:fetch_pubmed:111 - PubMed search hit 429 Rate Limit. Retrying after 1.5s...
2026-04-04 22:52:52 | WARNING  | live_articles:fetch_pubmed:135 - PubMed efetch hit 429 Rate Limit. Retrying after 2s...
2026-04-04 22:52:52 | INFO     | live_articles:fetch_pubmed:179 - PubMed: Successfully parsed 10 articles.
2026-04-04 22:52:52 | INFO     | live_articles:fetch_trending:339 - Trending: Total fetched 45 articles.
2026-04-04 22:52:52 | INFO     | live_articles:fetch_pubmed:179 - PubMed: Successfully parsed 10 articles.
2026-04-04 22:52:53 | INFO     | live_articles:fetch_trending:319 - Fetching trending for topics: ['artificial intelligence drug discovery', 'CRISPR gene editing', 'dark matter detection']
2026-04-04 22:52:53 | INFO     | live_articles:fetch_trending:323 - Trending: Starting parallel fetch for topics...
2026-04-04 22:52:53 | INFO     | live_articles:fetch_trending:339 - Trending: Total fetched 45 articles.
2026-04-04 22:52:53 | INFO     | live_articles:fetch_pubmed:123 - PubMed search returned 10 IDs (Total: 197697)
2026-04-04 22:52:53 | INFO     | live_articles:fetch_pubmed:179 - PubMed: Successfully parsed 10 articles.
2026-04-04 22:52:53 | INFO     | live_articles:fetch_trending:339 - Trending: Total fetched 45 articles.
2026-04-04 22:52:54 | WARNING  | live_articles:fetch_pubmed:135 - PubMed efetch hit 429 Rate Limit. Retrying after 2s...
2026-04-04 22:52:54 | INFO     | live_articles:fetch_pubmed:123 - PubMed search returned 10 IDs (Total: 51117)
2026-04-04 22:52:55 | INFO     | live_articles:fetch_pubmed:179 - PubMed: Successfully parsed 10 articles.
2026-04-04 22:52:55 | INFO     | live_articles:fetch_pubmed:179 - PubMed: Successfully parsed 10 articles.
2026-04-04 22:52:57 | INFO     | live_articles:fetch_pubmed:179 - PubMed: Successfully parsed 10 articles.
2026-04-04 22:52:57 | INFO     | live_articles:fetch_trending:339 - Trending: Total fetched 45 articles.
2026-04-04 23:05:01 | INFO     | live_articles:fetch_trending:319 - Fetching trending for topics: ['CRISPR gene editing', 'nanomaterials', 'climate change mitigation']
2026-04-04 23:05:01 | INFO     | live_articles:fetch_trending:323 - Trending: Starting parallel fetch for topics...
2026-04-04 23:05:01 | INFO     | live_articles:fetch_trending:339 - Trending: Total fetched 45 articles.
2026-04-04 23:06:08 | INFO     | __main__:ask_question:76 - Question: cell cycle | Hybrid: True | Book: None
2026-04-04 23:06:08 | INFO     | faiss_store:search:172 - FAISS Search: query='cell cycle...', search_k=25, ntotal=11303
2026-04-04 23:06:08 | INFO     | faiss_store:search:200 - FAISS Search: Matches for book_id=None: 0
2026-04-04 23:06:08 | INFO     | live_articles:search_articles:243 - Article Search: 'cell cycle' | Page: 1
2026-04-04 23:06:08 | INFO     | live_articles:search_articles:252 - Adding PubMed task for 'cell cycle'
2026-04-04 23:06:08 | INFO     | live_articles:search_articles:255 - Adding arXiv task for 'cell cycle'
2026-04-04 23:06:08 | INFO     | live_articles:search_articles:262 - Adding Wikipedia task for 'cell cycle'
2026-04-04 23:06:08 | INFO     | live_articles:fetch_pubmed:105 - PubMed: Searching for 'cell cycle' (retmax=10)
2026-04-04 23:06:10 | INFO     | live_articles:fetch_pubmed:123 - PubMed search returned 10 IDs (Total: 601280)
2026-04-04 23:06:11 | INFO     | live_articles:fetch_pubmed:179 - PubMed: Successfully parsed 10 articles.
2026-04-04 23:06:11 | INFO     | live_articles:search_articles:288 - Source 0 returned 10 articles (Total in source: 601280)
2026-04-04 23:06:11 | INFO     | live_articles:search_articles:288 - Source 1 returned 10 articles (Total in source: 95410)
2026-04-04 23:06:11 | INFO     | live_articles:search_articles:292 - Wikipedia returned 0 articles
2026-04-06 13:17:25 | INFO     | __main__:startup_event:37 - SciAI PRODUCTION ENGINE STARTING...
2026-04-06 13:18:50 | INFO     | __main__:ask_question:82 - Question: about this pdf total impotant topics | Hybrid: True | Book: edb4c32b-0f48-4640-81db-ab7deb671fb8
2026-04-06 13:18:51 | INFO     | faiss_store:load:73 - FAISS: Loaded 11303 vectors of type IndexIDMap2.
2026-04-06 13:18:51 | INFO     | faiss_store:get_model:15 - Loading embedding model...
2026-04-06 13:18:57 | INFO     | faiss_store:search:202 - FAISS Search: query='about this pdf total impotant ...', search_k=11303, ntotal=11303
2026-04-06 13:18:57 | INFO     | faiss_store:search:230 - FAISS Search: Matches for book_id=edb4c32b-0f48-4640-81db-ab7deb671fb8: 405
2026-04-06 13:19:29 | INFO     | live_articles:fetch_trending:320 - Fetching trending for topics: ['climate change mitigation', 'CRISPR gene editing', 'cancer immunotherapy']
2026-04-06 13:19:29 | INFO     | live_articles:fetch_trending:324 - Trending: Starting parallel fetch for topics...
2026-04-06 13:19:29 | INFO     | live_articles:fetch_pubmed:106 - PubMed: Searching for 'climate change mitigation' (retmax=10)
2026-04-06 13:19:29 | INFO     | live_articles:fetch_pubmed:106 - PubMed: Searching for 'CRISPR gene editing' (retmax=10)
2026-04-06 13:19:29 | INFO     | live_articles:fetch_pubmed:106 - PubMed: Searching for 'cancer immunotherapy' (retmax=10)
2026-04-06 13:19:31 | INFO     | live_articles:fetch_pubmed:124 - PubMed search returned 10 IDs (Total: 24058)
2026-04-06 13:19:31 | INFO     | live_articles:fetch_pubmed:124 - PubMed search returned 10 IDs (Total: 15928)
2026-04-06 13:19:31 | INFO     | live_articles:fetch_pubmed:124 - PubMed search returned 10 IDs (Total: 224531)
2026-04-06 13:19:32 | WARNING  | live_articles:fetch_pubmed:136 - PubMed efetch hit 429 Rate Limit. Retrying after 2s...
2026-04-06 13:19:33 | INFO     | live_articles:fetch_pubmed:180 - PubMed: Successfully parsed 10 articles.
2026-04-06 13:19:33 | INFO     | live_articles:fetch_pubmed:180 - PubMed: Successfully parsed 10 articles.
2026-04-06 13:19:35 | INFO     | live_articles:fetch_pubmed:180 - PubMed: Successfully parsed 10 articles.
2026-04-06 13:19:35 | INFO     | live_articles:fetch_trending:340 - Trending: Total fetched 45 articles.
2026-04-06 13:20:04 | INFO     | live_articles:search_articles:244 - Article Search: 'scnt' | Page: 1
2026-04-06 13:20:04 | INFO     | live_articles:search_articles:253 - Adding PubMed task for 'scnt'
2026-04-06 13:20:04 | INFO     | live_articles:search_articles:256 - Adding arXiv task for 'scnt'
2026-04-06 13:20:04 | INFO     | live_articles:search_articles:263 - Adding Wikipedia task for 'scnt'
2026-04-06 13:20:04 | INFO     | live_articles:fetch_pubmed:106 - PubMed: Searching for 'scnt' (retmax=10)
2026-04-06 13:20:05 | INFO     | live_articles:fetch_pubmed:124 - PubMed search returned 10 IDs (Total: 1866)
2026-04-06 13:20:06 | INFO     | live_articles:fetch_pubmed:180 - PubMed: Successfully parsed 10 articles.
2026-04-06 13:20:06 | INFO     | live_articles:search_articles:289 - Source 0 returned 10 articles (Total in source: 1866)
2026-04-06 13:20:06 | INFO     | live_articles:search_articles:289 - Source 1 returned 1 articles (Total in source: 1)
2026-04-06 13:20:06 | INFO     | live_articles:search_articles:293 - Wikipedia returned 0 articles
2026-04-06 13:20:09 | INFO     | live_articles:search_articles:244 - Article Search: 'scnt' | Page: 1
2026-04-06 13:20:09 | INFO     | live_articles:search_articles:253 - Adding PubMed task for 'scnt'
2026-04-06 13:20:09 | INFO     | live_articles:search_articles:256 - Adding arXiv task for 'scnt'
2026-04-06 13:20:09 | INFO     | live_articles:search_articles:263 - Adding Wikipedia task for 'scnt'
2026-04-06 13:20:09 | INFO     | live_articles:search_articles:289 - Source 0 returned 10 articles (Total in source: 1866)
2026-04-06 13:20:09 | INFO     | live_articles:search_articles:289 - Source 1 returned 1 articles (Total in source: 1)
2026-04-06 13:20:09 | INFO     | live_articles:search_articles:293 - Wikipedia returned 0 articles
2026-04-06 13:20:11 | INFO     | live_articles:search_articles:244 - Article Search: 'scnt' | Page: 1
2026-04-06 13:20:11 | INFO     | live_articles:search_articles:253 - Adding PubMed task for 'scnt'
2026-04-06 13:20:11 | INFO     | live_articles:search_articles:256 - Adding arXiv task for 'scnt'
2026-04-06 13:20:11 | INFO     | live_articles:search_articles:263 - Adding Wikipedia task for 'scnt'
2026-04-06 13:20:11 | INFO     | live_articles:fetch_pubmed:106 - PubMed: Searching for 'scnt' (retmax=10)
2026-04-06 13:20:13 | INFO     | live_articles:fetch_pubmed:124 - PubMed search returned 10 IDs (Total: 1866)
2026-04-06 13:20:15 | INFO     | live_articles:fetch_pubmed:180 - PubMed: Successfully parsed 10 articles.
2026-04-06 13:20:15 | INFO     | live_articles:search_articles:289 - Source 0 returned 10 articles (Total in source: 1866)
2026-04-06 13:20:15 | INFO     | live_articles:search_articles:289 - Source 1 returned 1 articles (Total in source: 1)
2026-04-06 13:20:15 | INFO     | live_articles:search_articles:293 - Wikipedia returned 0 articles
2026-04-06 13:20:21 | INFO     | live_articles:search_articles:244 - Article Search: 'scnt' | Page: 1
2026-04-06 13:20:21 | INFO     | live_articles:search_articles:253 - Adding PubMed task for 'scnt'
2026-04-06 13:20:21 | INFO     | live_articles:search_articles:256 - Adding arXiv task for 'scnt'
2026-04-06 13:20:21 | INFO     | live_articles:search_articles:263 - Adding Wikipedia task for 'scnt'
2026-04-06 13:20:21 | INFO     | live_articles:fetch_pubmed:106 - PubMed: Searching for 'scnt' (retmax=10)
2026-04-06 13:20:22 | INFO     | live_articles:fetch_pubmed:124 - PubMed search returned 10 IDs (Total: 1866)
2026-04-06 13:20:23 | INFO     | live_articles:fetch_pubmed:180 - PubMed: Successfully parsed 10 articles.
2026-04-06 13:20:23 | INFO     | live_articles:search_articles:289 - Source 0 returned 10 articles (Total in source: 1866)
2026-04-06 13:20:23 | INFO     | live_articles:search_articles:289 - Source 1 returned 1 articles (Total in source: 1)
2026-04-06 13:20:23 | INFO     | live_articles:search_articles:293 - Wikipedia returned 0 articles
2026-04-06 13:20:35 | INFO     | live_articles:search_articles:244 - Article Search: 'scnt' | Page: 2
2026-04-06 13:20:35 | INFO     | live_articles:search_articles:253 - Adding PubMed task for 'scnt'
2026-04-06 13:20:35 | INFO     | live_articles:search_articles:256 - Adding arXiv task for 'scnt'
2026-04-06 13:20:35 | INFO     | live_articles:fetch_pubmed:106 - PubMed: Searching for 'scnt' (retmax=10)
2026-04-06 13:20:37 | INFO     | live_articles:fetch_pubmed:124 - PubMed search returned 10 IDs (Total: 1866)
2026-04-06 13:20:40 | INFO     | live_articles:fetch_pubmed:180 - PubMed: Successfully parsed 10 articles.
2026-04-06 13:20:40 | INFO     | live_articles:search_articles:289 - Source 0 returned 10 articles (Total in source: 1866)
2026-04-06 13:20:40 | INFO     | live_articles:search_articles:289 - Source 1 returned 0 articles (Total in source: 1)
2026-04-06 13:21:04 | INFO     | __main__:ask_question:82 - Question: cell | Hybrid: True | Book: None
2026-04-06 13:21:04 | INFO     | faiss_store:search:202 - FAISS Search: query='cell...', search_k=25, ntotal=11303
2026-04-06 13:21:04 | INFO     | faiss_store:search:230 - FAISS Search: Matches for book_id=None: 0
2026-04-06 13:21:04 | INFO     | live_articles:search_articles:244 - Article Search: 'cell' | Page: 1
2026-04-06 13:21:04 | INFO     | live_articles:search_articles:253 - Adding PubMed task for 'cell'
2026-04-06 13:21:04 | INFO     | live_articles:search_articles:256 - Adding arXiv task for 'cell'
2026-04-06 13:21:04 | INFO     | live_articles:search_articles:263 - Adding Wikipedia task for 'cell'
2026-04-06 13:21:04 | INFO     | live_articles:fetch_pubmed:106 - PubMed: Searching for 'cell' (retmax=10)
2026-04-06 13:21:08 | INFO     | live_articles:fetch_pubmed:124 - PubMed search returned 10 IDs (Total: 8936419)
2026-04-06 13:21:11 | INFO     | live_articles:fetch_pubmed:180 - PubMed: Successfully parsed 10 articles.
2026-04-06 13:21:11 | INFO     | live_articles:search_articles:289 - Source 0 returned 10 articles (Total in source: 8936419)
2026-04-06 13:21:11 | INFO     | live_articles:search_articles:289 - Source 1 returned 10 articles (Total in source: 52256)
2026-04-06 13:21:11 | INFO     | live_articles:search_articles:293 - Wikipedia returned 0 articles
2026-04-06 13:21:26 | INFO     | __main__:ask_question:82 - Question: cell | Hybrid: True | Book: None
2026-04-06 13:21:44 | INFO     | __main__:ask_question:82 - Question: cell | Hybrid: True | Book: None
2026-04-06 13:21:57 | INFO     | __main__:ask_question:82 - Question: cell | Hybrid: True | Book: None
2026-04-06 13:22:19 | INFO     | __main__:ask_question:82 - Question: cell | Hybrid: True | Book: None
2026-04-06 13:22:30 | INFO     | __main__:ask_question:82 - Question: cell | Hybrid: True | Book: None
2026-04-06 13:23:24 | INFO     | __main__:ask_question:82 - Question: The image provided is a professional resume or curriculum vitae for an individual named Mohd. Ayaz Hussain.

Summary of the content:
- Personal Profile: The candidate identifies as a Zoology student currently pursuing a Master of Science in Biotechnology and preparing for competitive exams like CSIR NET.
- Professional Title: Zoology Teacher.
- Contact Information: Located in Ghaziabad, India, with phone and email details provided.
- Education: Holds a Bachelor of Science in Zoology from Acharya Narendra Dev College (Delhi University) and is currently pursuing a Master of Science in Biotechnology from Chaudhry Charan Singh University.
- Skills: Hardworking, passionate, and cheerful.
- Work History: This section is currently blank.

There is no scientific question present in this image. | Hybrid: True | Book: None
2026-04-06 13:23:24 | INFO     | faiss_store:search:202 - FAISS Search: query='The image provided is a profes...', search_k=25, ntotal=11303
2026-04-06 13:23:24 | INFO     | faiss_store:search:230 - FAISS Search: Matches for book_id=None: 16
2026-04-06 13:23:24 | INFO     | live_articles:search_articles:244 - Article Search: 'The image provided is a professional resume or curriculum vitae for an individual named Mohd. Ayaz Hussain.

Summary of the content:
- Personal Profile: The candidate identifies as a Zoology student currently pursuing a Master of Science in Biotechnology and preparing for competitive exams like CSIR NET.
- Professional Title: Zoology Teacher.
- Contact Information: Located in Ghaziabad, India, with phone and email details provided.
- Education: Holds a Bachelor of Science in Zoology from Acharya Narendra Dev College (Delhi University) and is currently pursuing a Master of Science in Biotechnology from Chaudhry Charan Singh University.
- Skills: Hardworking, passionate, and cheerful.
- Work History: This section is currently blank.

There is no scientific question present in this image.' | Page: 1
2026-04-06 13:23:24 | INFO     | live_articles:search_articles:253 - Adding PubMed task for 'The image provided is a professional resume or curriculum vitae for an individual named Mohd. Ayaz Hussain.

Summary of the content:
- Personal Profile: The candidate identifies as a Zoology student currently pursuing a Master of Science in Biotechnology and preparing for competitive exams like CSIR NET.
- Professional Title: Zoology Teacher.
- Contact Information: Located in Ghaziabad, India, with phone and email details provided.
- Education: Holds a Bachelor of Science in Zoology from Acharya Narendra Dev College (Delhi University) and is currently pursuing a Master of Science in Biotechnology from Chaudhry Charan Singh University.
- Skills: Hardworking, passionate, and cheerful.
- Work History: This section is currently blank.

There is no scientific question present in this image.'
2026-04-06 13:23:24 | INFO     | live_articles:search_articles:256 - Adding arXiv task for 'The image provided is a professional resume or curriculum vitae for an individual named Mohd. Ayaz Hussain.

Summary of the content:
- Personal Profile: The candidate identifies as a Zoology student currently pursuing a Master of Science in Biotechnology and preparing for competitive exams like CSIR NET.
- Professional Title: Zoology Teacher.
- Contact Information: Located in Ghaziabad, India, with phone and email details provided.
- Education: Holds a Bachelor of Science in Zoology from Acharya Narendra Dev College (Delhi University) and is currently pursuing a Master of Science in Biotechnology from Chaudhry Charan Singh University.
- Skills: Hardworking, passionate, and cheerful.
- Work History: This section is currently blank.

There is no scientific question present in this image.'
2026-04-06 13:23:24 | INFO     | live_articles:search_articles:263 - Adding Wikipedia task for 'The image provided is a professional resume or curriculum vitae for an individual named Mohd. Ayaz Hussain.

Summary of the content:
- Personal Profile: The candidate identifies as a Zoology student currently pursuing a Master of Science in Biotechnology and preparing for competitive exams like CSIR NET.
- Professional Title: Zoology Teacher.
- Contact Information: Located in Ghaziabad, India, with phone and email details provided.
- Education: Holds a Bachelor of Science in Zoology from Acharya Narendra Dev College (Delhi University) and is currently pursuing a Master of Science in Biotechnology from Chaudhry Charan Singh University.
- Skills: Hardworking, passionate, and cheerful.
- Work History: This section is currently blank.

There is no scientific question present in this image.'
2026-04-06 13:23:24 | INFO     | live_articles:fetch_pubmed:106 - PubMed: Searching for 'The image provided is a professional resume or curriculum vitae for an individual named Mohd. Ayaz Hussain.

Summary of the content:
- Personal Profile: The candidate identifies as a Zoology student currently pursuing a Master of Science in Biotechnology and preparing for competitive exams like CSIR NET.
- Professional Title: Zoology Teacher.
- Contact Information: Located in Ghaziabad, India, with phone and email details provided.
- Education: Holds a Bachelor of Science in Zoology from Acharya Narendra Dev College (Delhi University) and is currently pursuing a Master of Science in Biotechnology from Chaudhry Charan Singh University.
- Skills: Hardworking, passionate, and cheerful.
- Work History: This section is currently blank.

There is no scientific question present in this image.' (retmax=10)
2026-04-06 13:23:24 | ERROR    | live_articles:fetch_arxiv:238 - arXiv API error: Invalid non-printable ASCII character in URL, '\n' at position 158.
2026-04-06 13:23:24 | ERROR    | live_articles:fetch_pubmed:187 - PubMed final error: InvalidURL: Invalid non-printable ASCII character in URL, '\n' at position 181.
2026-04-06 13:23:24 | INFO     | live_articles:search_articles:289 - Source 0 returned 0 articles (Total in source: 0)
2026-04-06 13:23:24 | INFO     | live_articles:search_articles:289 - Source 1 returned 0 articles (Total in source: 0)
2026-04-06 13:23:24 | INFO     | live_articles:search_articles:293 - Wikipedia returned 0 articles
2026-04-06 13:23:58 | INFO     | __main__:ask_question:82 - Question: The image provided is a resume or curriculum vitae for a person named Mohd. Ayaz Hussain. It includes the following sections:

- Profile Photo
- Personal Information: Name (Mohd. Ayaz Hussain), Role (Zoology Teacher)
- Contact Details: Address (Ghaziabad, India), Phone number, and Email address
- Skills: Hardworking, passionate, and cheerful
- Professional Summary: Describes his status as a master’s student in biotechnology, his preparation for CSIR NET exams, and his perspective on the field of Zoology
- Work History: Currently blank
- Education: Lists a Master of Science in Biotechnology from Chaudhry Charan Singh University and a Bachelor of Science in Zoology from Acharya Narendra Dev College (Delhi University).

The image does not contain a scientific question. It is a personal professional document. | Hybrid: True | Book: None
2026-04-06 13:23:58 | INFO     | faiss_store:search:202 - FAISS Search: query='The image provided is a resume...', search_k=25, ntotal=11303
2026-04-06 13:23:58 | INFO     | faiss_store:search:230 - FAISS Search: Matches for book_id=None: 14
2026-04-06 13:23:58 | INFO     | live_articles:search_articles:244 - Article Search: 'The image provided is a resume or curriculum vitae for a person named Mohd. Ayaz Hussain. It includes the following sections:

- Profile Photo
- Personal Information: Name (Mohd. Ayaz Hussain), Role (Zoology Teacher)
- Contact Details: Address (Ghaziabad, India), Phone number, and Email address
- Skills: Hardworking, passionate, and cheerful
- Professional Summary: Describes his status as a master’s student in biotechnology, his preparation for CSIR NET exams, and his perspective on the field of Zoology
- Work History: Currently blank
- Education: Lists a Master of Science in Biotechnology from Chaudhry Charan Singh University and a Bachelor of Science in Zoology from Acharya Narendra Dev College (Delhi University).

The image does not contain a scientific question. It is a personal professional document.' | Page: 1
2026-04-06 13:23:58 | INFO     | live_articles:search_articles:253 - Adding PubMed task for 'The image provided is a resume or curriculum vitae for a person named Mohd. Ayaz Hussain. It includes the following sections:

- Profile Photo
- Personal Information: Name (Mohd. Ayaz Hussain), Role (Zoology Teacher)
- Contact Details: Address (Ghaziabad, India), Phone number, and Email address
- Skills: Hardworking, passionate, and cheerful
- Professional Summary: Describes his status as a master’s student in biotechnology, his preparation for CSIR NET exams, and his perspective on the field of Zoology
- Work History: Currently blank
- Education: Lists a Master of Science in Biotechnology from Chaudhry Charan Singh University and a Bachelor of Science in Zoology from Acharya Narendra Dev College (Delhi University).

The image does not contain a scientific question. It is a personal professional document.'
2026-04-06 13:23:58 | INFO     | live_articles:search_articles:256 - Adding arXiv task for 'The image provided is a resume or curriculum vitae for a person named Mohd. Ayaz Hussain. It includes the following sections:

- Profile Photo
- Personal Information: Name (Mohd. Ayaz Hussain), Role (Zoology Teacher)
- Contact Details: Address (Ghaziabad, India), Phone number, and Email address
- Skills: Hardworking, passionate, and cheerful
- Professional Summary: Describes his status as a master’s student in biotechnology, his preparation for CSIR NET exams, and his perspective on the field of Zoology
- Work History: Currently blank
- Education: Lists a Master of Science in Biotechnology from Chaudhry Charan Singh University and a Bachelor of Science in Zoology from Acharya Narendra Dev College (Delhi University).

The image does not contain a scientific question. It is a personal professional document.'
2026-04-06 13:23:58 | INFO     | live_articles:search_articles:263 - Adding Wikipedia task for 'The image provided is a resume or curriculum vitae for a person named Mohd. Ayaz Hussain. It includes the following sections:

- Profile Photo
- Personal Information: Name (Mohd. Ayaz Hussain), Role (Zoology Teacher)
- Contact Details: Address (Ghaziabad, India), Phone number, and Email address
- Skills: Hardworking, passionate, and cheerful
- Professional Summary: Describes his status as a master’s student in biotechnology, his preparation for CSIR NET exams, and his perspective on the field of Zoology
- Work History: Currently blank
- Education: Lists a Master of Science in Biotechnology from Chaudhry Charan Singh University and a Bachelor of Science in Zoology from Acharya Narendra Dev College (Delhi University).

The image does not contain a scientific question. It is a personal professional document.'
2026-04-06 13:23:58 | INFO     | live_articles:fetch_pubmed:106 - PubMed: Searching for 'The image provided is a resume or curriculum vitae for a person named Mohd. Ayaz Hussain. It includes the following sections:

- Profile Photo
- Personal Information: Name (Mohd. Ayaz Hussain), Role (Zoology Teacher)
- Contact Details: Address (Ghaziabad, India), Phone number, and Email address
- Skills: Hardworking, passionate, and cheerful
- Professional Summary: Describes his status as a master’s student in biotechnology, his preparation for CSIR NET exams, and his perspective on the field of Zoology
- Work History: Currently blank
- Education: Lists a Master of Science in Biotechnology from Chaudhry Charan Singh University and a Bachelor of Science in Zoology from Acharya Narendra Dev College (Delhi University).

The image does not contain a scientific question. It is a personal professional document.' (retmax=10)
2026-04-06 13:23:58 | ERROR    | live_articles:fetch_arxiv:238 - arXiv API error: Invalid non-printable ASCII character in URL, '\n' at position 176.
2026-04-06 13:23:58 | ERROR    | live_articles:fetch_pubmed:187 - PubMed final error: InvalidURL: Invalid non-printable ASCII character in URL, '\n' at position 199.
2026-04-06 13:23:58 | INFO     | live_articles:search_articles:289 - Source 0 returned 0 articles (Total in source: 0)
2026-04-06 13:23:58 | INFO     | live_articles:search_articles:289 - Source 1 returned 0 articles (Total in source: 0)
2026-04-06 13:23:58 | INFO     | live_articles:search_articles:293 - Wikipedia returned 0 articles
2026-04-06 13:28:00 | INFO     | __main__:startup_event:37 - SciAI PRODUCTION ENGINE STARTING...
2026-04-06 13:28:10 | INFO     | live_articles:search_articles:244 - Article Search: 'scnt' | Page: 1
2026-04-06 13:28:11 | INFO     | live_articles:search_articles:253 - Adding PubMed task for 'scnt'
2026-04-06 13:28:11 | INFO     | live_articles:search_articles:256 - Adding arXiv task for 'scnt'
2026-04-06 13:28:11 | INFO     | live_articles:search_articles:263 - Adding Wikipedia task for 'scnt'
2026-04-06 13:28:11 | INFO     | live_articles:search_articles:289 - Source 0 returned 10 articles (Total in source: 1866)
2026-04-06 13:28:11 | INFO     | live_articles:search_articles:289 - Source 1 returned 1 articles (Total in source: 1)
2026-04-06 13:28:11 | INFO     | live_articles:search_articles:293 - Wikipedia returned 0 articles
2026-04-06 13:28:35 | INFO     | live_articles:fetch_trending:320 - Fetching trending for topics: ['quantum computing', 'cancer immunotherapy', 'neuroscience consciousness']
2026-04-06 13:28:35 | INFO     | live_articles:fetch_trending:324 - Trending: Starting parallel fetch for topics...
2026-04-06 13:28:35 | INFO     | live_articles:fetch_pubmed:106 - PubMed: Searching for 'quantum computing' (retmax=10)
2026-04-06 13:28:35 | INFO     | live_articles:fetch_pubmed:106 - PubMed: Searching for 'neuroscience consciousness' (retmax=10)
2026-04-06 13:28:37 | INFO     | live_articles:fetch_pubmed:124 - PubMed search returned 10 IDs (Total: 51121)
2026-04-06 13:28:37 | INFO     | live_articles:fetch_pubmed:124 - PubMed search returned 10 IDs (Total: 6697)
2026-04-06 13:28:38 | INFO     | live_articles:fetch_pubmed:180 - PubMed: Successfully parsed 10 articles.
2026-04-06 13:28:39 | INFO     | live_articles:fetch_pubmed:180 - PubMed: Successfully parsed 10 articles.
2026-04-06 13:28:39 | INFO     | live_articles:fetch_trending:340 - Trending: Total fetched 45 articles.
2026-04-06 13:41:21 | INFO     | __main__:startup_event:37 - SciAI PRODUCTION ENGINE STARTING...
2026-04-06 13:42:11 | INFO     | live_articles:fetch_trending:320 - Fetching trending for topics: ['nanomaterials', 'CRISPR gene editing', 'artificial intelligence drug discovery']
2026-04-06 13:42:12 | INFO     | live_articles:fetch_trending:324 - Trending: Starting parallel fetch for topics...
2026-04-06 13:42:12 | INFO     | live_articles:fetch_pubmed:106 - PubMed: Searching for 'nanomaterials' (retmax=10)
2026-04-06 13:42:12 | INFO     | live_articles:fetch_pubmed:106 - PubMed: Searching for 'artificial intelligence drug discovery' (retmax=10)
2026-04-06 13:42:13 | INFO     | live_articles:fetch_pubmed:124 - PubMed search returned 10 IDs (Total: 433452)
2026-04-06 13:42:13 | INFO     | live_articles:fetch_pubmed:124 - PubMed search returned 10 IDs (Total: 9642)
2026-04-06 13:42:15 | INFO     | live_articles:fetch_pubmed:180 - PubMed: Successfully parsed 10 articles.
2026-04-06 13:42:16 | INFO     | live_articles:fetch_pubmed:180 - PubMed: Successfully parsed 10 articles.
2026-04-06 13:42:16 | INFO     | live_articles:fetch_trending:340 - Trending: Total fetched 45 articles.
2026-04-06 13:42:39 | INFO     | live_articles:search_articles:244 - Article Search: 'scnt ' | Page: 1
2026-04-06 13:42:39 | INFO     | live_articles:search_articles:253 - Adding PubMed task for 'scnt '
2026-04-06 13:42:39 | INFO     | live_articles:search_articles:256 - Adding arXiv task for 'scnt '
2026-04-06 13:42:39 | INFO     | live_articles:search_articles:263 - Adding Wikipedia task for 'scnt '
2026-04-06 13:42:39 | INFO     | live_articles:fetch_pubmed:106 - PubMed: Searching for 'scnt ' (retmax=10)
2026-04-06 13:42:41 | INFO     | live_articles:fetch_pubmed:124 - PubMed search returned 10 IDs (Total: 1866)
2026-04-06 13:42:43 | INFO     | live_articles:fetch_pubmed:180 - PubMed: Successfully parsed 10 articles.
2026-04-06 13:42:43 | INFO     | live_articles:search_articles:289 - Source 0 returned 10 articles (Total in source: 1866)
2026-04-06 13:42:43 | INFO     | live_articles:search_articles:289 - Source 1 returned 1 articles (Total in source: 1)
2026-04-06 13:42:43 | INFO     | live_articles:search_articles:293 - Wikipedia returned 0 articles
2026-04-06 13:42:45 | INFO     | live_articles:search_articles:244 - Article Search: 'scnt ' | Page: 1
2026-04-06 13:42:45 | INFO     | live_articles:search_articles:253 - Adding PubMed task for 'scnt '
2026-04-06 13:42:45 | INFO     | live_articles:search_articles:256 - Adding arXiv task for 'scnt '
2026-04-06 13:42:45 | INFO     | live_articles:search_articles:263 - Adding Wikipedia task for 'scnt '
2026-04-06 13:42:45 | INFO     | live_articles:fetch_pubmed:106 - PubMed: Searching for 'scnt ' (retmax=10)
2026-04-06 13:42:46 | ERROR    | live_articles:fetch_pubmed:187 - PubMed final error: RemoteProtocolError: Server disconnected without sending a response.
2026-04-06 13:42:46 | INFO     | live_articles:search_articles:289 - Source 0 returned 0 articles (Total in source: 0)
2026-04-06 13:42:46 | INFO     | live_articles:search_articles:289 - Source 1 returned 1 articles (Total in source: 1)
2026-04-06 13:42:46 | INFO     | live_articles:search_articles:293 - Wikipedia returned 0 articles
2026-04-06 13:42:48 | INFO     | live_articles:search_articles:244 - Article Search: 'scnt ' | Page: 1
2026-04-06 13:42:48 | INFO     | live_articles:search_articles:253 - Adding PubMed task for 'scnt '
2026-04-06 13:42:48 | INFO     | live_articles:search_articles:256 - Adding arXiv task for 'scnt '
2026-04-06 13:42:48 | INFO     | live_articles:search_articles:263 - Adding Wikipedia task for 'scnt '
2026-04-06 13:42:48 | INFO     | live_articles:fetch_pubmed:106 - PubMed: Searching for 'scnt ' (retmax=10)
2026-04-06 13:42:50 | INFO     | live_articles:fetch_pubmed:124 - PubMed search returned 10 IDs (Total: 1866)
2026-04-06 13:42:52 | INFO     | live_articles:fetch_pubmed:180 - PubMed: Successfully parsed 10 articles.
2026-04-06 13:42:52 | INFO     | live_articles:search_articles:289 - Source 0 returned 10 articles (Total in source: 1866)
2026-04-06 13:42:52 | INFO     | live_articles:search_articles:289 - Source 1 returned 1 articles (Total in source: 1)
2026-04-06 13:42:52 | INFO     | live_articles:search_articles:293 - Wikipedia returned 0 articles
2026-04-06 13:42:54 | INFO     | live_articles:search_articles:244 - Article Search: 'scnt ' | Page: 1
2026-04-06 13:42:54 | INFO     | live_articles:search_articles:253 - Adding PubMed task for 'scnt '
2026-04-06 13:42:54 | INFO     | live_articles:search_articles:256 - Adding arXiv task for 'scnt '
2026-04-06 13:42:54 | INFO     | live_articles:search_articles:263 - Adding Wikipedia task for 'scnt '
2026-04-06 13:42:54 | INFO     | live_articles:fetch_pubmed:106 - PubMed: Searching for 'scnt ' (retmax=10)
2026-04-06 13:42:55 | INFO     | live_articles:fetch_pubmed:124 - PubMed search returned 10 IDs (Total: 1866)
2026-04-06 13:42:56 | INFO     | live_articles:fetch_pubmed:180 - PubMed: Successfully parsed 10 articles.
2026-04-06 13:42:56 | INFO     | live_articles:search_articles:289 - Source 0 returned 10 articles (Total in source: 1866)
2026-04-06 13:42:56 | INFO     | live_articles:search_articles:289 - Source 1 returned 1 articles (Total in source: 1)
2026-04-06 13:42:56 | INFO     | live_articles:search_articles:293 - Wikipedia returned 0 articles
2026-04-06 15:28:16 | INFO     | __main__:startup_event:37 - SciAI PRODUCTION ENGINE STARTING...
2026-04-11 12:08:05 | INFO     | __main__:startup_event:37 - SciAI PRODUCTION ENGINE STARTING...
2026-04-11 12:10:09 | INFO     | live_articles:fetch_trending:320 - Fetching trending for topics: ['CRISPR gene editing', 'graphene applications', 'artificial intelligence drug discovery']
2026-04-11 12:10:09 | INFO     | live_articles:fetch_trending:324 - Trending: Starting parallel fetch for topics...
2026-04-11 12:10:09 | INFO     | live_articles:fetch_pubmed:106 - PubMed: Searching for 'CRISPR gene editing' (retmax=10)
2026-04-11 12:10:09 | INFO     | live_articles:fetch_pubmed:106 - PubMed: Searching for 'graphene applications' (retmax=10)
2026-04-11 12:10:09 | INFO     | live_articles:fetch_pubmed:106 - PubMed: Searching for 'artificial intelligence drug discovery' (retmax=10)
2026-04-11 12:10:11 | INFO     | live_articles:fetch_pubmed:124 - PubMed search returned 10 IDs (Total: 24107)
2026-04-11 12:10:11 | INFO     | live_articles:fetch_pubmed:124 - PubMed search returned 10 IDs (Total: 9670)
2026-04-11 12:10:11 | INFO     | live_articles:fetch_pubmed:124 - PubMed search returned 10 IDs (Total: 35065)
2026-04-11 12:10:11 | WARNING  | live_articles:fetch_pubmed:136 - PubMed efetch hit 429 Rate Limit. Retrying after 2s...
2026-04-11 12:10:12 | INFO     | live_articles:fetch_pubmed:180 - PubMed: Successfully parsed 10 articles.
2026-04-11 12:10:12 | INFO     | live_articles:fetch_pubmed:180 - PubMed: Successfully parsed 10 articles.
2026-04-11 12:10:14 | INFO     | live_articles:fetch_pubmed:180 - PubMed: Successfully parsed 10 articles.
2026-04-11 12:10:14 | INFO     | live_articles:fetch_trending:340 - Trending: Total fetched 45 articles.
2026-04-11 12:25:27 | INFO     | __main__:startup_event:37 - SciAI PRODUCTION ENGINE STARTING...
2026-04-11 12:25:31 | INFO     | live_articles:fetch_trending:320 - Fetching trending for topics: ['neuroscience consciousness', 'protein folding', 'cancer immunotherapy']
2026-04-11 12:25:32 | INFO     | live_articles:fetch_trending:324 - Trending: Starting parallel fetch for topics...
2026-04-11 12:25:32 | INFO     | live_articles:fetch_pubmed:106 - PubMed: Searching for 'neuroscience consciousness' (retmax=10)
2026-04-11 12:25:32 | INFO     | live_articles:fetch_pubmed:106 - PubMed: Searching for 'protein folding' (retmax=10)
2026-04-11 12:25:32 | INFO     | live_articles:fetch_pubmed:106 - PubMed: Searching for 'cancer immunotherapy' (retmax=10)
2026-04-11 12:25:33 | INFO     | live_articles:fetch_pubmed:124 - PubMed search returned 10 IDs (Total: 6707)
2026-04-11 12:25:33 | INFO     | live_articles:fetch_pubmed:124 - PubMed search returned 10 IDs (Total: 98796)
2026-04-11 12:25:34 | INFO     | live_articles:fetch_pubmed:124 - PubMed search returned 10 IDs (Total: 224905)
2026-04-11 12:25:34 | WARNING  | live_articles:fetch_pubmed:136 - PubMed efetch hit 429 Rate Limit. Retrying after 2s...
2026-04-11 12:25:34 | WARNING  | live_articles:fetch_pubmed:136 - PubMed efetch hit 429 Rate Limit. Retrying after 2s...
2026-04-11 12:25:36 | INFO     | live_articles:fetch_pubmed:180 - PubMed: Successfully parsed 10 articles.
2026-04-11 12:25:37 | INFO     | live_articles:fetch_pubmed:180 - PubMed: Successfully parsed 10 articles.
2026-04-11 12:25:38 | INFO     | live_articles:fetch_pubmed:180 - PubMed: Successfully parsed 10 articles.
2026-04-11 12:25:38 | INFO     | live_articles:fetch_trending:340 - Trending: Total fetched 45 articles.
2026-04-11 12:26:06 | INFO     | __main__:ask_question:90 - Question: TELL ME ABOUT THIS | Hybrid: True | Book: edb4c32b-0f48-4640-81db-ab7deb671fb8
2026-04-11 12:26:06 | INFO     | faiss_store:load:73 - FAISS: Loaded 11303 vectors of type IndexIDMap2.
2026-04-11 12:26:06 | INFO     | faiss_store:get_model:15 - Loading embedding model...
2026-04-11 12:26:12 | INFO     | faiss_store:search:202 - FAISS Search: query='TELL ME ABOUT THIS...', search_k=11303, ntotal=11303
2026-04-11 12:26:12 | INFO     | faiss_store:search:230 - FAISS Search: Matches for book_id=edb4c32b-0f48-4640-81db-ab7deb671fb8: 405
2026-04-11 12:35:33 | INFO     | __main__:startup_event:37 - SciAI PRODUCTION ENGINE STARTING...
2026-04-11 12:36:33 | INFO     | __main__:ask_question:90 - Question: CELLULAR MOVEMENT | Hybrid: True | Book: None
2026-04-11 12:36:33 | INFO     | faiss_store:load:73 - FAISS: Loaded 11303 vectors of type IndexIDMap2.
2026-04-11 12:36:33 | INFO     | faiss_store:get_model:15 - Loading embedding model...
2026-04-11 12:36:38 | INFO     | faiss_store:search:202 - FAISS Search: query='CELLULAR MOVEMENT...', search_k=25, ntotal=11303
2026-04-11 12:36:38 | INFO     | faiss_store:search:230 - FAISS Search: Matches for book_id=None: 0
2026-04-11 12:36:38 | INFO     | live_articles:search_articles:244 - Article Search: 'CELLULAR MOVEMENT' | Page: 1
2026-04-11 12:36:39 | INFO     | live_articles:search_articles:253 - Adding PubMed task for 'CELLULAR MOVEMENT'
2026-04-11 12:36:39 | INFO     | live_articles:search_articles:256 - Adding arXiv task for 'CELLULAR MOVEMENT'
2026-04-11 12:36:39 | INFO     | live_articles:search_articles:263 - Adding Wikipedia task for 'CELLULAR MOVEMENT'
2026-04-11 12:36:39 | INFO     | live_articles:fetch_pubmed:106 - PubMed: Searching for 'CELLULAR MOVEMENT' (retmax=10)
2026-04-11 12:36:41 | INFO     | live_articles:fetch_pubmed:124 - PubMed search returned 10 IDs (Total: 288516)
2026-04-11 12:36:43 | INFO     | live_articles:fetch_pubmed:180 - PubMed: Successfully parsed 10 articles.
2026-04-11 12:36:43 | INFO     | live_articles:search_articles:289 - Source 0 returned 10 articles (Total in source: 288516)
2026-04-11 12:36:43 | INFO     | live_articles:search_articles:289 - Source 1 returned 10 articles (Total in source: 32414)
2026-04-11 12:36:43 | INFO     | live_articles:search_articles:293 - Wikipedia returned 0 articles
2026-04-11 12:38:24 | INFO     | live_articles:fetch_trending:320 - Fetching trending for topics: ['neuroscience consciousness', 'CRISPR gene editing', 'graphene applications']
2026-04-11 12:38:24 | INFO     | live_articles:fetch_trending:324 - Trending: Starting parallel fetch for topics...
2026-04-11 12:38:24 | INFO     | live_articles:fetch_trending:340 - Trending: Total fetched 45 articles.
2026-04-11 12:38:28 | INFO     | live_articles:fetch_trending:320 - Fetching trending for topics: ['artificial intelligence drug discovery', 'neuroscience consciousness', 'protein folding']
2026-04-11 12:38:28 | INFO     | live_articles:fetch_trending:324 - Trending: Starting parallel fetch for topics...
2026-04-11 12:38:28 | INFO     | live_articles:fetch_trending:340 - Trending: Total fetched 45 articles.
2026-04-11 12:38:29 | INFO     | live_articles:fetch_trending:320 - Fetching trending for topics: ['graphene applications', 'climate change mitigation', 'artificial intelligence drug discovery']
2026-04-11 12:38:29 | INFO     | live_articles:fetch_trending:324 - Trending: Starting parallel fetch for topics...
2026-04-11 12:38:29 | INFO     | live_articles:fetch_pubmed:106 - PubMed: Searching for 'climate change mitigation' (retmax=10)
2026-04-11 12:38:30 | INFO     | live_articles:fetch_trending:320 - Fetching trending for topics: ['CRISPR gene editing', 'climate change mitigation', 'stem cell therapy']
2026-04-11 12:38:30 | INFO     | live_articles:fetch_trending:324 - Trending: Starting parallel fetch for topics...
2026-04-11 12:38:30 | INFO     | live_articles:fetch_pubmed:106 - PubMed: Searching for 'climate change mitigation' (retmax=10)
2026-04-11 12:38:30 | INFO     | live_articles:fetch_pubmed:106 - PubMed: Searching for 'stem cell therapy' (retmax=10)
2026-04-11 12:38:30 | INFO     | live_articles:fetch_pubmed:124 - PubMed search returned 10 IDs (Total: 15965)
2026-04-11 12:38:31 | INFO     | live_articles:fetch_pubmed:124 - PubMed search returned 10 IDs (Total: 197935)
2026-04-11 12:38:32 | WARNING  | live_articles:fetch_pubmed:136 - PubMed efetch hit 429 Rate Limit. Retrying after 2s...
2026-04-11 12:38:32 | INFO     | live_articles:fetch_pubmed:124 - PubMed search returned 10 IDs (Total: 15965)
2026-04-11 12:38:32 | INFO     | live_articles:fetch_pubmed:180 - PubMed: Successfully parsed 10 articles.
2026-04-11 12:38:32 | INFO     | live_articles:fetch_trending:340 - Trending: Total fetched 45 articles.
2026-04-11 12:38:33 | INFO     | live_articles:fetch_pubmed:180 - PubMed: Successfully parsed 10 articles.
2026-04-11 12:38:34 | INFO     | live_articles:fetch_pubmed:180 - PubMed: Successfully parsed 10 articles.
2026-04-11 12:38:34 | INFO     | live_articles:fetch_trending:340 - Trending: Total fetched 45 articles.
2026-04-11 12:42:49 | INFO     | __main__:startup_event:37 - SciAI PRODUCTION ENGINE STARTING...
2026-04-11 12:42:55 | INFO     | live_articles:fetch_trending:320 - Fetching trending for topics: ['nanomaterials', 'graphene applications', 'neuroscience consciousness']
2026-04-11 12:42:56 | INFO     | live_articles:fetch_trending:324 - Trending: Starting parallel fetch for topics...
2026-04-11 12:42:56 | INFO     | live_articles:fetch_pubmed:106 - PubMed: Searching for 'nanomaterials' (retmax=10)
2026-04-11 12:42:57 | INFO     | live_articles:fetch_pubmed:124 - PubMed search returned 10 IDs (Total: 433903)
2026-04-11 12:42:59 | INFO     | live_articles:fetch_pubmed:180 - PubMed: Successfully parsed 10 articles.
2026-04-11 12:42:59 | INFO     | live_articles:fetch_trending:340 - Trending: Total fetched 45 articles.
2026-04-11 12:51:48 | INFO     | __main__:ask_question:90 - Question: generate questions | Hybrid: True | Book: None
2026-04-11 12:51:48 | INFO     | faiss_store:load:73 - FAISS: Loaded 11303 vectors of type IndexIDMap2.
2026-04-11 12:51:48 | INFO     | faiss_store:get_model:15 - Loading embedding model...
2026-04-11 12:51:54 | INFO     | faiss_store:search:202 - FAISS Search: query='generate questions...', search_k=25, ntotal=11303
2026-04-11 12:51:54 | INFO     | faiss_store:search:230 - FAISS Search: Matches for book_id=None: 2
2026-04-11 12:51:54 | INFO     | live_articles:search_articles:244 - Article Search: 'generate questions' | Page: 1
2026-04-11 12:51:54 | INFO     | live_articles:search_articles:253 - Adding PubMed task for 'generate questions'
2026-04-11 12:51:54 | INFO     | live_articles:search_articles:256 - Adding arXiv task for 'generate questions'
2026-04-11 12:51:54 | INFO     | live_articles:search_articles:263 - Adding Wikipedia task for 'generate questions'
2026-04-11 12:51:54 | INFO     | live_articles:fetch_pubmed:106 - PubMed: Searching for 'generate questions' (retmax=10)
2026-04-11 12:51:55 | INFO     | live_articles:fetch_pubmed:124 - PubMed search returned 10 IDs (Total: 162881)
2026-04-11 12:51:57 | INFO     | live_articles:fetch_pubmed:180 - PubMed: Successfully parsed 10 articles.
2026-04-11 12:51:57 | INFO     | live_articles:search_articles:289 - Source 0 returned 10 articles (Total in source: 162881)
2026-04-11 12:51:57 | INFO     | live_articles:search_articles:289 - Source 1 returned 10 articles (Total in source: 951378)
2026-04-11 12:51:57 | INFO     | live_articles:search_articles:293 - Wikipedia returned 0 articles
2026-04-11 12:52:31 | INFO     | __main__:ask_question:90 - Question: qwestions | Hybrid: True | Book: None
2026-04-11 12:52:31 | INFO     | faiss_store:search:202 - FAISS Search: query='qwestions...', search_k=25, ntotal=11303
2026-04-11 12:52:31 | INFO     | faiss_store:search:230 - FAISS Search: Matches for book_id=None: 0
2026-04-11 12:52:31 | INFO     | live_articles:search_articles:244 - Article Search: 'qwestions' | Page: 1
2026-04-11 12:52:31 | INFO     | live_articles:search_articles:253 - Adding PubMed task for 'qwestions'
2026-04-11 12:52:31 | INFO     | live_articles:search_articles:256 - Adding arXiv task for 'qwestions'
2026-04-11 12:52:31 | INFO     | live_articles:search_articles:263 - Adding Wikipedia task for 'qwestions'
2026-04-11 12:52:31 | INFO     | live_articles:fetch_pubmed:106 - PubMed: Searching for 'qwestions' (retmax=10)
2026-04-11 12:52:33 | INFO     | live_articles:fetch_pubmed:124 - PubMed search returned 0 IDs (Total: 0)
2026-04-11 12:52:33 | INFO     | live_articles:search_articles:289 - Source 0 returned 0 articles (Total in source: 0)
2026-04-11 12:52:33 | INFO     | live_articles:search_articles:289 - Source 1 returned 0 articles (Total in source: 0)
2026-04-11 12:52:33 | INFO     | live_articles:search_articles:293 - Wikipedia returned 0 articles
2026-04-11 12:55:36 | INFO     | __main__:ask_question:90 - Question: generate qwestions | Hybrid: True | Book: None
2026-04-11 12:55:36 | INFO     | faiss_store:search:202 - FAISS Search: query='generate qwestions...', search_k=25, ntotal=11303
2026-04-11 12:55:36 | INFO     | faiss_store:search:230 - FAISS Search: Matches for book_id=None: 0
2026-04-11 12:55:36 | INFO     | live_articles:search_articles:244 - Article Search: 'generate qwestions' | Page: 1
2026-04-11 12:55:36 | INFO     | live_articles:search_articles:253 - Adding PubMed task for 'generate qwestions'
2026-04-11 12:55:36 | INFO     | live_articles:search_articles:256 - Adding arXiv task for 'generate qwestions'
2026-04-11 12:55:36 | INFO     | live_articles:search_articles:263 - Adding Wikipedia task for 'generate qwestions'
2026-04-11 12:55:36 | INFO     | live_articles:fetch_pubmed:106 - PubMed: Searching for 'generate qwestions' (retmax=10)
2026-04-11 12:55:37 | INFO     | live_articles:fetch_pubmed:124 - PubMed search returned 10 IDs (Total: 5081881)
2026-04-11 12:55:38 | INFO     | live_articles:fetch_pubmed:180 - PubMed: Successfully parsed 10 articles.
2026-04-11 12:55:38 | INFO     | live_articles:search_articles:289 - Source 0 returned 10 articles (Total in source: 5081881)
2026-04-11 12:55:38 | INFO     | live_articles:search_articles:289 - Source 1 returned 10 articles (Total in source: 882266)
2026-04-11 12:55:38 | INFO     | live_articles:search_articles:293 - Wikipedia returned 0 articles
2026-04-11 12:55:52 | INFO     | __main__:ask_question:90 - Question: generate qwestions | Hybrid: True | Book: None
2026-04-11 12:56:49 | INFO     | live_articles:fetch_trending:320 - Fetching trending for topics: ['quantum computing', 'neuroscience consciousness', 'graphene applications']
2026-04-11 12:56:49 | INFO     | live_articles:fetch_trending:324 - Trending: Starting parallel fetch for topics...
2026-04-11 12:56:49 | INFO     | live_articles:fetch_pubmed:106 - PubMed: Searching for 'quantum computing' (retmax=10)
2026-04-11 12:56:51 | INFO     | live_articles:fetch_pubmed:124 - PubMed search returned 10 IDs (Total: 51200)
2026-04-11 12:56:52 | INFO     | live_articles:fetch_pubmed:180 - PubMed: Successfully parsed 10 articles.
2026-04-11 12:56:52 | INFO     | live_articles:fetch_trending:340 - Trending: Total fetched 45 articles.
2026-04-11 13:11:26 | INFO     | __main__:startup_event:37 - SciAI PRODUCTION ENGINE STARTING...
2026-04-11 13:14:56 | INFO     | live_articles:fetch_trending:320 - Fetching trending for topics: ['CRISPR gene editing', 'protein folding', 'mRNA vaccine']
2026-04-11 13:14:57 | INFO     | live_articles:fetch_trending:324 - Trending: Starting parallel fetch for topics...
2026-04-11 13:14:57 | INFO     | live_articles:fetch_pubmed:106 - PubMed: Searching for 'CRISPR gene editing' (retmax=10)
2026-04-11 13:14:57 | INFO     | live_articles:fetch_pubmed:106 - PubMed: Searching for 'mRNA vaccine' (retmax=10)
2026-04-11 13:14:58 | INFO     | live_articles:fetch_pubmed:124 - PubMed search returned 10 IDs (Total: 24107)
2026-04-11 13:14:58 | INFO     | live_articles:fetch_pubmed:124 - PubMed search returned 10 IDs (Total: 21289)
2026-04-11 13:14:59 | WARNING  | live_articles:fetch_pubmed:136 - PubMed efetch hit 429 Rate Limit. Retrying after 2s...
2026-04-11 13:15:00 | INFO     | live_articles:fetch_pubmed:180 - PubMed: Successfully parsed 10 articles.
2026-04-11 13:15:02 | INFO     | live_articles:fetch_pubmed:180 - PubMed: Successfully parsed 10 articles.
2026-04-11 13:15:02 | INFO     | live_articles:fetch_trending:340 - Trending: Total fetched 45 articles.
2026-04-11 13:41:23 | INFO     | __main__:ask_question:90 - Question: cellular movement | Hybrid: True | Book: None
2026-04-11 13:41:24 | INFO     | faiss_store:load:73 - FAISS: Loaded 11303 vectors of type IndexIDMap2.
2026-04-11 13:41:24 | INFO     | faiss_store:get_model:15 - Loading embedding model...
2026-04-11 13:41:29 | INFO     | faiss_store:search:202 - FAISS Search: query='cellular movement...', search_k=25, ntotal=11303
2026-04-11 13:41:29 | INFO     | faiss_store:search:230 - FAISS Search: Matches for book_id=None: 0
2026-04-11 13:41:29 | INFO     | live_articles:search_articles:244 - Article Search: 'cellular movement' | Page: 1
2026-04-11 13:41:29 | INFO     | live_articles:search_articles:253 - Adding PubMed task for 'cellular movement'
2026-04-11 13:41:29 | INFO     | live_articles:search_articles:256 - Adding arXiv task for 'cellular movement'
2026-04-11 13:41:29 | INFO     | live_articles:search_articles:263 - Adding Wikipedia task for 'cellular movement'
2026-04-11 13:41:29 | INFO     | live_articles:fetch_pubmed:106 - PubMed: Searching for 'cellular movement' (retmax=10)
2026-04-11 13:41:31 | INFO     | live_articles:fetch_pubmed:124 - PubMed search returned 10 IDs (Total: 288516)
2026-04-11 13:41:33 | INFO     | live_articles:fetch_pubmed:180 - PubMed: Successfully parsed 10 articles.
2026-04-11 13:41:33 | INFO     | live_articles:search_articles:289 - Source 0 returned 10 articles (Total in source: 288516)
2026-04-11 13:41:33 | INFO     | live_articles:search_articles:289 - Source 1 returned 10 articles (Total in source: 32414)
2026-04-11 13:41:33 | INFO     | live_articles:search_articles:293 - Wikipedia returned 0 articles
2026-04-11 13:45:07 | INFO     | __main__:startup_event:37 - SciAI PRODUCTION ENGINE STARTING...
2026-04-11 13:56:35 | INFO     | live_articles:fetch_trending:320 - Fetching trending for topics: ['mRNA vaccine', 'protein folding', 'graphene applications']
2026-04-11 13:56:35 | INFO     | live_articles:fetch_trending:324 - Trending: Starting parallel fetch for topics...
2026-04-11 13:56:35 | INFO     | live_articles:fetch_pubmed:106 - PubMed: Searching for 'protein folding' (retmax=10)
2026-04-11 13:56:35 | INFO     | live_articles:fetch_pubmed:106 - PubMed: Searching for 'graphene applications' (retmax=10)
2026-04-11 13:56:36 | INFO     | live_articles:fetch_pubmed:124 - PubMed search returned 10 IDs (Total: 98796)
2026-04-11 13:56:36 | INFO     | live_articles:fetch_pubmed:124 - PubMed search returned 10 IDs (Total: 35065)
2026-04-11 13:56:37 | WARNING  | live_articles:fetch_pubmed:136 - PubMed efetch hit 429 Rate Limit. Retrying after 2s...
2026-04-11 13:56:38 | INFO     | live_articles:fetch_pubmed:180 - PubMed: Successfully parsed 10 articles.
2026-04-11 13:56:40 | INFO     | live_articles:fetch_pubmed:180 - PubMed: Successfully parsed 10 articles.
2026-04-11 13:56:40 | INFO     | live_articles:fetch_trending:340 - Trending: Total fetched 45 articles.
2026-04-11 13:56:41 | INFO     | __main__:save_article:256 - DB: Saving article 4477a1da2cd18aed7e75ebec190cade8 for user dc074a61-c488-4fca-afff-eaa39ed429a0
2026-04-11 13:56:41 | ERROR    | __main__:save_article:271 - DB: Save article failed: (sqlite3.OperationalError) no such column: saved_articles.link
[SQL: SELECT saved_articles.id, saved_articles.user_id, saved_articles.title, saved_articles.summary, saved_articles.source, saved_articles.link, saved_articles.score, saved_articles.authors, saved_articles.journal, saved_articles.date, saved_articles.tier, saved_articles.created_at 
FROM saved_articles 
WHERE saved_articles.id = ? AND saved_articles.user_id = ?]
[parameters: ('4477a1da2cd18aed7e75ebec190cade8', 'dc074a61-c488-4fca-afff-eaa39ed429a0')]
(Background on this error at: https://sqlalche.me/e/20/e3q8)
2026-04-11 13:56:43 | INFO     | __main__:save_article:256 - DB: Saving article 4477a1da2cd18aed7e75ebec190cade8 for user dc074a61-c488-4fca-afff-eaa39ed429a0
2026-04-11 13:56:43 | ERROR    | __main__:save_article:271 - DB: Save article failed: (sqlite3.OperationalError) no such column: saved_articles.link
[SQL: SELECT saved_articles.id, saved_articles.user_id, saved_articles.title, saved_articles.summary, saved_articles.source, saved_articles.link, saved_articles.score, saved_articles.authors, saved_articles.journal, saved_articles.date, saved_articles.tier, saved_articles.created_at 
FROM saved_articles 
WHERE saved_articles.id = ? AND saved_articles.user_id = ?]
[parameters: ('4477a1da2cd18aed7e75ebec190cade8', 'dc074a61-c488-4fca-afff-eaa39ed429a0')]
(Background on this error at: https://sqlalche.me/e/20/e3q8)
2026-04-11 13:56:43 | INFO     | __main__:save_article:256 - DB: Saving article 4477a1da2cd18aed7e75ebec190cade8 for user dc074a61-c488-4fca-afff-eaa39ed429a0
2026-04-11 13:56:43 | ERROR    | __main__:save_article:271 - DB: Save article failed: (sqlite3.OperationalError) no such column: saved_articles.link
[SQL: SELECT saved_articles.id, saved_articles.user_id, saved_articles.title, saved_articles.summary, saved_articles.source, saved_articles.link, saved_articles.score, saved_articles.authors, saved_articles.journal, saved_articles.date, saved_articles.tier, saved_articles.created_at 
FROM saved_articles 
WHERE saved_articles.id = ? AND saved_articles.user_id = ?]
[parameters: ('4477a1da2cd18aed7e75ebec190cade8', 'dc074a61-c488-4fca-afff-eaa39ed429a0')]
(Background on this error at: https://sqlalche.me/e/20/e3q8)
2026-04-11 13:57:00 | INFO     | __main__:save_article:256 - DB: Saving article 6a4815c11d25427bc820747501485d01 for user dc074a61-c488-4fca-afff-eaa39ed429a0
2026-04-11 13:57:00 | ERROR    | __main__:save_article:271 - DB: Save article failed: (sqlite3.OperationalError) no such column: saved_articles.link
[SQL: SELECT saved_articles.id, saved_articles.user_id, saved_articles.title, saved_articles.summary, saved_articles.source, saved_articles.link, saved_articles.score, saved_articles.authors, saved_articles.journal, saved_articles.date, saved_articles.tier, saved_articles.created_at 
FROM saved_articles 
WHERE saved_articles.id = ? AND saved_articles.user_id = ?]
[parameters: ('6a4815c11d25427bc820747501485d01', 'dc074a61-c488-4fca-afff-eaa39ed429a0')]
(Background on this error at: https://sqlalche.me/e/20/e3q8)
2026-04-11 13:57:00 | INFO     | __main__:save_article:256 - DB: Saving article 6a4815c11d25427bc820747501485d01 for user dc074a61-c488-4fca-afff-eaa39ed429a0
2026-04-11 13:57:00 | ERROR    | __main__:save_article:271 - DB: Save article failed: (sqlite3.OperationalError) no such column: saved_articles.link
[SQL: SELECT saved_articles.id, saved_articles.user_id, saved_articles.title, saved_articles.summary, saved_articles.source, saved_articles.link, saved_articles.score, saved_articles.authors, saved_articles.journal, saved_articles.date, saved_articles.tier, saved_articles.created_at 
FROM saved_articles 
WHERE saved_articles.id = ? AND saved_articles.user_id = ?]
[parameters: ('6a4815c11d25427bc820747501485d01', 'dc074a61-c488-4fca-afff-eaa39ed429a0')]
(Background on this error at: https://sqlalche.me/e/20/e3q8)
2026-04-11 13:57:01 | INFO     | __main__:save_article:256 - DB: Saving article 6a4815c11d25427bc820747501485d01 for user dc074a61-c488-4fca-afff-eaa39ed429a0
2026-04-11 13:57:01 | ERROR    | __main__:save_article:271 - DB: Save article failed: (sqlite3.OperationalError) no such column: saved_articles.link
[SQL: SELECT saved_articles.id, saved_articles.user_id, saved_articles.title, saved_articles.summary, saved_articles.source, saved_articles.link, saved_articles.score, saved_articles.authors, saved_articles.journal, saved_articles.date, saved_articles.tier, saved_articles.created_at 
FROM saved_articles 
WHERE saved_articles.id = ? AND saved_articles.user_id = ?]
[parameters: ('6a4815c11d25427bc820747501485d01', 'dc074a61-c488-4fca-afff-eaa39ed429a0')]
(Background on this error at: https://sqlalche.me/e/20/e3q8)
2026-04-11 13:57:01 | INFO     | __main__:save_article:256 - DB: Saving article 6a4815c11d25427bc820747501485d01 for user dc074a61-c488-4fca-afff-eaa39ed429a0
2026-04-11 13:57:01 | ERROR    | __main__:save_article:271 - DB: Save article failed: (sqlite3.OperationalError) no such column: saved_articles.link
[SQL: SELECT saved_articles.id, saved_articles.user_id, saved_articles.title, saved_articles.summary, saved_articles.source, saved_articles.link, saved_articles.score, saved_articles.authors, saved_articles.journal, saved_articles.date, saved_articles.tier, saved_articles.created_at 
FROM saved_articles 
WHERE saved_articles.id = ? AND saved_articles.user_id = ?]
[parameters: ('6a4815c11d25427bc820747501485d01', 'dc074a61-c488-4fca-afff-eaa39ed429a0')]
(Background on this error at: https://sqlalche.me/e/20/e3q8)
2026-04-11 13:57:04 | INFO     | __main__:save_article:256 - DB: Saving article 6a4815c11d25427bc820747501485d01 for user dc074a61-c488-4fca-afff-eaa39ed429a0
2026-04-11 13:57:04 | ERROR    | __main__:save_article:271 - DB: Save article failed: (sqlite3.OperationalError) no such column: saved_articles.link
[SQL: SELECT saved_articles.id, saved_articles.user_id, saved_articles.title, saved_articles.summary, saved_articles.source, saved_articles.link, saved_articles.score, saved_articles.authors, saved_articles.journal, saved_articles.date, saved_articles.tier, saved_articles.created_at 
FROM saved_articles 
WHERE saved_articles.id = ? AND saved_articles.user_id = ?]
[parameters: ('6a4815c11d25427bc820747501485d01', 'dc074a61-c488-4fca-afff-eaa39ed429a0')]
(Background on this error at: https://sqlalche.me/e/20/e3q8)
2026-04-11 13:57:05 | INFO     | __main__:save_article:256 - DB: Saving article 6a4815c11d25427bc820747501485d01 for user dc074a61-c488-4fca-afff-eaa39ed429a0
2026-04-11 13:57:05 | ERROR    | __main__:save_article:271 - DB: Save article failed: (sqlite3.OperationalError) no such column: saved_articles.link
[SQL: SELECT saved_articles.id, saved_articles.user_id, saved_articles.title, saved_articles.summary, saved_articles.source, saved_articles.link, saved_articles.score, saved_articles.authors, saved_articles.journal, saved_articles.date, saved_articles.tier, saved_articles.created_at 
FROM saved_articles 
WHERE saved_articles.id = ? AND saved_articles.user_id = ?]
[parameters: ('6a4815c11d25427bc820747501485d01', 'dc074a61-c488-4fca-afff-eaa39ed429a0')]
(Background on this error at: https://sqlalche.me/e/20/e3q8)
2026-04-11 13:57:05 | INFO     | __main__:save_article:256 - DB: Saving article 6a4815c11d25427bc820747501485d01 for user dc074a61-c488-4fca-afff-eaa39ed429a0
2026-04-11 13:57:05 | ERROR    | __main__:save_article:271 - DB: Save article failed: (sqlite3.OperationalError) no such column: saved_articles.link
[SQL: SELECT saved_articles.id, saved_articles.user_id, saved_articles.title, saved_articles.summary, saved_articles.source, saved_articles.link, saved_articles.score, saved_articles.authors, saved_articles.journal, saved_articles.date, saved_articles.tier, saved_articles.created_at 
FROM saved_articles 
WHERE saved_articles.id = ? AND saved_articles.user_id = ?]
[parameters: ('6a4815c11d25427bc820747501485d01', 'dc074a61-c488-4fca-afff-eaa39ed429a0')]
(Background on this error at: https://sqlalche.me/e/20/e3q8)
2026-04-11 13:57:05 | INFO     | __main__:save_article:256 - DB: Saving article 6a4815c11d25427bc820747501485d01 for user dc074a61-c488-4fca-afff-eaa39ed429a0
2026-04-11 13:57:05 | ERROR    | __main__:save_article:271 - DB: Save article failed: (sqlite3.OperationalError) no such column: saved_articles.link
[SQL: SELECT saved_articles.id, saved_articles.user_id, saved_articles.title, saved_articles.summary, saved_articles.source, saved_articles.link, saved_articles.score, saved_articles.authors, saved_articles.journal, saved_articles.date, saved_articles.tier, saved_articles.created_at 
FROM saved_articles 
WHERE saved_articles.id = ? AND saved_articles.user_id = ?]
[parameters: ('6a4815c11d25427bc820747501485d01', 'dc074a61-c488-4fca-afff-eaa39ed429a0')]
(Background on this error at: https://sqlalche.me/e/20/e3q8)
2026-04-11 13:57:05 | INFO     | __main__:save_article:256 - DB: Saving article 6a4815c11d25427bc820747501485d01 for user dc074a61-c488-4fca-afff-eaa39ed429a0
2026-04-11 13:57:05 | ERROR    | __main__:save_article:271 - DB: Save article failed: (sqlite3.OperationalError) no such column: saved_articles.link
[SQL: SELECT saved_articles.id, saved_articles.user_id, saved_articles.title, saved_articles.summary, saved_articles.source, saved_articles.link, saved_articles.score, saved_articles.authors, saved_articles.journal, saved_articles.date, saved_articles.tier, saved_articles.created_at 
FROM saved_articles 
WHERE saved_articles.id = ? AND saved_articles.user_id = ?]
[parameters: ('6a4815c11d25427bc820747501485d01', 'dc074a61-c488-4fca-afff-eaa39ed429a0')]
(Background on this error at: https://sqlalche.me/e/20/e3q8)
2026-04-11 13:57:05 | INFO     | __main__:save_article:256 - DB: Saving article 6a4815c11d25427bc820747501485d01 for user dc074a61-c488-4fca-afff-eaa39ed429a0
2026-04-11 13:57:05 | ERROR    | __main__:save_article:271 - DB: Save article failed: (sqlite3.OperationalError) no such column: saved_articles.link
[SQL: SELECT saved_articles.id, saved_articles.user_id, saved_articles.title, saved_articles.summary, saved_articles.source, saved_articles.link, saved_articles.score, saved_articles.authors, saved_articles.journal, saved_articles.date, saved_articles.tier, saved_articles.created_at 
FROM saved_articles 
WHERE saved_articles.id = ? AND saved_articles.user_id = ?]
[parameters: ('6a4815c11d25427bc820747501485d01', 'dc074a61-c488-4fca-afff-eaa39ed429a0')]
(Background on this error at: https://sqlalche.me/e/20/e3q8)
2026-04-11 13:57:05 | INFO     | __main__:save_article:256 - DB: Saving article 6a4815c11d25427bc820747501485d01 for user dc074a61-c488-4fca-afff-eaa39ed429a0
2026-04-11 13:57:05 | ERROR    | __main__:save_article:271 - DB: Save article failed: (sqlite3.OperationalError) no such column: saved_articles.link
[SQL: SELECT saved_articles.id, saved_articles.user_id, saved_articles.title, saved_articles.summary, saved_articles.source, saved_articles.link, saved_articles.score, saved_articles.authors, saved_articles.journal, saved_articles.date, saved_articles.tier, saved_articles.created_at 
FROM saved_articles 
WHERE saved_articles.id = ? AND saved_articles.user_id = ?]
[parameters: ('6a4815c11d25427bc820747501485d01', 'dc074a61-c488-4fca-afff-eaa39ed429a0')]
(Background on this error at: https://sqlalche.me/e/20/e3q8)
2026-04-11 13:57:06 | INFO     | __main__:save_article:256 - DB: Saving article 6a4815c11d25427bc820747501485d01 for user dc074a61-c488-4fca-afff-eaa39ed429a0
2026-04-11 13:57:06 | ERROR    | __main__:save_article:271 - DB: Save article failed: (sqlite3.OperationalError) no such column: saved_articles.link
[SQL: SELECT saved_articles.id, saved_articles.user_id, saved_articles.title, saved_articles.summary, saved_articles.source, saved_articles.link, saved_articles.score, saved_articles.authors, saved_articles.journal, saved_articles.date, saved_articles.tier, saved_articles.created_at 
FROM saved_articles 
WHERE saved_articles.id = ? AND saved_articles.user_id = ?]
[parameters: ('6a4815c11d25427bc820747501485d01', 'dc074a61-c488-4fca-afff-eaa39ed429a0')]
(Background on this error at: https://sqlalche.me/e/20/e3q8)
2026-04-11 13:57:06 | INFO     | __main__:save_article:256 - DB: Saving article 6a4815c11d25427bc820747501485d01 for user dc074a61-c488-4fca-afff-eaa39ed429a0
2026-04-11 13:57:06 | ERROR    | __main__:save_article:271 - DB: Save article failed: (sqlite3.OperationalError) no such column: saved_articles.link
[SQL: SELECT saved_articles.id, saved_articles.user_id, saved_articles.title, saved_articles.summary, saved_articles.source, saved_articles.link, saved_articles.score, saved_articles.authors, saved_articles.journal, saved_articles.date, saved_articles.tier, saved_articles.created_at 
FROM saved_articles 
WHERE saved_articles.id = ? AND saved_articles.user_id = ?]
[parameters: ('6a4815c11d25427bc820747501485d01', 'dc074a61-c488-4fca-afff-eaa39ed429a0')]
(Background on this error at: https://sqlalche.me/e/20/e3q8)
2026-04-11 13:57:06 | INFO     | __main__:save_article:256 - DB: Saving article 6a4815c11d25427bc820747501485d01 for user dc074a61-c488-4fca-afff-eaa39ed429a0
2026-04-11 13:57:06 | ERROR    | __main__:save_article:271 - DB: Save article failed: (sqlite3.OperationalError) no such column: saved_articles.link
[SQL: SELECT saved_articles.id, saved_articles.user_id, saved_articles.title, saved_articles.summary, saved_articles.source, saved_articles.link, saved_articles.score, saved_articles.authors, saved_articles.journal, saved_articles.date, saved_articles.tier, saved_articles.created_at 
FROM saved_articles 
WHERE saved_articles.id = ? AND saved_articles.user_id = ?]
[parameters: ('6a4815c11d25427bc820747501485d01', 'dc074a61-c488-4fca-afff-eaa39ed429a0')]
(Background on this error at: https://sqlalche.me/e/20/e3q8)
2026-04-11 13:57:06 | INFO     | __main__:save_article:256 - DB: Saving article 6a4815c11d25427bc820747501485d01 for user dc074a61-c488-4fca-afff-eaa39ed429a0
2026-04-11 13:57:06 | ERROR    | __main__:save_article:271 - DB: Save article failed: (sqlite3.OperationalError) no such column: saved_articles.link
[SQL: SELECT saved_articles.id, saved_articles.user_id, saved_articles.title, saved_articles.summary, saved_articles.source, saved_articles.link, saved_articles.score, saved_articles.authors, saved_articles.journal, saved_articles.date, saved_articles.tier, saved_articles.created_at 
FROM saved_articles 
WHERE saved_articles.id = ? AND saved_articles.user_id = ?]
[parameters: ('6a4815c11d25427bc820747501485d01', 'dc074a61-c488-4fca-afff-eaa39ed429a0')]
(Background on this error at: https://sqlalche.me/e/20/e3q8)
2026-04-11 13:57:06 | INFO     | __main__:save_article:256 - DB: Saving article 6a4815c11d25427bc820747501485d01 for user dc074a61-c488-4fca-afff-eaa39ed429a0
2026-04-11 13:57:06 | ERROR    | __main__:save_article:271 - DB: Save article failed: (sqlite3.OperationalError) no such column: saved_articles.link
[SQL: SELECT saved_articles.id, saved_articles.user_id, saved_articles.title, saved_articles.summary, saved_articles.source, saved_articles.link, saved_articles.score, saved_articles.authors, saved_articles.journal, saved_articles.date, saved_articles.tier, saved_articles.created_at 
FROM saved_articles 
WHERE saved_articles.id = ? AND saved_articles.user_id = ?]
[parameters: ('6a4815c11d25427bc820747501485d01', 'dc074a61-c488-4fca-afff-eaa39ed429a0')]
(Background on this error at: https://sqlalche.me/e/20/e3q8)
2026-04-11 13:57:07 | INFO     | __main__:save_article:256 - DB: Saving article 6a4815c11d25427bc820747501485d01 for user dc074a61-c488-4fca-afff-eaa39ed429a0
2026-04-11 13:57:07 | ERROR    | __main__:save_article:271 - DB: Save article failed: (sqlite3.OperationalError) no such column: saved_articles.link
[SQL: SELECT saved_articles.id, saved_articles.user_id, saved_articles.title, saved_articles.summary, saved_articles.source, saved_articles.link, saved_articles.score, saved_articles.authors, saved_articles.journal, saved_articles.date, saved_articles.tier, saved_articles.created_at 
FROM saved_articles 
WHERE saved_articles.id = ? AND saved_articles.user_id = ?]
[parameters: ('6a4815c11d25427bc820747501485d01', 'dc074a61-c488-4fca-afff-eaa39ed429a0')]
(Background on this error at: https://sqlalche.me/e/20/e3q8)
2026-04-11 13:57:07 | INFO     | __main__:save_article:256 - DB: Saving article 6a4815c11d25427bc820747501485d01 for user dc074a61-c488-4fca-afff-eaa39ed429a0
2026-04-11 13:57:07 | ERROR    | __main__:save_article:271 - DB: Save article failed: (sqlite3.OperationalError) no such column: saved_articles.link
[SQL: SELECT saved_articles.id, saved_articles.user_id, saved_articles.title, saved_articles.summary, saved_articles.source, saved_articles.link, saved_articles.score, saved_articles.authors, saved_articles.journal, saved_articles.date, saved_articles.tier, saved_articles.created_at 
FROM saved_articles 
WHERE saved_articles.id = ? AND saved_articles.user_id = ?]
[parameters: ('6a4815c11d25427bc820747501485d01', 'dc074a61-c488-4fca-afff-eaa39ed429a0')]
(Background on this error at: https://sqlalche.me/e/20/e3q8)
2026-04-11 13:57:07 | INFO     | __main__:save_article:256 - DB: Saving article 6a4815c11d25427bc820747501485d01 for user dc074a61-c488-4fca-afff-eaa39ed429a0
2026-04-11 13:57:07 | ERROR    | __main__:save_article:271 - DB: Save article failed: (sqlite3.OperationalError) no such column: saved_articles.link
[SQL: SELECT saved_articles.id, saved_articles.user_id, saved_articles.title, saved_articles.summary, saved_articles.source, saved_articles.link, saved_articles.score, saved_articles.authors, saved_articles.journal, saved_articles.date, saved_articles.tier, saved_articles.created_at 
FROM saved_articles 
WHERE saved_articles.id = ? AND saved_articles.user_id = ?]
[parameters: ('6a4815c11d25427bc820747501485d01', 'dc074a61-c488-4fca-afff-eaa39ed429a0')]
(Background on this error at: https://sqlalche.me/e/20/e3q8)
2026-04-11 13:57:07 | INFO     | __main__:save_article:256 - DB: Saving article 6a4815c11d25427bc820747501485d01 for user dc074a61-c488-4fca-afff-eaa39ed429a0
2026-04-11 13:57:07 | ERROR    | __main__:save_article:271 - DB: Save article failed: (sqlite3.OperationalError) no such column: saved_articles.link
[SQL: SELECT saved_articles.id, saved_articles.user_id, saved_articles.title, saved_articles.summary, saved_articles.source, saved_articles.link, saved_articles.score, saved_articles.authors, saved_articles.journal, saved_articles.date, saved_articles.tier, saved_articles.created_at 
FROM saved_articles 
WHERE saved_articles.id = ? AND saved_articles.user_id = ?]
[parameters: ('6a4815c11d25427bc820747501485d01', 'dc074a61-c488-4fca-afff-eaa39ed429a0')]
(Background on this error at: https://sqlalche.me/e/20/e3q8)
2026-04-11 13:57:07 | INFO     | __main__:save_article:256 - DB: Saving article 6a4815c11d25427bc820747501485d01 for user dc074a61-c488-4fca-afff-eaa39ed429a0
2026-04-11 13:57:07 | ERROR    | __main__:save_article:271 - DB: Save article failed: (sqlite3.OperationalError) no such column: saved_articles.link
[SQL: SELECT saved_articles.id, saved_articles.user_id, saved_articles.title, saved_articles.summary, saved_articles.source, saved_articles.link, saved_articles.score, saved_articles.authors, saved_articles.journal, saved_articles.date, saved_articles.tier, saved_articles.created_at 
FROM saved_articles 
WHERE saved_articles.id = ? AND saved_articles.user_id = ?]
[parameters: ('6a4815c11d25427bc820747501485d01', 'dc074a61-c488-4fca-afff-eaa39ed429a0')]
(Background on this error at: https://sqlalche.me/e/20/e3q8)
2026-04-11 13:57:08 | INFO     | __main__:save_article:256 - DB: Saving article 6a4815c11d25427bc820747501485d01 for user dc074a61-c488-4fca-afff-eaa39ed429a0
2026-04-11 13:57:08 | ERROR    | __main__:save_article:271 - DB: Save article failed: (sqlite3.OperationalError) no such column: saved_articles.link
[SQL: SELECT saved_articles.id, saved_articles.user_id, saved_articles.title, saved_articles.summary, saved_articles.source, saved_articles.link, saved_articles.score, saved_articles.authors, saved_articles.journal, saved_articles.date, saved_articles.tier, saved_articles.created_at 
FROM saved_articles 
WHERE saved_articles.id = ? AND saved_articles.user_id = ?]
[parameters: ('6a4815c11d25427bc820747501485d01', 'dc074a61-c488-4fca-afff-eaa39ed429a0')]
(Background on this error at: https://sqlalche.me/e/20/e3q8)
2026-04-11 13:57:08 | INFO     | __main__:save_article:256 - DB: Saving article 6a4815c11d25427bc820747501485d01 for user dc074a61-c488-4fca-afff-eaa39ed429a0
2026-04-11 13:57:08 | ERROR    | __main__:save_article:271 - DB: Save article failed: (sqlite3.OperationalError) no such column: saved_articles.link
[SQL: SELECT saved_articles.id, saved_articles.user_id, saved_articles.title, saved_articles.summary, saved_articles.source, saved_articles.link, saved_articles.score, saved_articles.authors, saved_articles.journal, saved_articles.date, saved_articles.tier, saved_articles.created_at 
FROM saved_articles 
WHERE saved_articles.id = ? AND saved_articles.user_id = ?]
[parameters: ('6a4815c11d25427bc820747501485d01', 'dc074a61-c488-4fca-afff-eaa39ed429a0')]
(Background on this error at: https://sqlalche.me/e/20/e3q8)
2026-04-11 13:57:08 | INFO     | __main__:save_article:256 - DB: Saving article 6a4815c11d25427bc820747501485d01 for user dc074a61-c488-4fca-afff-eaa39ed429a0
2026-04-11 13:57:08 | ERROR    | __main__:save_article:271 - DB: Save article failed: (sqlite3.OperationalError) no such column: saved_articles.link
[SQL: SELECT saved_articles.id, saved_articles.user_id, saved_articles.title, saved_articles.summary, saved_articles.source, saved_articles.link, saved_articles.score, saved_articles.authors, saved_articles.journal, saved_articles.date, saved_articles.tier, saved_articles.created_at 
FROM saved_articles 
WHERE saved_articles.id = ? AND saved_articles.user_id = ?]
[parameters: ('6a4815c11d25427bc820747501485d01', 'dc074a61-c488-4fca-afff-eaa39ed429a0')]
(Background on this error at: https://sqlalche.me/e/20/e3q8)
2026-04-11 13:57:08 | INFO     | __main__:save_article:256 - DB: Saving article 6a4815c11d25427bc820747501485d01 for user dc074a61-c488-4fca-afff-eaa39ed429a0
2026-04-11 13:57:08 | ERROR    | __main__:save_article:271 - DB: Save article failed: (sqlite3.OperationalError) no such column: saved_articles.link
[SQL: SELECT saved_articles.id, saved_articles.user_id, saved_articles.title, saved_articles.summary, saved_articles.source, saved_articles.link, saved_articles.score, saved_articles.authors, saved_articles.journal, saved_articles.date, saved_articles.tier, saved_articles.created_at 
FROM saved_articles 
WHERE saved_articles.id = ? AND saved_articles.user_id = ?]
[parameters: ('6a4815c11d25427bc820747501485d01', 'dc074a61-c488-4fca-afff-eaa39ed429a0')]
(Background on this error at: https://sqlalche.me/e/20/e3q8)
2026-04-11 13:57:11 | INFO     | __main__:save_article:256 - DB: Saving article 6a4815c11d25427bc820747501485d01 for user dc074a61-c488-4fca-afff-eaa39ed429a0
2026-04-11 13:57:11 | ERROR    | __main__:save_article:271 - DB: Save article failed: (sqlite3.OperationalError) no such column: saved_articles.link
[SQL: SELECT saved_articles.id, saved_articles.user_id, saved_articles.title, saved_articles.summary, saved_articles.source, saved_articles.link, saved_articles.score, saved_articles.authors, saved_articles.journal, saved_articles.date, saved_articles.tier, saved_articles.created_at 
FROM saved_articles 
WHERE saved_articles.id = ? AND saved_articles.user_id = ?]
[parameters: ('6a4815c11d25427bc820747501485d01', 'dc074a61-c488-4fca-afff-eaa39ed429a0')]
(Background on this error at: https://sqlalche.me/e/20/e3q8)
2026-04-11 13:57:11 | INFO     | __main__:save_article:256 - DB: Saving article 6a4815c11d25427bc820747501485d01 for user dc074a61-c488-4fca-afff-eaa39ed429a0
2026-04-11 13:57:11 | ERROR    | __main__:save_article:271 - DB: Save article failed: (sqlite3.OperationalError) no such column: saved_articles.link
[SQL: SELECT saved_articles.id, saved_articles.user_id, saved_articles.title, saved_articles.summary, saved_articles.source, saved_articles.link, saved_articles.score, saved_articles.authors, saved_articles.journal, saved_articles.date, saved_articles.tier, saved_articles.created_at 
FROM saved_articles 
WHERE saved_articles.id = ? AND saved_articles.user_id = ?]
[parameters: ('6a4815c11d25427bc820747501485d01', 'dc074a61-c488-4fca-afff-eaa39ed429a0')]
(Background on this error at: https://sqlalche.me/e/20/e3q8)
2026-04-11 13:57:12 | INFO     | __main__:save_article:256 - DB: Saving article 6a4815c11d25427bc820747501485d01 for user dc074a61-c488-4fca-afff-eaa39ed429a0
2026-04-11 13:57:12 | ERROR    | __main__:save_article:271 - DB: Save article failed: (sqlite3.OperationalError) no such column: saved_articles.link
[SQL: SELECT saved_articles.id, saved_articles.user_id, saved_articles.title, saved_articles.summary, saved_articles.source, saved_articles.link, saved_articles.score, saved_articles.authors, saved_articles.journal, saved_articles.date, saved_articles.tier, saved_articles.created_at 
FROM saved_articles 
WHERE saved_articles.id = ? AND saved_articles.user_id = ?]
[parameters: ('6a4815c11d25427bc820747501485d01', 'dc074a61-c488-4fca-afff-eaa39ed429a0')]
(Background on this error at: https://sqlalche.me/e/20/e3q8)
2026-04-11 13:57:12 | INFO     | __main__:save_article:256 - DB: Saving article 6a4815c11d25427bc820747501485d01 for user dc074a61-c488-4fca-afff-eaa39ed429a0
2026-04-11 13:57:12 | ERROR    | __main__:save_article:271 - DB: Save article failed: (sqlite3.OperationalError) no such column: saved_articles.link
[SQL: SELECT saved_articles.id, saved_articles.user_id, saved_articles.title, saved_articles.summary, saved_articles.source, saved_articles.link, saved_articles.score, saved_articles.authors, saved_articles.journal, saved_articles.date, saved_articles.tier, saved_articles.created_at 
FROM saved_articles 
WHERE saved_articles.id = ? AND saved_articles.user_id = ?]
[parameters: ('6a4815c11d25427bc820747501485d01', 'dc074a61-c488-4fca-afff-eaa39ed429a0')]
(Background on this error at: https://sqlalche.me/e/20/e3q8)
2026-04-11 13:57:12 | INFO     | __main__:save_article:256 - DB: Saving article 6a4815c11d25427bc820747501485d01 for user dc074a61-c488-4fca-afff-eaa39ed429a0
2026-04-11 13:57:12 | ERROR    | __main__:save_article:271 - DB: Save article failed: (sqlite3.OperationalError) no such column: saved_articles.link
[SQL: SELECT saved_articles.id, saved_articles.user_id, saved_articles.title, saved_articles.summary, saved_articles.source, saved_articles.link, saved_articles.score, saved_articles.authors, saved_articles.journal, saved_articles.date, saved_articles.tier, saved_articles.created_at 
FROM saved_articles 
WHERE saved_articles.id = ? AND saved_articles.user_id = ?]
[parameters: ('6a4815c11d25427bc820747501485d01', 'dc074a61-c488-4fca-afff-eaa39ed429a0')]
(Background on this error at: https://sqlalche.me/e/20/e3q8)
2026-04-11 13:57:12 | INFO     | __main__:save_article:256 - DB: Saving article 6a4815c11d25427bc820747501485d01 for user dc074a61-c488-4fca-afff-eaa39ed429a0
2026-04-11 13:57:12 | ERROR    | __main__:save_article:271 - DB: Save article failed: (sqlite3.OperationalError) no such column: saved_articles.link
[SQL: SELECT saved_articles.id, saved_articles.user_id, saved_articles.title, saved_articles.summary, saved_articles.source, saved_articles.link, saved_articles.score, saved_articles.authors, saved_articles.journal, saved_articles.date, saved_articles.tier, saved_articles.created_at 
FROM saved_articles 
WHERE saved_articles.id = ? AND saved_articles.user_id = ?]
[parameters: ('6a4815c11d25427bc820747501485d01', 'dc074a61-c488-4fca-afff-eaa39ed429a0')]
(Background on this error at: https://sqlalche.me/e/20/e3q8)
2026-04-11 13:57:12 | INFO     | __main__:save_article:256 - DB: Saving article 6a4815c11d25427bc820747501485d01 for user dc074a61-c488-4fca-afff-eaa39ed429a0
2026-04-11 13:57:12 | ERROR    | __main__:save_article:271 - DB: Save article failed: (sqlite3.OperationalError) no such column: saved_articles.link
[SQL: SELECT saved_articles.id, saved_articles.user_id, saved_articles.title, saved_articles.summary, saved_articles.source, saved_articles.link, saved_articles.score, saved_articles.authors, saved_articles.journal, saved_articles.date, saved_articles.tier, saved_articles.created_at 
FROM saved_articles 
WHERE saved_articles.id = ? AND saved_articles.user_id = ?]
[parameters: ('6a4815c11d25427bc820747501485d01', 'dc074a61-c488-4fca-afff-eaa39ed429a0')]
(Background on this error at: https://sqlalche.me/e/20/e3q8)
2026-04-11 13:57:13 | INFO     | __main__:save_article:256 - DB: Saving article 6a4815c11d25427bc820747501485d01 for user dc074a61-c488-4fca-afff-eaa39ed429a0
2026-04-11 13:57:13 | ERROR    | __main__:save_article:271 - DB: Save article failed: (sqlite3.OperationalError) no such column: saved_articles.link
[SQL: SELECT saved_articles.id, saved_articles.user_id, saved_articles.title, saved_articles.summary, saved_articles.source, saved_articles.link, saved_articles.score, saved_articles.authors, saved_articles.journal, saved_articles.date, saved_articles.tier, saved_articles.created_at 
FROM saved_articles 
WHERE saved_articles.id = ? AND saved_articles.user_id = ?]
[parameters: ('6a4815c11d25427bc820747501485d01', 'dc074a61-c488-4fca-afff-eaa39ed429a0')]
(Background on this error at: https://sqlalche.me/e/20/e3q8)
2026-04-11 13:57:13 | INFO     | __main__:save_article:256 - DB: Saving article 6a4815c11d25427bc820747501485d01 for user dc074a61-c488-4fca-afff-eaa39ed429a0
2026-04-11 13:57:13 | ERROR    | __main__:save_article:271 - DB: Save article failed: (sqlite3.OperationalError) no such column: saved_articles.link
[SQL: SELECT saved_articles.id, saved_articles.user_id, saved_articles.title, saved_articles.summary, saved_articles.source, saved_articles.link, saved_articles.score, saved_articles.authors, saved_articles.journal, saved_articles.date, saved_articles.tier, saved_articles.created_at 
FROM saved_articles 
WHERE saved_articles.id = ? AND saved_articles.user_id = ?]
[parameters: ('6a4815c11d25427bc820747501485d01', 'dc074a61-c488-4fca-afff-eaa39ed429a0')]
(Background on this error at: https://sqlalche.me/e/20/e3q8)
2026-04-11 13:57:13 | INFO     | __main__:save_article:256 - DB: Saving article 6a4815c11d25427bc820747501485d01 for user dc074a61-c488-4fca-afff-eaa39ed429a0
2026-04-11 13:57:13 | ERROR    | __main__:save_article:271 - DB: Save article failed: (sqlite3.OperationalError) no such column: saved_articles.link
[SQL: SELECT saved_articles.id, saved_articles.user_id, saved_articles.title, saved_articles.summary, saved_articles.source, saved_articles.link, saved_articles.score, saved_articles.authors, saved_articles.journal, saved_articles.date, saved_articles.tier, saved_articles.created_at 
FROM saved_articles 
WHERE saved_articles.id = ? AND saved_articles.user_id = ?]
[parameters: ('6a4815c11d25427bc820747501485d01', 'dc074a61-c488-4fca-afff-eaa39ed429a0')]
(Background on this error at: https://sqlalche.me/e/20/e3q8)
2026-04-11 13:57:13 | INFO     | __main__:save_article:256 - DB: Saving article 6a4815c11d25427bc820747501485d01 for user dc074a61-c488-4fca-afff-eaa39ed429a0
2026-04-11 13:57:13 | ERROR    | __main__:save_article:271 - DB: Save article failed: (sqlite3.OperationalError) no such column: saved_articles.link
[SQL: SELECT saved_articles.id, saved_articles.user_id, saved_articles.title, saved_articles.summary, saved_articles.source, saved_articles.link, saved_articles.score, saved_articles.authors, saved_articles.journal, saved_articles.date, saved_articles.tier, saved_articles.created_at 
FROM saved_articles 
WHERE saved_articles.id = ? AND saved_articles.user_id = ?]
[parameters: ('6a4815c11d25427bc820747501485d01', 'dc074a61-c488-4fca-afff-eaa39ed429a0')]
(Background on this error at: https://sqlalche.me/e/20/e3q8)
2026-04-11 13:57:14 | INFO     | __main__:save_article:256 - DB: Saving article 6a4815c11d25427bc820747501485d01 for user dc074a61-c488-4fca-afff-eaa39ed429a0
2026-04-11 13:57:14 | ERROR    | __main__:save_article:271 - DB: Save article failed: (sqlite3.OperationalError) no such column: saved_articles.link
[SQL: SELECT saved_articles.id, saved_articles.user_id, saved_articles.title, saved_articles.summary, saved_articles.source, saved_articles.link, saved_articles.score, saved_articles.authors, saved_articles.journal, saved_articles.date, saved_articles.tier, saved_articles.created_at 
FROM saved_articles 
WHERE saved_articles.id = ? AND saved_articles.user_id = ?]
[parameters: ('6a4815c11d25427bc820747501485d01', 'dc074a61-c488-4fca-afff-eaa39ed429a0')]
(Background on this error at: https://sqlalche.me/e/20/e3q8)
2026-04-11 13:57:15 | INFO     | __main__:save_article:256 - DB: Saving article 6a4815c11d25427bc820747501485d01 for user dc074a61-c488-4fca-afff-eaa39ed429a0
2026-04-11 13:57:15 | ERROR    | __main__:save_article:271 - DB: Save article failed: (sqlite3.OperationalError) no such column: saved_articles.link
[SQL: SELECT saved_articles.id, saved_articles.user_id, saved_articles.title, saved_articles.summary, saved_articles.source, saved_articles.link, saved_articles.score, saved_articles.authors, saved_articles.journal, saved_articles.date, saved_articles.tier, saved_articles.created_at 
FROM saved_articles 
WHERE saved_articles.id = ? AND saved_articles.user_id = ?]
[parameters: ('6a4815c11d25427bc820747501485d01', 'dc074a61-c488-4fca-afff-eaa39ed429a0')]
(Background on this error at: https://sqlalche.me/e/20/e3q8)
2026-04-11 13:57:15 | INFO     | __main__:save_article:256 - DB: Saving article 6a4815c11d25427bc820747501485d01 for user dc074a61-c488-4fca-afff-eaa39ed429a0
2026-04-11 13:57:15 | ERROR    | __main__:save_article:271 - DB: Save article failed: (sqlite3.OperationalError) no such column: saved_articles.link
[SQL: SELECT saved_articles.id, saved_articles.user_id, saved_articles.title, saved_articles.summary, saved_articles.source, saved_articles.link, saved_articles.score, saved_articles.authors, saved_articles.journal, saved_articles.date, saved_articles.tier, saved_articles.created_at 
FROM saved_articles 
WHERE saved_articles.id = ? AND saved_articles.user_id = ?]
[parameters: ('6a4815c11d25427bc820747501485d01', 'dc074a61-c488-4fca-afff-eaa39ed429a0')]
(Background on this error at: https://sqlalche.me/e/20/e3q8)
2026-04-11 13:57:15 | INFO     | __main__:save_article:256 - DB: Saving article 6a4815c11d25427bc820747501485d01 for user dc074a61-c488-4fca-afff-eaa39ed429a0
2026-04-11 13:57:15 | ERROR    | __main__:save_article:271 - DB: Save article failed: (sqlite3.OperationalError) no such column: saved_articles.link
[SQL: SELECT saved_articles.id, saved_articles.user_id, saved_articles.title, saved_articles.summary, saved_articles.source, saved_articles.link, saved_articles.score, saved_articles.authors, saved_articles.journal, saved_articles.date, saved_articles.tier, saved_articles.created_at 
FROM saved_articles 
WHERE saved_articles.id = ? AND saved_articles.user_id = ?]
[parameters: ('6a4815c11d25427bc820747501485d01', 'dc074a61-c488-4fca-afff-eaa39ed429a0')]
(Background on this error at: https://sqlalche.me/e/20/e3q8)
2026-04-11 13:57:16 | INFO     | __main__:save_article:256 - DB: Saving article 6a4815c11d25427bc820747501485d01 for user dc074a61-c488-4fca-afff-eaa39ed429a0
2026-04-11 13:57:16 | ERROR    | __main__:save_article:271 - DB: Save article failed: (sqlite3.OperationalError) no such column: saved_articles.link
[SQL: SELECT saved_articles.id, saved_articles.user_id, saved_articles.title, saved_articles.summary, saved_articles.source, saved_articles.link, saved_articles.score, saved_articles.authors, saved_articles.journal, saved_articles.date, saved_articles.tier, saved_articles.created_at 
FROM saved_articles 
WHERE saved_articles.id = ? AND saved_articles.user_id = ?]
[parameters: ('6a4815c11d25427bc820747501485d01', 'dc074a61-c488-4fca-afff-eaa39ed429a0')]
(Background on this error at: https://sqlalche.me/e/20/e3q8)
2026-04-11 13:57:16 | INFO     | __main__:save_article:256 - DB: Saving article 6a4815c11d25427bc820747501485d01 for user dc074a61-c488-4fca-afff-eaa39ed429a0
2026-04-11 13:57:16 | ERROR    | __main__:save_article:271 - DB: Save article failed: (sqlite3.OperationalError) no such column: saved_articles.link
[SQL: SELECT saved_articles.id, saved_articles.user_id, saved_articles.title, saved_articles.summary, saved_articles.source, saved_articles.link, saved_articles.score, saved_articles.authors, saved_articles.journal, saved_articles.date, saved_articles.tier, saved_articles.created_at 
FROM saved_articles 
WHERE saved_articles.id = ? AND saved_articles.user_id = ?]
[parameters: ('6a4815c11d25427bc820747501485d01', 'dc074a61-c488-4fca-afff-eaa39ed429a0')]
(Background on this error at: https://sqlalche.me/e/20/e3q8)
2026-04-11 13:57:17 | INFO     | __main__:save_article:256 - DB: Saving article 6a4815c11d25427bc820747501485d01 for user dc074a61-c488-4fca-afff-eaa39ed429a0
2026-04-11 13:57:17 | ERROR    | __main__:save_article:271 - DB: Save article failed: (sqlite3.OperationalError) no such column: saved_articles.link
[SQL: SELECT saved_articles.id, saved_articles.user_id, saved_articles.title, saved_articles.summary, saved_articles.source, saved_articles.link, saved_articles.score, saved_articles.authors, saved_articles.journal, saved_articles.date, saved_articles.tier, saved_articles.created_at 
FROM saved_articles 
WHERE saved_articles.id = ? AND saved_articles.user_id = ?]
[parameters: ('6a4815c11d25427bc820747501485d01', 'dc074a61-c488-4fca-afff-eaa39ed429a0')]
(Background on this error at: https://sqlalche.me/e/20/e3q8)
2026-04-11 13:57:17 | INFO     | __main__:save_article:256 - DB: Saving article 6a4815c11d25427bc820747501485d01 for user dc074a61-c488-4fca-afff-eaa39ed429a0
2026-04-11 13:57:17 | ERROR    | __main__:save_article:271 - DB: Save article failed: (sqlite3.OperationalError) no such column: saved_articles.link
[SQL: SELECT saved_articles.id, saved_articles.user_id, saved_articles.title, saved_articles.summary, saved_articles.source, saved_articles.link, saved_articles.score, saved_articles.authors, saved_articles.journal, saved_articles.date, saved_articles.tier, saved_articles.created_at 
FROM saved_articles 
WHERE saved_articles.id = ? AND saved_articles.user_id = ?]
[parameters: ('6a4815c11d25427bc820747501485d01', 'dc074a61-c488-4fca-afff-eaa39ed429a0')]
(Background on this error at: https://sqlalche.me/e/20/e3q8)
2026-04-11 13:57:18 | INFO     | __main__:save_article:256 - DB: Saving article 6a4815c11d25427bc820747501485d01 for user dc074a61-c488-4fca-afff-eaa39ed429a0
2026-04-11 13:57:18 | ERROR    | __main__:save_article:271 - DB: Save article failed: (sqlite3.OperationalError) no such column: saved_articles.link
[SQL: SELECT saved_articles.id, saved_articles.user_id, saved_articles.title, saved_articles.summary, saved_articles.source, saved_articles.link, saved_articles.score, saved_articles.authors, saved_articles.journal, saved_articles.date, saved_articles.tier, saved_articles.created_at 
FROM saved_articles 
WHERE saved_articles.id = ? AND saved_articles.user_id = ?]
[parameters: ('6a4815c11d25427bc820747501485d01', 'dc074a61-c488-4fca-afff-eaa39ed429a0')]
(Background on this error at: https://sqlalche.me/e/20/e3q8)
2026-04-11 13:57:18 | INFO     | __main__:save_article:256 - DB: Saving article 6a4815c11d25427bc820747501485d01 for user dc074a61-c488-4fca-afff-eaa39ed429a0
2026-04-11 13:57:18 | ERROR    | __main__:save_article:271 - DB: Save article failed: (sqlite3.OperationalError) no such column: saved_articles.link
[SQL: SELECT saved_articles.id, saved_articles.user_id, saved_articles.title, saved_articles.summary, saved_articles.source, saved_articles.link, saved_articles.score, saved_articles.authors, saved_articles.journal, saved_articles.date, saved_articles.tier, saved_articles.created_at 
FROM saved_articles 
WHERE saved_articles.id = ? AND saved_articles.user_id = ?]
[parameters: ('6a4815c11d25427bc820747501485d01', 'dc074a61-c488-4fca-afff-eaa39ed429a0')]
(Background on this error at: https://sqlalche.me/e/20/e3q8)
2026-04-11 14:09:17 | INFO     | __main__:startup_event:37 - SciAI PRODUCTION ENGINE STARTING...
2026-04-11 14:09:39 | INFO     | live_articles:fetch_trending:320 - Fetching trending for topics: ['quantum computing', 'stem cell therapy', 'protein folding']
2026-04-11 14:09:39 | INFO     | live_articles:fetch_trending:324 - Trending: Starting parallel fetch for topics...
2026-04-11 14:09:39 | INFO     | live_articles:fetch_pubmed:106 - PubMed: Searching for 'quantum computing' (retmax=10)
2026-04-11 14:09:39 | INFO     | live_articles:fetch_pubmed:106 - PubMed: Searching for 'stem cell therapy' (retmax=10)
2026-04-11 14:09:41 | INFO     | live_articles:fetch_pubmed:124 - PubMed search returned 10 IDs (Total: 51200)
2026-04-11 14:09:41 | INFO     | live_articles:fetch_pubmed:124 - PubMed search returned 10 IDs (Total: 197935)
2026-04-11 14:09:42 | INFO     | live_articles:fetch_pubmed:180 - PubMed: Successfully parsed 10 articles.
2026-04-11 14:09:43 | INFO     | live_articles:fetch_pubmed:180 - PubMed: Successfully parsed 10 articles.
2026-04-11 14:09:43 | INFO     | live_articles:fetch_trending:340 - Trending: Total fetched 45 articles.
2026-04-11 14:09:47 | INFO     | __main__:save_article:256 - DB: Saving article dca91503c362791de55499238354a204 for user dc074a61-c488-4fca-afff-eaa39ed429a0
2026-04-11 14:09:47 | ERROR    | __main__:save_article:271 - DB: Save article failed: (sqlite3.IntegrityError) datatype mismatch
[SQL: INSERT INTO saved_articles (id, user_id, title, summary, source, link, score, authors, journal, date, tier, created_at) VALUES (?, ?, ?, ?, ?, ?, ?, ?, ?, ?, ?, ?)]
[parameters: ('dca91503c362791de55499238354a204', 'dc074a61-c488-4fca-afff-eaa39ed429a0', 'Prenatal nutrition modulates hepatic long non-coding RNA regulatory elements in Nellore cattle offspring.', 'This study investigated the effects of maternal nutrition on hepatic long non-coding RNA (lncRNA) expression in Nellore cattle offspring. To this end ... (1223 characters truncated) ...  insights into the role of maternal nutrition in modulating long-term epigenetic programming via lncRNA-mediated mechanisms in beef cattle offspring.', 'PubMed', 'https://pubmed.ncbi.nlm.nih.gov/41802685/', 1.0, 'Polizel Guilherme Henrique Gebim, Cánovas Angela, Cesar Aline Silva Mello', 'The Journal of nutritional biochemistry', 'Recent', 'peer_reviewed', '2026-04-11 08:39:47.125147')]
(Background on this error at: https://sqlalche.me/e/20/gkpj)
2026-04-11 14:09:50 | INFO     | __main__:save_article:256 - DB: Saving article b9ece0f141c7e00e3c3a37401af5fdf3 for user dc074a61-c488-4fca-afff-eaa39ed429a0
2026-04-11 14:09:50 | ERROR    | __main__:save_article:271 - DB: Save article failed: (sqlite3.IntegrityError) datatype mismatch
[SQL: INSERT INTO saved_articles (id, user_id, title, summary, source, link, score, authors, journal, date, tier, created_at) VALUES (?, ?, ?, ?, ?, ?, ?, ?, ?, ?, ?, ?)]
[parameters: ('b9ece0f141c7e00e3c3a37401af5fdf3', 'dc074a61-c488-4fca-afff-eaa39ed429a0', 'Cost-effectiveness of exagamglogene autotemcel gene-edited therapy in patients with sickle cell disease with recurrent vaso-occlusive crises in the United States.', 'Exagamglogene autotemcel (exa-cel) is a one-time nonviral gene-edited therapy approved in the United States (US) for treatment of patients aged ≥12\u ... (3317 characters truncated) ... al and quality of life for people with SCD and recurrent VOCs, while reducing long-term health care costs, making it a valuable new treatment option.', 'PubMed', 'https://pubmed.ncbi.nlm.nih.gov/41730016/', 1.0, 'Lopez Andrea, Gargano Michael, Yang Hongbo', 'Journal of medical economics', 'Recent', 'peer_reviewed', '2026-04-11 08:39:50.433617')]
(Background on this error at: https://sqlalche.me/e/20/gkpj)
2026-04-11 14:09:50 | INFO     | __main__:save_article:256 - DB: Saving article b9ece0f141c7e00e3c3a37401af5fdf3 for user dc074a61-c488-4fca-afff-eaa39ed429a0
2026-04-11 14:09:50 | ERROR    | __main__:save_article:271 - DB: Save article failed: (sqlite3.IntegrityError) datatype mismatch
[SQL: INSERT INTO saved_articles (id, user_id, title, summary, source, link, score, authors, journal, date, tier, created_at) VALUES (?, ?, ?, ?, ?, ?, ?, ?, ?, ?, ?, ?)]
[parameters: ('b9ece0f141c7e00e3c3a37401af5fdf3', 'dc074a61-c488-4fca-afff-eaa39ed429a0', 'Cost-effectiveness of exagamglogene autotemcel gene-edited therapy in patients with sickle cell disease with recurrent vaso-occlusive crises in the United States.', 'Exagamglogene autotemcel (exa-cel) is a one-time nonviral gene-edited therapy approved in the United States (US) for treatment of patients aged ≥12\u ... (3317 characters truncated) ... al and quality of life for people with SCD and recurrent VOCs, while reducing long-term health care costs, making it a valuable new treatment option.', 'PubMed', 'https://pubmed.ncbi.nlm.nih.gov/41730016/', 1.0, 'Lopez Andrea, Gargano Michael, Yang Hongbo', 'Journal of medical economics', 'Recent', 'peer_reviewed', '2026-04-11 08:39:50.927372')]
(Background on this error at: https://sqlalche.me/e/20/gkpj)
2026-04-11 14:09:51 | INFO     | __main__:save_article:256 - DB: Saving article b9ece0f141c7e00e3c3a37401af5fdf3 for user dc074a61-c488-4fca-afff-eaa39ed429a0
2026-04-11 14:09:51 | ERROR    | __main__:save_article:271 - DB: Save article failed: (sqlite3.IntegrityError) datatype mismatch
[SQL: INSERT INTO saved_articles (id, user_id, title, summary, source, link, score, authors, journal, date, tier, created_at) VALUES (?, ?, ?, ?, ?, ?, ?, ?, ?, ?, ?, ?)]
[parameters: ('b9ece0f141c7e00e3c3a37401af5fdf3', 'dc074a61-c488-4fca-afff-eaa39ed429a0', 'Cost-effectiveness of exagamglogene autotemcel gene-edited therapy in patients with sickle cell disease with recurrent vaso-occlusive crises in the United States.', 'Exagamglogene autotemcel (exa-cel) is a one-time nonviral gene-edited therapy approved in the United States (US) for treatment of patients aged ≥12\u ... (3317 characters truncated) ... al and quality of life for people with SCD and recurrent VOCs, while reducing long-term health care costs, making it a valuable new treatment option.', 'PubMed', 'https://pubmed.ncbi.nlm.nih.gov/41730016/', 1.0, 'Lopez Andrea, Gargano Michael, Yang Hongbo', 'Journal of medical economics', 'Recent', 'peer_reviewed', '2026-04-11 08:39:51.114955')]
(Background on this error at: https://sqlalche.me/e/20/gkpj)
2026-04-11 14:09:51 | INFO     | __main__:save_article:256 - DB: Saving article b9ece0f141c7e00e3c3a37401af5fdf3 for user dc074a61-c488-4fca-afff-eaa39ed429a0
2026-04-11 14:09:51 | ERROR    | __main__:save_article:271 - DB: Save article failed: (sqlite3.IntegrityError) datatype mismatch
[SQL: INSERT INTO saved_articles (id, user_id, title, summary, source, link, score, authors, journal, date, tier, created_at) VALUES (?, ?, ?, ?, ?, ?, ?, ?, ?, ?, ?, ?)]
[parameters: ('b9ece0f141c7e00e3c3a37401af5fdf3', 'dc074a61-c488-4fca-afff-eaa39ed429a0', 'Cost-effectiveness of exagamglogene autotemcel gene-edited therapy in patients with sickle cell disease with recurrent vaso-occlusive crises in the United States.', 'Exagamglogene autotemcel (exa-cel) is a one-time nonviral gene-edited therapy approved in the United States (US) for treatment of patients aged ≥12\u ... (3317 characters truncated) ... al and quality of life for people with SCD and recurrent VOCs, while reducing long-term health care costs, making it a valuable new treatment option.', 'PubMed', 'https://pubmed.ncbi.nlm.nih.gov/41730016/', 1.0, 'Lopez Andrea, Gargano Michael, Yang Hongbo', 'Journal of medical economics', 'Recent', 'peer_reviewed', '2026-04-11 08:39:51.496216')]
(Background on this error at: https://sqlalche.me/e/20/gkpj)
2026-04-11 14:09:51 | INFO     | __main__:save_article:256 - DB: Saving article b9ece0f141c7e00e3c3a37401af5fdf3 for user dc074a61-c488-4fca-afff-eaa39ed429a0
2026-04-11 14:09:51 | ERROR    | __main__:save_article:271 - DB: Save article failed: (sqlite3.IntegrityError) datatype mismatch
[SQL: INSERT INTO saved_articles (id, user_id, title, summary, source, link, score, authors, journal, date, tier, created_at) VALUES (?, ?, ?, ?, ?, ?, ?, ?, ?, ?, ?, ?)]
[parameters: ('b9ece0f141c7e00e3c3a37401af5fdf3', 'dc074a61-c488-4fca-afff-eaa39ed429a0', 'Cost-effectiveness of exagamglogene autotemcel gene-edited therapy in patients with sickle cell disease with recurrent vaso-occlusive crises in the United States.', 'Exagamglogene autotemcel (exa-cel) is a one-time nonviral gene-edited therapy approved in the United States (US) for treatment of patients aged ≥12\u ... (3317 characters truncated) ... al and quality of life for people with SCD and recurrent VOCs, while reducing long-term health care costs, making it a valuable new treatment option.', 'PubMed', 'https://pubmed.ncbi.nlm.nih.gov/41730016/', 1.0, 'Lopez Andrea, Gargano Michael, Yang Hongbo', 'Journal of medical economics', 'Recent', 'peer_reviewed', '2026-04-11 08:39:51.674263')]
(Background on this error at: https://sqlalche.me/e/20/gkpj)
2026-04-11 14:09:52 | INFO     | __main__:save_article:256 - DB: Saving article b9ece0f141c7e00e3c3a37401af5fdf3 for user dc074a61-c488-4fca-afff-eaa39ed429a0
2026-04-11 14:09:52 | ERROR    | __main__:save_article:271 - DB: Save article failed: (sqlite3.IntegrityError) datatype mismatch
[SQL: INSERT INTO saved_articles (id, user_id, title, summary, source, link, score, authors, journal, date, tier, created_at) VALUES (?, ?, ?, ?, ?, ?, ?, ?, ?, ?, ?, ?)]
[parameters: ('b9ece0f141c7e00e3c3a37401af5fdf3', 'dc074a61-c488-4fca-afff-eaa39ed429a0', 'Cost-effectiveness of exagamglogene autotemcel gene-edited therapy in patients with sickle cell disease with recurrent vaso-occlusive crises in the United States.', 'Exagamglogene autotemcel (exa-cel) is a one-time nonviral gene-edited therapy approved in the United States (US) for treatment of patients aged ≥12\u ... (3317 characters truncated) ... al and quality of life for people with SCD and recurrent VOCs, while reducing long-term health care costs, making it a valuable new treatment option.', 'PubMed', 'https://pubmed.ncbi.nlm.nih.gov/41730016/', 1.0, 'Lopez Andrea, Gargano Michael, Yang Hongbo', 'Journal of medical economics', 'Recent', 'peer_reviewed', '2026-04-11 08:39:52.124928')]
(Background on this error at: https://sqlalche.me/e/20/gkpj)
2026-04-11 14:10:22 | INFO     | live_articles:search_articles:244 - Article Search: 'scnt' | Page: 1
2026-04-11 14:10:22 | INFO     | live_articles:search_articles:253 - Adding PubMed task for 'scnt'
2026-04-11 14:10:22 | INFO     | live_articles:search_articles:256 - Adding arXiv task for 'scnt'
2026-04-11 14:10:22 | INFO     | live_articles:search_articles:263 - Adding Wikipedia task for 'scnt'
2026-04-11 14:10:22 | INFO     | live_articles:fetch_pubmed:106 - PubMed: Searching for 'scnt' (retmax=10)
2026-04-11 14:10:23 | INFO     | live_articles:fetch_pubmed:124 - PubMed search returned 10 IDs (Total: 1866)
2026-04-11 14:10:25 | INFO     | live_articles:fetch_pubmed:180 - PubMed: Successfully parsed 10 articles.
2026-04-11 14:10:25 | INFO     | live_articles:search_articles:289 - Source 0 returned 10 articles (Total in source: 1866)
2026-04-11 14:10:25 | INFO     | live_articles:search_articles:289 - Source 1 returned 1 articles (Total in source: 1)
2026-04-11 14:10:25 | INFO     | live_articles:search_articles:293 - Wikipedia returned 0 articles
2026-04-11 14:10:29 | INFO     | __main__:save_article:256 - DB: Saving article 189aa9e037c33deca766160a09f8b20a for user dc074a61-c488-4fca-afff-eaa39ed429a0
2026-04-11 14:10:29 | ERROR    | __main__:save_article:271 - DB: Save article failed: (sqlite3.IntegrityError) datatype mismatch
[SQL: INSERT INTO saved_articles (id, user_id, title, summary, source, link, score, authors, journal, date, tier, created_at) VALUES (?, ?, ?, ?, ?, ?, ?, ?, ?, ?, ?, ?)]
[parameters: ('189aa9e037c33deca766160a09f8b20a', 'dc074a61-c488-4fca-afff-eaa39ed429a0', 'Epigenetic manipulation to improve mouse SCNT embryonic development.', 'Cloned mammals can be achieved through somatic cell nuclear transfer (SCNT), which involves reprogramming of differentiated somatic cells into a toti ... (265 characters truncated) ... t epigenetic barriers in SCNT embryos and strategies to correct these epigenetic defects and avoid the occurrence of abnormalities in cloned animals.', 'PubMed', 'https://pubmed.ncbi.nlm.nih.gov/36110221/', 1.0, 'Li Yamei, Sun Qiang', 'Frontiers in genetics', 'Recent', 'peer_reviewed', '2026-04-11 08:40:29.493390')]
(Background on this error at: https://sqlalche.me/e/20/gkpj)
2026-04-11 14:10:30 | INFO     | __main__:save_article:256 - DB: Saving article 189aa9e037c33deca766160a09f8b20a for user dc074a61-c488-4fca-afff-eaa39ed429a0
2026-04-11 14:10:30 | ERROR    | __main__:save_article:271 - DB: Save article failed: (sqlite3.IntegrityError) datatype mismatch
[SQL: INSERT INTO saved_articles (id, user_id, title, summary, source, link, score, authors, journal, date, tier, created_at) VALUES (?, ?, ?, ?, ?, ?, ?, ?, ?, ?, ?, ?)]
[parameters: ('189aa9e037c33deca766160a09f8b20a', 'dc074a61-c488-4fca-afff-eaa39ed429a0', 'Epigenetic manipulation to improve mouse SCNT embryonic development.', 'Cloned mammals can be achieved through somatic cell nuclear transfer (SCNT), which involves reprogramming of differentiated somatic cells into a toti ... (265 characters truncated) ... t epigenetic barriers in SCNT embryos and strategies to correct these epigenetic defects and avoid the occurrence of abnormalities in cloned animals.', 'PubMed', 'https://pubmed.ncbi.nlm.nih.gov/36110221/', 1.0, 'Li Yamei, Sun Qiang', 'Frontiers in genetics', 'Recent', 'peer_reviewed', '2026-04-11 08:40:30.530999')]
(Background on this error at: https://sqlalche.me/e/20/gkpj)
2026-04-11 14:10:30 | INFO     | __main__:save_article:256 - DB: Saving article 189aa9e037c33deca766160a09f8b20a for user dc074a61-c488-4fca-afff-eaa39ed429a0
2026-04-11 14:10:30 | ERROR    | __main__:save_article:271 - DB: Save article failed: (sqlite3.IntegrityError) datatype mismatch
[SQL: INSERT INTO saved_articles (id, user_id, title, summary, source, link, score, authors, journal, date, tier, created_at) VALUES (?, ?, ?, ?, ?, ?, ?, ?, ?, ?, ?, ?)]
[parameters: ('189aa9e037c33deca766160a09f8b20a', 'dc074a61-c488-4fca-afff-eaa39ed429a0', 'Epigenetic manipulation to improve mouse SCNT embryonic development.', 'Cloned mammals can be achieved through somatic cell nuclear transfer (SCNT), which involves reprogramming of differentiated somatic cells into a toti ... (265 characters truncated) ... t epigenetic barriers in SCNT embryos and strategies to correct these epigenetic defects and avoid the occurrence of abnormalities in cloned animals.', 'PubMed', 'https://pubmed.ncbi.nlm.nih.gov/36110221/', 1.0, 'Li Yamei, Sun Qiang', 'Frontiers in genetics', 'Recent', 'peer_reviewed', '2026-04-11 08:40:30.695365')]
(Background on this error at: https://sqlalche.me/e/20/gkpj)
2026-04-11 14:10:30 | INFO     | __main__:save_article:256 - DB: Saving article 189aa9e037c33deca766160a09f8b20a for user dc074a61-c488-4fca-afff-eaa39ed429a0
2026-04-11 14:10:30 | ERROR    | __main__:save_article:271 - DB: Save article failed: (sqlite3.IntegrityError) datatype mismatch
[SQL: INSERT INTO saved_articles (id, user_id, title, summary, source, link, score, authors, journal, date, tier, created_at) VALUES (?, ?, ?, ?, ?, ?, ?, ?, ?, ?, ?, ?)]
[parameters: ('189aa9e037c33deca766160a09f8b20a', 'dc074a61-c488-4fca-afff-eaa39ed429a0', 'Epigenetic manipulation to improve mouse SCNT embryonic development.', 'Cloned mammals can be achieved through somatic cell nuclear transfer (SCNT), which involves reprogramming of differentiated somatic cells into a toti ... (265 characters truncated) ... t epigenetic barriers in SCNT embryos and strategies to correct these epigenetic defects and avoid the occurrence of abnormalities in cloned animals.', 'PubMed', 'https://pubmed.ncbi.nlm.nih.gov/36110221/', 1.0, 'Li Yamei, Sun Qiang', 'Frontiers in genetics', 'Recent', 'peer_reviewed', '2026-04-11 08:40:30.883516')]
(Background on this error at: https://sqlalche.me/e/20/gkpj)
2026-04-11 14:10:31 | INFO     | __main__:save_article:256 - DB: Saving article 189aa9e037c33deca766160a09f8b20a for user dc074a61-c488-4fca-afff-eaa39ed429a0
2026-04-11 14:10:31 | ERROR    | __main__:save_article:271 - DB: Save article failed: (sqlite3.IntegrityError) datatype mismatch
[SQL: INSERT INTO saved_articles (id, user_id, title, summary, source, link, score, authors, journal, date, tier, created_at) VALUES (?, ?, ?, ?, ?, ?, ?, ?, ?, ?, ?, ?)]
[parameters: ('189aa9e037c33deca766160a09f8b20a', 'dc074a61-c488-4fca-afff-eaa39ed429a0', 'Epigenetic manipulation to improve mouse SCNT embryonic development.', 'Cloned mammals can be achieved through somatic cell nuclear transfer (SCNT), which involves reprogramming of differentiated somatic cells into a toti ... (265 characters truncated) ... t epigenetic barriers in SCNT embryos and strategies to correct these epigenetic defects and avoid the occurrence of abnormalities in cloned animals.', 'PubMed', 'https://pubmed.ncbi.nlm.nih.gov/36110221/', 1.0, 'Li Yamei, Sun Qiang', 'Frontiers in genetics', 'Recent', 'peer_reviewed', '2026-04-11 08:40:31.056777')]
(Background on this error at: https://sqlalche.me/e/20/gkpj)
2026-04-11 14:10:34 | INFO     | __main__:save_article:256 - DB: Saving article 189aa9e037c33deca766160a09f8b20a for user dc074a61-c488-4fca-afff-eaa39ed429a0
2026-04-11 14:10:34 | ERROR    | __main__:save_article:271 - DB: Save article failed: (sqlite3.IntegrityError) datatype mismatch
[SQL: INSERT INTO saved_articles (id, user_id, title, summary, source, link, score, authors, journal, date, tier, created_at) VALUES (?, ?, ?, ?, ?, ?, ?, ?, ?, ?, ?, ?)]
[parameters: ('189aa9e037c33deca766160a09f8b20a', 'dc074a61-c488-4fca-afff-eaa39ed429a0', 'Epigenetic manipulation to improve mouse SCNT embryonic development.', 'Cloned mammals can be achieved through somatic cell nuclear transfer (SCNT), which involves reprogramming of differentiated somatic cells into a toti ... (265 characters truncated) ... t epigenetic barriers in SCNT embryos and strategies to correct these epigenetic defects and avoid the occurrence of abnormalities in cloned animals.', 'PubMed', 'https://pubmed.ncbi.nlm.nih.gov/36110221/', 1.0, 'Li Yamei, Sun Qiang', 'Frontiers in genetics', 'Recent', 'peer_reviewed', '2026-04-11 08:40:34.248544')]
(Background on this error at: https://sqlalche.me/e/20/gkpj)
2026-04-11 14:10:34 | INFO     | __main__:save_article:256 - DB: Saving article 189aa9e037c33deca766160a09f8b20a for user dc074a61-c488-4fca-afff-eaa39ed429a0
2026-04-11 14:10:34 | ERROR    | __main__:save_article:271 - DB: Save article failed: (sqlite3.IntegrityError) datatype mismatch
[SQL: INSERT INTO saved_articles (id, user_id, title, summary, source, link, score, authors, journal, date, tier, created_at) VALUES (?, ?, ?, ?, ?, ?, ?, ?, ?, ?, ?, ?)]
[parameters: ('189aa9e037c33deca766160a09f8b20a', 'dc074a61-c488-4fca-afff-eaa39ed429a0', 'Epigenetic manipulation to improve mouse SCNT embryonic development.', 'Cloned mammals can be achieved through somatic cell nuclear transfer (SCNT), which involves reprogramming of differentiated somatic cells into a toti ... (265 characters truncated) ... t epigenetic barriers in SCNT embryos and strategies to correct these epigenetic defects and avoid the occurrence of abnormalities in cloned animals.', 'PubMed', 'https://pubmed.ncbi.nlm.nih.gov/36110221/', 1.0, 'Li Yamei, Sun Qiang', 'Frontiers in genetics', 'Recent', 'peer_reviewed', '2026-04-11 08:40:34.638246')]
(Background on this error at: https://sqlalche.me/e/20/gkpj)
2026-04-11 14:10:34 | INFO     | __main__:save_article:256 - DB: Saving article 189aa9e037c33deca766160a09f8b20a for user dc074a61-c488-4fca-afff-eaa39ed429a0
2026-04-11 14:10:34 | ERROR    | __main__:save_article:271 - DB: Save article failed: (sqlite3.IntegrityError) datatype mismatch
[SQL: INSERT INTO saved_articles (id, user_id, title, summary, source, link, score, authors, journal, date, tier, created_at) VALUES (?, ?, ?, ?, ?, ?, ?, ?, ?, ?, ?, ?)]
[parameters: ('189aa9e037c33deca766160a09f8b20a', 'dc074a61-c488-4fca-afff-eaa39ed429a0', 'Epigenetic manipulation to improve mouse SCNT embryonic development.', 'Cloned mammals can be achieved through somatic cell nuclear transfer (SCNT), which involves reprogramming of differentiated somatic cells into a toti ... (265 characters truncated) ... t epigenetic barriers in SCNT embryos and strategies to correct these epigenetic defects and avoid the occurrence of abnormalities in cloned animals.', 'PubMed', 'https://pubmed.ncbi.nlm.nih.gov/36110221/', 1.0, 'Li Yamei, Sun Qiang', 'Frontiers in genetics', 'Recent', 'peer_reviewed', '2026-04-11 08:40:34.834375')]
(Background on this error at: https://sqlalche.me/e/20/gkpj)
2026-04-11 14:10:37 | INFO     | __main__:save_article:256 - DB: Saving article 2759bb46c5e1dcfb2c39105ea43ba53e for user dc074a61-c488-4fca-afff-eaa39ed429a0
2026-04-11 14:10:37 | ERROR    | __main__:save_article:271 - DB: Save article failed: (sqlite3.IntegrityError) datatype mismatch
[SQL: INSERT INTO saved_articles (id, user_id, title, summary, source, link, score, authors, journal, date, tier, created_at) VALUES (?, ?, ?, ?, ?, ?, ?, ?, ?, ?, ?, ?)]
[parameters: ('2759bb46c5e1dcfb2c39105ea43ba53e', 'dc074a61-c488-4fca-afff-eaa39ed429a0', 'SCNT versus iPSCs: proteins and small molecules in reprogramming.', 'Somatic cell nuclear transplantation (SCNT) and induced pluripotent stem cell (iPSC) technologies can be employed to change cell fate by reprogrammin ... (1090 characters truncated) ... esearch in which chemical biology and proteomics are combining to facilitate improving cellular reprogramming and production of clinical grade iPSCs.', 'PubMed', 'https://pubmed.ncbi.nlm.nih.gov/26505250/', 1.0, 'Han Fei, Li Xia, Song Dandan', 'The International journal of developmental biology', 'Recent', 'peer_reviewed', '2026-04-11 08:40:37.537134')]
(Background on this error at: https://sqlalche.me/e/20/gkpj)
2026-04-11 14:10:37 | INFO     | __main__:save_article:256 - DB: Saving article 2759bb46c5e1dcfb2c39105ea43ba53e for user dc074a61-c488-4fca-afff-eaa39ed429a0
2026-04-11 14:10:37 | ERROR    | __main__:save_article:271 - DB: Save article failed: (sqlite3.IntegrityError) datatype mismatch
[SQL: INSERT INTO saved_articles (id, user_id, title, summary, source, link, score, authors, journal, date, tier, created_at) VALUES (?, ?, ?, ?, ?, ?, ?, ?, ?, ?, ?, ?)]
[parameters: ('2759bb46c5e1dcfb2c39105ea43ba53e', 'dc074a61-c488-4fca-afff-eaa39ed429a0', 'SCNT versus iPSCs: proteins and small molecules in reprogramming.', 'Somatic cell nuclear transplantation (SCNT) and induced pluripotent stem cell (iPSC) technologies can be employed to change cell fate by reprogrammin ... (1090 characters truncated) ... esearch in which chemical biology and proteomics are combining to facilitate improving cellular reprogramming and production of clinical grade iPSCs.', 'PubMed', 'https://pubmed.ncbi.nlm.nih.gov/26505250/', 1.0, 'Han Fei, Li Xia, Song Dandan', 'The International journal of developmental biology', 'Recent', 'peer_reviewed', '2026-04-11 08:40:37.834996')]
(Background on this error at: https://sqlalche.me/e/20/gkpj)
2026-04-11 14:10:40 | INFO     | __main__:save_article:256 - DB: Saving article f99bd1b72e2a5251307c5ed006b5d3b1 for user dc074a61-c488-4fca-afff-eaa39ed429a0
2026-04-11 14:10:40 | ERROR    | __main__:save_article:271 - DB: Save article failed: (sqlite3.IntegrityError) datatype mismatch
[SQL: INSERT INTO saved_articles (id, user_id, title, summary, source, link, score, authors, journal, date, tier, created_at) VALUES (?, ?, ?, ?, ?, ?, ?, ?, ?, ?, ?, ?)]
[parameters: ('f99bd1b72e2a5251307c5ed006b5d3b1', 'dc074a61-c488-4fca-afff-eaa39ed429a0', 'Aberrant nucleosome organization in mouse SCNT embryos revealed by ULI-MNase-seq.', 'Somatic cell nuclear transfer (SCNT) can reprogram terminally differentiated somatic cells into totipotent embryos, but with multiple defects. The nu ... (855 characters truncated) ... iated with the memory of promoter NDRs. Our study provides insight into nucleosome reconfiguration during SCNT preimplantation embryonic development.', 'PubMed', 'https://pubmed.ncbi.nlm.nih.gov/35750045/', 1.0, 'Yang Lingyue, Xu Xiaocui, Xu Ruimin', 'Stem cell reports', 'Recent', 'peer_reviewed', '2026-04-11 08:40:40.139148')]
(Background on this error at: https://sqlalche.me/e/20/gkpj)
2026-04-11 14:10:40 | INFO     | __main__:save_article:256 - DB: Saving article f99bd1b72e2a5251307c5ed006b5d3b1 for user dc074a61-c488-4fca-afff-eaa39ed429a0
2026-04-11 14:10:40 | ERROR    | __main__:save_article:271 - DB: Save article failed: (sqlite3.IntegrityError) datatype mismatch
[SQL: INSERT INTO saved_articles (id, user_id, title, summary, source, link, score, authors, journal, date, tier, created_at) VALUES (?, ?, ?, ?, ?, ?, ?, ?, ?, ?, ?, ?)]
[parameters: ('f99bd1b72e2a5251307c5ed006b5d3b1', 'dc074a61-c488-4fca-afff-eaa39ed429a0', 'Aberrant nucleosome organization in mouse SCNT embryos revealed by ULI-MNase-seq.', 'Somatic cell nuclear transfer (SCNT) can reprogram terminally differentiated somatic cells into totipotent embryos, but with multiple defects. The nu ... (855 characters truncated) ... iated with the memory of promoter NDRs. Our study provides insight into nucleosome reconfiguration during SCNT preimplantation embryonic development.', 'PubMed', 'https://pubmed.ncbi.nlm.nih.gov/35750045/', 1.0, 'Yang Lingyue, Xu Xiaocui, Xu Ruimin', 'Stem cell reports', 'Recent', 'peer_reviewed', '2026-04-11 08:40:40.359186')]
(Background on this error at: https://sqlalche.me/e/20/gkpj)
2026-04-11 14:15:50 | INFO     | __main__:startup_event:37 - SciAI PRODUCTION ENGINE STARTING...
2026-04-11 14:16:04 | INFO     | live_articles:fetch_trending:320 - Fetching trending for topics: ['stem cell therapy', 'quantum computing', 'neuroscience consciousness']
2026-04-11 14:16:04 | INFO     | live_articles:fetch_trending:324 - Trending: Starting parallel fetch for topics...
2026-04-11 14:16:04 | INFO     | live_articles:fetch_pubmed:106 - PubMed: Searching for 'neuroscience consciousness' (retmax=10)
2026-04-11 14:16:06 | INFO     | live_articles:fetch_pubmed:124 - PubMed search returned 10 IDs (Total: 6707)
2026-04-11 14:16:07 | INFO     | live_articles:fetch_pubmed:180 - PubMed: Successfully parsed 10 articles.
2026-04-11 14:16:07 | INFO     | live_articles:fetch_trending:340 - Trending: Total fetched 45 articles.
2026-04-11 14:16:10 | INFO     | __main__:save_article:256 - DB: Saving article 6b86a25c859734a8a90989415fec648e for user dc074a61-c488-4fca-afff-eaa39ed429a0
2026-04-11 14:16:10 | INFO     | __main__:save_article:268 - DB: Successfully saved article 6b86a25c859734a8a90989415fec648e
2026-04-11 14:46:02 | INFO     | __main__:startup_event:37 - SciAI PRODUCTION ENGINE STARTING...
2026-04-11 14:50:44 | INFO     | live_articles:fetch_trending:320 - Fetching trending for topics: ['nanomaterials', 'climate change mitigation', 'dark matter detection']
2026-04-11 14:50:45 | INFO     | live_articles:fetch_trending:324 - Trending: Starting parallel fetch for topics...
2026-04-11 14:50:45 | INFO     | live_articles:fetch_pubmed:106 - PubMed: Searching for 'nanomaterials' (retmax=10)
2026-04-11 14:50:45 | INFO     | live_articles:fetch_pubmed:106 - PubMed: Searching for 'climate change mitigation' (retmax=10)
2026-04-11 14:50:45 | INFO     | live_articles:fetch_pubmed:106 - PubMed: Searching for 'dark matter detection' (retmax=10)
2026-04-11 14:50:46 | INFO     | live_articles:fetch_pubmed:124 - PubMed search returned 10 IDs (Total: 1038)
2026-04-11 14:50:46 | INFO     | live_articles:fetch_pubmed:124 - PubMed search returned 10 IDs (Total: 15965)
2026-04-11 14:50:46 | INFO     | live_articles:fetch_pubmed:124 - PubMed search returned 10 IDs (Total: 433903)
2026-04-11 14:50:47 | WARNING  | live_articles:fetch_pubmed:136 - PubMed efetch hit 429 Rate Limit. Retrying after 2s...
2026-04-11 14:50:47 | WARNING  | live_articles:fetch_pubmed:136 - PubMed efetch hit 429 Rate Limit. Retrying after 2s...
2026-04-11 14:50:48 | INFO     | live_articles:fetch_pubmed:180 - PubMed: Successfully parsed 10 articles.
2026-04-11 14:50:50 | INFO     | live_articles:fetch_pubmed:180 - PubMed: Successfully parsed 10 articles.
2026-04-11 14:50:50 | INFO     | live_articles:fetch_pubmed:180 - PubMed: Successfully parsed 10 articles.
2026-04-11 14:50:50 | INFO     | live_articles:fetch_trending:340 - Trending: Total fetched 45 articles.
2026-04-11 14:50:54 | INFO     | __main__:save_article:256 - DB: Saving article e2c85eea09b8ef78e90e917b8e1b42ae for user dc074a61-c488-4fca-afff-eaa39ed429a0
2026-04-11 14:50:54 | INFO     | __main__:save_article:268 - DB: Successfully saved article e2c85eea09b8ef78e90e917b8e1b42ae
2026-04-11 14:50:59 | INFO     | __main__:unsave_article:303 - DB: Successfully unsaved article e2c85eea09b8ef78e90e917b8e1b42ae for user dc074a61-c488-4fca-afff-eaa39ed429a0
2026-04-11 14:51:10 | INFO     | __main__:unsave_article:303 - DB: Successfully unsaved article 6b86a25c859734a8a90989415fec648e for user dc074a61-c488-4fca-afff-eaa39ed429a0
2026-04-11 14:51:19 | INFO     | __main__:save_article:256 - DB: Saving article e2c85eea09b8ef78e90e917b8e1b42ae for user dc074a61-c488-4fca-afff-eaa39ed429a0
2026-04-11 14:51:19 | INFO     | __main__:save_article:268 - DB: Successfully saved article e2c85eea09b8ef78e90e917b8e1b42ae
2026-04-11 15:38:38 | INFO     | live_articles:fetch_trending:320 - Fetching trending for topics: ['protein folding', 'mRNA vaccine', 'climate change mitigation']
2026-04-11 15:38:38 | INFO     | live_articles:fetch_trending:324 - Trending: Starting parallel fetch for topics...
2026-04-11 15:38:38 | INFO     | live_articles:fetch_pubmed:106 - PubMed: Searching for 'protein folding' (retmax=10)
2026-04-11 15:38:38 | INFO     | live_articles:fetch_pubmed:106 - PubMed: Searching for 'mRNA vaccine' (retmax=10)
2026-04-11 15:38:40 | INFO     | live_articles:fetch_pubmed:124 - PubMed search returned 10 IDs (Total: 98796)
2026-04-11 15:38:40 | INFO     | live_articles:fetch_pubmed:124 - PubMed search returned 10 IDs (Total: 21289)
2026-04-11 15:38:41 | WARNING  | live_articles:fetch_pubmed:136 - PubMed efetch hit 429 Rate Limit. Retrying after 2s...
2026-04-11 15:38:41 | INFO     | live_articles:fetch_pubmed:180 - PubMed: Successfully parsed 10 articles.
2026-04-11 15:38:45 | INFO     | live_articles:fetch_pubmed:180 - PubMed: Successfully parsed 10 articles.
2026-04-11 15:38:45 | INFO     | live_articles:fetch_trending:340 - Trending: Total fetched 45 articles.
2026-04-11 15:38:50 | INFO     | __main__:save_article:256 - DB: Saving article 1a926b3de738b87408e19d8fceeb046d for user dc074a61-c488-4fca-afff-eaa39ed429a0
2026-04-11 15:38:50 | INFO     | __main__:save_article:268 - DB: Successfully saved article 1a926b3de738b87408e19d8fceeb046d
2026-04-11 15:38:59 | INFO     | __main__:unsave_article:303 - DB: Successfully unsaved article e2c85eea09b8ef78e90e917b8e1b42ae for user dc074a61-c488-4fca-afff-eaa39ed429a0
2026-04-11 15:39:06 | INFO     | __main__:unsave_article:303 - DB: Successfully unsaved article 1a926b3de738b87408e19d8fceeb046d for user dc074a61-c488-4fca-afff-eaa39ed429a0
2026-04-11 15:45:47 | INFO     | live_articles:fetch_trending:320 - Fetching trending for topics: ['protein folding', 'quantum computing', 'neuroscience consciousness']
2026-04-11 15:45:47 | INFO     | live_articles:fetch_trending:324 - Trending: Starting parallel fetch for topics...
2026-04-11 15:45:47 | INFO     | live_articles:fetch_pubmed:106 - PubMed: Searching for 'quantum computing' (retmax=10)
2026-04-11 15:45:47 | INFO     | live_articles:fetch_pubmed:106 - PubMed: Searching for 'neuroscience consciousness' (retmax=10)
2026-04-11 15:45:48 | INFO     | live_articles:fetch_pubmed:124 - PubMed search returned 10 IDs (Total: 6707)
2026-04-11 15:45:49 | INFO     | live_articles:fetch_pubmed:124 - PubMed search returned 10 IDs (Total: 51200)
2026-04-11 15:45:50 | INFO     | live_articles:fetch_pubmed:180 - PubMed: Successfully parsed 10 articles.
2026-04-11 15:45:50 | INFO     | live_articles:fetch_pubmed:180 - PubMed: Successfully parsed 10 articles.
2026-04-11 15:45:50 | INFO     | live_articles:fetch_trending:340 - Trending: Total fetched 45 articles.
2026-04-11 15:45:55 | INFO     | __main__:save_article:256 - DB: Saving article 4d1cf7a924ecfe45568a41fc0e00a0d0 for user dc074a61-c488-4fca-afff-eaa39ed429a0
2026-04-11 15:45:55 | INFO     | __main__:save_article:268 - DB: Successfully saved article 4d1cf7a924ecfe45568a41fc0e00a0d0
2026-04-11 15:46:45 | INFO     | __main__:ask_question:96 - Question: SILICO UNWINDING ELEGANS ARTICLE SUMMARY | Hybrid: True | Book: None
2026-04-11 15:46:45 | INFO     | faiss_store:load:73 - FAISS: Loaded 11303 vectors of type IndexIDMap2.
2026-04-11 15:46:45 | INFO     | faiss_store:get_model:15 - Loading embedding model...
2026-04-11 15:46:51 | INFO     | faiss_store:search:202 - FAISS Search: query='SILICO UNWINDING ELEGANS ARTIC...', search_k=25, ntotal=11303
2026-04-11 15:46:51 | INFO     | faiss_store:search:230 - FAISS Search: Matches for book_id=None: 0
2026-04-11 15:46:51 | INFO     | live_articles:search_articles:244 - Article Search: 'SILICO UNWINDING ELEGANS ARTICLE SUMMARY' | Page: 1
2026-04-11 15:46:51 | INFO     | live_articles:search_articles:253 - Adding PubMed task for 'SILICO UNWINDING ELEGANS ARTICLE SUMMARY'
2026-04-11 15:46:51 | INFO     | live_articles:search_articles:256 - Adding arXiv task for 'SILICO UNWINDING ELEGANS ARTICLE SUMMARY'
2026-04-11 15:46:51 | INFO     | live_articles:search_articles:263 - Adding Wikipedia task for 'SILICO UNWINDING ELEGANS ARTICLE SUMMARY'
2026-04-11 15:46:51 | INFO     | live_articles:fetch_pubmed:106 - PubMed: Searching for 'SILICO UNWINDING ELEGANS ARTICLE SUMMARY' (retmax=10)
2026-04-11 15:46:53 | INFO     | live_articles:fetch_pubmed:124 - PubMed search returned 0 IDs (Total: 0)
2026-04-11 15:46:53 | INFO     | live_articles:search_articles:289 - Source 0 returned 0 articles (Total in source: 0)
2026-04-11 15:46:53 | INFO     | live_articles:search_articles:289 - Source 1 returned 10 articles (Total in source: 116495)
2026-04-11 15:46:53 | INFO     | live_articles:search_articles:293 - Wikipedia returned 0 articles
2026-04-11 15:49:08 | INFO     | __main__:save_article:256 - DB: Saving article 4d1cf7a924ecfe45568a41fc0e00a0d0 for user dc074a61-c488-4fca-afff-eaa39ed429a0
2026-04-11 15:49:08 | INFO     | __main__:save_article:261 - DB: Article 4d1cf7a924ecfe45568a41fc0e00a0d0 already exists for user dc074a61-c488-4fca-afff-eaa39ed429a0
2026-04-11 15:49:10 | INFO     | __main__:save_article:256 - DB: Saving article 4d1cf7a924ecfe45568a41fc0e00a0d0 for user dc074a61-c488-4fca-afff-eaa39ed429a0
2026-04-11 15:49:10 | INFO     | __main__:save_article:261 - DB: Article 4d1cf7a924ecfe45568a41fc0e00a0d0 already exists for user dc074a61-c488-4fca-afff-eaa39ed429a0
2026-04-11 15:49:11 | INFO     | __main__:save_article:256 - DB: Saving article 4d1cf7a924ecfe45568a41fc0e00a0d0 for user dc074a61-c488-4fca-afff-eaa39ed429a0
2026-04-11 15:49:11 | INFO     | __main__:save_article:261 - DB: Article 4d1cf7a924ecfe45568a41fc0e00a0d0 already exists for user dc074a61-c488-4fca-afff-eaa39ed429a0
2026-04-11 15:49:11 | INFO     | __main__:save_article:256 - DB: Saving article 4d1cf7a924ecfe45568a41fc0e00a0d0 for user dc074a61-c488-4fca-afff-eaa39ed429a0
2026-04-11 15:49:11 | INFO     | __main__:save_article:261 - DB: Article 4d1cf7a924ecfe45568a41fc0e00a0d0 already exists for user dc074a61-c488-4fca-afff-eaa39ed429a0
2026-04-11 15:49:15 | INFO     | __main__:unsave_article:303 - DB: Successfully unsaved article 4d1cf7a924ecfe45568a41fc0e00a0d0 for user dc074a61-c488-4fca-afff-eaa39ed429a0
2026-04-11 15:50:20 | INFO     | __main__:ask_question:96 - Question: CELLS  | Hybrid: True | Book: None
2026-04-11 15:50:20 | INFO     | faiss_store:search:202 - FAISS Search: query='CELLS ...', search_k=25, ntotal=11303
2026-04-11 15:50:20 | INFO     | faiss_store:search:230 - FAISS Search: Matches for book_id=None: 0
2026-04-11 15:50:20 | INFO     | live_articles:search_articles:244 - Article Search: 'CELLS ' | Page: 1
2026-04-11 15:50:20 | INFO     | live_articles:search_articles:253 - Adding PubMed task for 'CELLS '
2026-04-11 15:50:20 | INFO     | live_articles:search_articles:256 - Adding arXiv task for 'CELLS '
2026-04-11 15:50:20 | INFO     | live_articles:search_articles:263 - Adding Wikipedia task for 'CELLS '
2026-04-11 15:50:20 | INFO     | live_articles:fetch_pubmed:106 - PubMed: Searching for 'CELLS ' (retmax=10)
2026-04-11 15:50:22 | INFO     | live_articles:fetch_pubmed:124 - PubMed search returned 10 IDs (Total: 6979669)
2026-04-11 15:50:23 | INFO     | live_articles:fetch_pubmed:180 - PubMed: Successfully parsed 10 articles.
2026-04-11 15:50:23 | INFO     | live_articles:search_articles:289 - Source 0 returned 10 articles (Total in source: 6979669)
2026-04-11 15:50:23 | INFO     | live_articles:search_articles:289 - Source 1 returned 10 articles (Total in source: 51735)
2026-04-11 15:50:23 | INFO     | live_articles:search_articles:293 - Wikipedia returned 0 articles
2026-04-11 15:50:38 | INFO     | __main__:ask_question:96 - Question: CELLS  | Hybrid: True | Book: None
2026-04-11 16:07:55 | INFO     | live_articles:fetch_trending:320 - Fetching trending for topics: ['mRNA vaccine', 'neuroscience consciousness', 'climate change mitigation']
2026-04-11 16:07:55 | INFO     | live_articles:fetch_trending:324 - Trending: Starting parallel fetch for topics...
2026-04-11 16:07:55 | INFO     | live_articles:fetch_pubmed:106 - PubMed: Searching for 'climate change mitigation' (retmax=10)
2026-04-11 16:07:57 | INFO     | live_articles:fetch_pubmed:124 - PubMed search returned 10 IDs (Total: 15965)
2026-04-11 16:07:59 | INFO     | live_articles:fetch_pubmed:180 - PubMed: Successfully parsed 10 articles.
2026-04-11 16:07:59 | INFO     | live_articles:fetch_trending:340 - Trending: Total fetched 45 articles.
2026-04-11 16:17:38 | INFO     | __main__:startup_event:37 - SciAI PRODUCTION ENGINE STARTING...
2026-04-11 16:21:37 | INFO     | __main__:ask_question:96 - Question: about this pdf  | Hybrid: True | Book: ff965c17-6661-4383-a813-2a22acdeef1c
2026-04-11 16:21:38 | INFO     | faiss_store:load:73 - FAISS: Loaded 11303 vectors of type IndexIDMap2.
2026-04-11 16:21:38 | INFO     | faiss_store:get_model:15 - Loading embedding model...
2026-04-11 16:21:55 | INFO     | faiss_store:search:202 - FAISS Search: query='about this pdf ...', search_k=11303, ntotal=11303
2026-04-11 16:21:55 | INFO     | faiss_store:search:230 - FAISS Search: Matches for book_id=ff965c17-6661-4383-a813-2a22acdeef1c: 0
2026-04-11 16:23:29 | INFO     | __main__:ask_question:96 - Question: what is this book about?? | Hybrid: True | Book: ff965c17-6661-4383-a813-2a22acdeef1c
2026-04-11 16:23:32 | INFO     | faiss_store:search:202 - FAISS Search: query='what is this book about??...', search_k=11303, ntotal=11303
2026-04-11 16:23:32 | INFO     | faiss_store:search:230 - FAISS Search: Matches for book_id=ff965c17-6661-4383-a813-2a22acdeef1c: 0
2026-04-11 16:23:34 | INFO     | __main__:ask_question:96 - Question: what is this book about?? | Hybrid: True | Book: ff965c17-6661-4383-a813-2a22acdeef1c
2026-04-11 16:24:00 | INFO     | pdf_processor:process_pdf:33 - PDF Extraction: Extracted 4224189 characters from temp/ff965c17-6661-4383-a813-2a22acdeef1c_Lehninger Principles of Biochemistry ( PDFDrive ).pdf
2026-04-11 16:24:00 | INFO     | pdf_processor:process_pdf:58 - PDF: Processed 8501 chunks from temp/ff965c17-6661-4383-a813-2a22acdeef1c_Lehninger Principles of Biochemistry ( PDFDrive ).pdf
2026-04-11 16:26:31 | INFO     | live_articles:fetch_trending:320 - Fetching trending for topics: ['protein folding', 'dark matter detection', 'quantum computing']
2026-04-11 16:26:33 | INFO     | live_articles:fetch_trending:324 - Trending: Starting parallel fetch for topics...
2026-04-11 16:26:33 | INFO     | live_articles:fetch_pubmed:106 - PubMed: Searching for 'dark matter detection' (retmax=10)
2026-04-11 16:26:34 | INFO     | live_articles:fetch_pubmed:124 - PubMed search returned 10 IDs (Total: 1038)
2026-04-11 16:26:36 | INFO     | live_articles:fetch_pubmed:180 - PubMed: Successfully parsed 10 articles.
2026-04-11 16:26:36 | INFO     | live_articles:fetch_trending:340 - Trending: Total fetched 45 articles.
2026-04-11 16:26:54 | INFO     | __main__:save_article:256 - DB: Saving article eeceed92642262e637fde992ffc93b7e for user dc074a61-c488-4fca-afff-eaa39ed429a0
2026-04-11 16:26:54 | INFO     | __main__:save_article:268 - DB: Successfully saved article eeceed92642262e637fde992ffc93b7e
2026-04-11 16:29:00 | INFO     | __main__:ask_question:96 - Question: CELL CYCLE | Hybrid: True | Book: None
2026-04-11 16:29:00 | INFO     | faiss_store:search:202 - FAISS Search: query='CELL CYCLE...', search_k=25, ntotal=11303
2026-04-11 16:29:00 | INFO     | faiss_store:search:230 - FAISS Search: Matches for book_id=None: 0
2026-04-11 16:29:00 | INFO     | live_articles:search_articles:244 - Article Search: 'CELL CYCLE' | Page: 1
2026-04-11 16:29:00 | INFO     | live_articles:search_articles:253 - Adding PubMed task for 'CELL CYCLE'
2026-04-11 16:29:00 | INFO     | live_articles:search_articles:256 - Adding arXiv task for 'CELL CYCLE'
2026-04-11 16:29:00 | INFO     | live_articles:search_articles:263 - Adding Wikipedia task for 'CELL CYCLE'
2026-04-11 16:29:00 | INFO     | live_articles:fetch_pubmed:106 - PubMed: Searching for 'CELL CYCLE' (retmax=10)
2026-04-11 16:29:02 | INFO     | live_articles:fetch_pubmed:124 - PubMed search returned 10 IDs (Total: 601551)
2026-04-11 16:29:05 | INFO     | live_articles:fetch_pubmed:180 - PubMed: Successfully parsed 10 articles.
2026-04-11 16:29:05 | INFO     | live_articles:search_articles:289 - Source 0 returned 10 articles (Total in source: 601551)
2026-04-11 16:29:05 | INFO     | live_articles:search_articles:289 - Source 1 returned 10 articles (Total in source: 95631)
2026-04-11 16:29:05 | INFO     | live_articles:search_articles:293 - Wikipedia returned 0 articles
2026-04-11 16:31:55 | INFO     | __main__:ask_question:96 - Question: ABOUT THE SUMMARY OF THIS PDF | Hybrid: True | Book: edb4c32b-0f48-4640-81db-ab7deb671fb8
2026-04-11 16:31:55 | INFO     | faiss_store:search:202 - FAISS Search: query='ABOUT THE SUMMARY OF THIS PDF...', search_k=11303, ntotal=11303
2026-04-11 16:31:56 | INFO     | faiss_store:search:230 - FAISS Search: Matches for book_id=edb4c32b-0f48-4640-81db-ab7deb671fb8: 405
2026-04-11 16:32:08 | INFO     | __main__:ask_question:96 - Question: ABOUT THE SUMMARY OF THIS PDF | Hybrid: True | Book: edb4c32b-0f48-4640-81db-ab7deb671fb8
2026-04-11 16:41:12 | INFO     | faiss_store:save:60 - FAISS: Saved 19803 vectors.
2026-04-11 16:41:12 | INFO     | __main__:process_pdf_background:185 - Book Indexing: Updated preview for ff965c17-6661-4383-a813-2a22acdeef1c with 8500 chunks.
2026-04-11 16:41:12 | INFO     | __main__:process_pdf_background:191 - Background: Completed ff965c17-6661-4383-a813-2a22acdeef1c processing.
2026-04-13 16:18:57 | INFO     | __main__:startup_event:37 - SciAI PRODUCTION ENGINE STARTING...
2026-04-13 16:27:29 | INFO     | live_articles:fetch_trending:320 - Fetching trending for topics: ['stem cell therapy', 'graphene applications', 'CRISPR gene editing']
2026-04-13 16:27:30 | INFO     | live_articles:fetch_trending:324 - Trending: Starting parallel fetch for topics...
2026-04-13 16:27:30 | INFO     | live_articles:fetch_pubmed:106 - PubMed: Searching for 'stem cell therapy' (retmax=10)
2026-04-13 16:27:30 | INFO     | live_articles:fetch_pubmed:106 - PubMed: Searching for 'graphene applications' (retmax=10)
2026-04-13 16:27:30 | INFO     | live_articles:fetch_pubmed:106 - PubMed: Searching for 'CRISPR gene editing' (retmax=10)
2026-04-13 16:27:31 | INFO     | live_articles:fetch_pubmed:124 - PubMed search returned 10 IDs (Total: 24117)
2026-04-13 16:27:31 | INFO     | live_articles:fetch_pubmed:124 - PubMed search returned 10 IDs (Total: 197986)
2026-04-13 16:27:31 | INFO     | live_articles:fetch_pubmed:124 - PubMed search returned 10 IDs (Total: 35072)
2026-04-13 16:27:32 | WARNING  | live_articles:fetch_pubmed:136 - PubMed efetch hit 429 Rate Limit. Retrying after 2s...
2026-04-13 16:27:32 | WARNING  | live_articles:fetch_pubmed:136 - PubMed efetch hit 429 Rate Limit. Retrying after 2s...
2026-04-13 16:27:32 | WARNING  | live_articles:fetch_pubmed:136 - PubMed efetch hit 429 Rate Limit. Retrying after 2s...
2026-04-13 16:27:35 | INFO     | live_articles:fetch_pubmed:180 - PubMed: Successfully parsed 10 articles.
2026-04-13 16:27:36 | INFO     | live_articles:fetch_pubmed:180 - PubMed: Successfully parsed 10 articles.
2026-04-13 16:27:36 | INFO     | live_articles:fetch_pubmed:180 - PubMed: Successfully parsed 10 articles.
2026-04-13 16:27:36 | INFO     | live_articles:fetch_trending:340 - Trending: Total fetched 45 articles.
2026-04-13 16:28:04 | INFO     | __main__:ask_question:96 - Question: summary of this pdf | Hybrid: True | Book: ff965c17-6661-4383-a813-2a22acdeef1c
2026-04-13 16:28:05 | INFO     | faiss_store:load:73 - FAISS: Loaded 19803 vectors of type IndexIDMap2.
2026-04-13 16:28:05 | INFO     | faiss_store:get_model:15 - Loading embedding model...
2026-04-13 16:28:11 | INFO     | faiss_store:search:202 - FAISS Search: query='summary of this pdf...', search_k=19803, ntotal=19803
2026-04-13 16:28:11 | INFO     | faiss_store:search:230 - FAISS Search: Matches for book_id=ff965c17-6661-4383-a813-2a22acdeef1c: 8500
2026-04-13 16:28:49 | INFO     | __main__:ask_question:96 - Question: michelis menten equation full derivation  | Hybrid: True | Book: ff965c17-6661-4383-a813-2a22acdeef1c
2026-04-13 16:28:49 | INFO     | faiss_store:search:202 - FAISS Search: query='michelis menten equation full ...', search_k=19803, ntotal=19803
2026-04-13 16:28:49 | INFO     | faiss_store:search:230 - FAISS Search: Matches for book_id=ff965c17-6661-4383-a813-2a22acdeef1c: 8500
2026-04-13 16:44:46 | INFO     | __main__:startup_event:37 - SciAI PRODUCTION ENGINE STARTING...
2026-04-13 16:45:56 | INFO     | __main__:ask_question:96 - Question: CELL | Hybrid: True | Book: None
2026-04-13 16:45:56 | INFO     | faiss_store:load:73 - FAISS: Loaded 19803 vectors of type IndexIDMap2.
2026-04-13 16:45:56 | INFO     | faiss_store:get_model:15 - Loading embedding model...
2026-04-13 16:46:02 | INFO     | faiss_store:search:202 - FAISS Search: query='CELL...', search_k=25, ntotal=19803
2026-04-13 16:46:02 | INFO     | faiss_store:search:230 - FAISS Search: Matches for book_id=None: 0
2026-04-13 16:46:02 | INFO     | live_articles:search_articles:244 - Article Search: 'CELL' | Page: 1
2026-04-13 16:46:03 | INFO     | live_articles:search_articles:253 - Adding PubMed task for 'CELL'
2026-04-13 16:46:03 | INFO     | live_articles:search_articles:256 - Adding arXiv task for 'CELL'
2026-04-13 16:46:03 | INFO     | live_articles:search_articles:263 - Adding Wikipedia task for 'CELL'
2026-04-13 16:46:03 | INFO     | live_articles:fetch_pubmed:106 - PubMed: Searching for 'CELL' (retmax=10)
2026-04-13 16:46:05 | INFO     | live_articles:fetch_pubmed:124 - PubMed search returned 10 IDs (Total: 8942755)
2026-04-13 16:46:06 | INFO     | live_articles:fetch_pubmed:180 - PubMed: Successfully parsed 10 articles.
2026-04-13 16:46:06 | INFO     | live_articles:search_articles:289 - Source 0 returned 10 articles (Total in source: 8942755)
2026-04-13 16:46:06 | INFO     | live_articles:search_articles:289 - Source 1 returned 10 articles (Total in source: 52370)
2026-04-13 16:46:06 | INFO     | live_articles:search_articles:293 - Wikipedia returned 0 articles
2026-04-13 16:46:39 | INFO     | live_articles:fetch_trending:320 - Fetching trending for topics: ['cancer immunotherapy', 'dark matter detection', 'neuroscience consciousness']
2026-04-13 16:46:39 | INFO     | live_articles:fetch_trending:324 - Trending: Starting parallel fetch for topics...
2026-04-13 16:46:39 | INFO     | live_articles:fetch_pubmed:106 - PubMed: Searching for 'cancer immunotherapy' (retmax=10)
2026-04-13 16:46:39 | INFO     | live_articles:fetch_pubmed:106 - PubMed: Searching for 'dark matter detection' (retmax=10)
2026-04-13 16:46:39 | INFO     | live_articles:fetch_pubmed:106 - PubMed: Searching for 'neuroscience consciousness' (retmax=10)
2026-04-13 16:46:40 | INFO     | live_articles:fetch_pubmed:124 - PubMed search returned 10 IDs (Total: 1041)
2026-04-13 16:46:40 | INFO     | live_articles:fetch_pubmed:124 - PubMed search returned 10 IDs (Total: 6709)
2026-04-13 16:46:41 | INFO     | live_articles:fetch_pubmed:124 - PubMed search returned 10 IDs (Total: 224986)
2026-04-13 16:46:41 | WARNING  | live_articles:fetch_pubmed:136 - PubMed efetch hit 429 Rate Limit. Retrying after 2s...
2026-04-13 16:46:41 | WARNING  | live_articles:fetch_pubmed:136 - PubMed efetch hit 429 Rate Limit. Retrying after 2s...
2026-04-13 16:46:43 | INFO     | live_articles:fetch_pubmed:180 - PubMed: Successfully parsed 10 articles.
2026-04-13 16:46:44 | INFO     | live_articles:fetch_pubmed:180 - PubMed: Successfully parsed 10 articles.
2026-04-13 16:46:44 | INFO     | live_articles:fetch_pubmed:180 - PubMed: Successfully parsed 10 articles.
2026-04-13 16:46:44 | INFO     | live_articles:fetch_trending:340 - Trending: Total fetched 45 articles.
2026-04-13 16:55:40 | INFO     | live_articles:fetch_trending:320 - Fetching trending for topics: ['quantum computing', 'CRISPR gene editing', 'stem cell therapy']
2026-04-13 16:55:40 | INFO     | live_articles:fetch_trending:324 - Trending: Starting parallel fetch for topics...
2026-04-13 16:55:40 | INFO     | live_articles:fetch_pubmed:106 - PubMed: Searching for 'quantum computing' (retmax=10)
2026-04-13 16:55:41 | INFO     | live_articles:fetch_pubmed:124 - PubMed search returned 10 IDs (Total: 51227)
2026-04-13 16:55:42 | INFO     | live_articles:fetch_pubmed:180 - PubMed: Successfully parsed 10 articles.
2026-04-13 16:55:42 | INFO     | live_articles:fetch_trending:340 - Trending: Total fetched 45 articles.
2026-04-13 16:56:57 | INFO     | __main__:ask_question:96 - Question: cell cycle  | Hybrid: True | Book: None
2026-04-13 16:56:57 | INFO     | faiss_store:search:202 - FAISS Search: query='cell cycle ...', search_k=25, ntotal=19803
2026-04-13 16:56:57 | INFO     | faiss_store:search:230 - FAISS Search: Matches for book_id=None: 16
2026-04-13 16:56:57 | INFO     | live_articles:search_articles:244 - Article Search: 'cell cycle ' | Page: 1
2026-04-13 16:56:57 | INFO     | live_articles:search_articles:253 - Adding PubMed task for 'cell cycle '
2026-04-13 16:56:57 | INFO     | live_articles:search_articles:256 - Adding arXiv task for 'cell cycle '
2026-04-13 16:56:57 | INFO     | live_articles:search_articles:263 - Adding Wikipedia task for 'cell cycle '
2026-04-13 16:56:57 | INFO     | live_articles:fetch_pubmed:106 - PubMed: Searching for 'cell cycle ' (retmax=10)
2026-04-13 16:56:59 | INFO     | live_articles:fetch_pubmed:124 - PubMed search returned 10 IDs (Total: 601595)
2026-04-13 16:57:01 | INFO     | live_articles:fetch_pubmed:180 - PubMed: Successfully parsed 10 articles.
2026-04-13 16:57:01 | INFO     | live_articles:search_articles:289 - Source 0 returned 10 articles (Total in source: 601595)
2026-04-13 16:57:01 | INFO     | live_articles:search_articles:289 - Source 1 returned 10 articles (Total in source: 95661)
2026-04-13 16:57:01 | INFO     | live_articles:search_articles:293 - Wikipedia returned 0 articles
2026-04-13 17:28:24 | INFO     | __main__:startup_event:37 - SciAI PRODUCTION ENGINE STARTING...
2026-04-13 17:28:37 | INFO     | live_articles:fetch_trending:320 - Fetching trending for topics: ['artificial intelligence drug discovery', 'CRISPR gene editing', 'climate change mitigation']
2026-04-13 17:28:37 | INFO     | live_articles:fetch_trending:324 - Trending: Starting parallel fetch for topics...
2026-04-13 17:28:37 | INFO     | live_articles:fetch_pubmed:106 - PubMed: Searching for 'artificial intelligence drug discovery' (retmax=10)
2026-04-13 17:28:37 | INFO     | live_articles:fetch_pubmed:106 - PubMed: Searching for 'CRISPR gene editing' (retmax=10)
2026-04-13 17:28:37 | INFO     | live_articles:fetch_pubmed:106 - PubMed: Searching for 'climate change mitigation' (retmax=10)
2026-04-13 17:28:39 | INFO     | live_articles:fetch_pubmed:124 - PubMed search returned 10 IDs (Total: 24117)
2026-04-13 17:28:39 | INFO     | live_articles:fetch_pubmed:124 - PubMed search returned 10 IDs (Total: 15972)
2026-04-13 17:28:39 | INFO     | live_articles:fetch_pubmed:124 - PubMed search returned 10 IDs (Total: 9686)
2026-04-13 17:28:39 | WARNING  | live_articles:fetch_pubmed:136 - PubMed efetch hit 429 Rate Limit. Retrying after 2s...
2026-04-13 17:28:39 | WARNING  | live_articles:fetch_pubmed:136 - PubMed efetch hit 429 Rate Limit. Retrying after 2s...
2026-04-13 17:28:39 | WARNING  | live_articles:fetch_pubmed:136 - PubMed efetch hit 429 Rate Limit. Retrying after 2s...
2026-04-13 17:28:42 | INFO     | live_articles:fetch_pubmed:180 - PubMed: Successfully parsed 10 articles.
2026-04-13 17:28:43 | INFO     | live_articles:fetch_pubmed:180 - PubMed: Successfully parsed 10 articles.
2026-04-13 17:28:43 | INFO     | live_articles:fetch_pubmed:180 - PubMed: Successfully parsed 10 articles.
2026-04-13 17:28:43 | INFO     | live_articles:fetch_trending:340 - Trending: Total fetched 30 articles.
2026-04-13 17:28:56 | INFO     | live_articles:search_articles:244 - Article Search: 'SCNT' | Page: 1
2026-04-13 17:28:56 | INFO     | live_articles:search_articles:253 - Adding PubMed task for 'SCNT'
2026-04-13 17:28:56 | INFO     | live_articles:search_articles:256 - Adding arXiv task for 'SCNT'
2026-04-13 17:28:56 | INFO     | live_articles:search_articles:263 - Adding Wikipedia task for 'SCNT'
2026-04-13 17:28:56 | INFO     | live_articles:fetch_pubmed:106 - PubMed: Searching for 'SCNT' (retmax=10)
2026-04-13 17:28:58 | INFO     | live_articles:fetch_pubmed:124 - PubMed search returned 10 IDs (Total: 1866)
2026-04-13 17:28:59 | INFO     | live_articles:fetch_pubmed:180 - PubMed: Successfully parsed 10 articles.
2026-04-13 17:28:59 | INFO     | live_articles:search_articles:289 - Source 0 returned 10 articles (Total in source: 1866)
2026-04-13 17:28:59 | INFO     | live_articles:search_articles:289 - Source 1 returned 0 articles (Total in source: 0)
2026-04-13 17:28:59 | INFO     | live_articles:search_articles:293 - Wikipedia returned 0 articles
2026-04-13 17:29:19 | INFO     | __main__:ask_question:96 - Question: Epigenetic manipulation to improve mouse SCNT embryonic development. | Hybrid: True | Book: None
2026-04-13 17:29:19 | INFO     | faiss_store:load:73 - FAISS: Loaded 19803 vectors of type IndexIDMap2.
2026-04-13 17:29:19 | INFO     | faiss_store:get_model:15 - Loading embedding model...
2026-04-13 17:29:24 | INFO     | faiss_store:search:202 - FAISS Search: query='Epigenetic manipulation to imp...', search_k=25, ntotal=19803
2026-04-13 17:29:24 | INFO     | faiss_store:search:230 - FAISS Search: Matches for book_id=None: 0
2026-04-13 17:29:24 | INFO     | live_articles:search_articles:244 - Article Search: 'Epigenetic manipulation to improve mouse SCNT embryonic development.' | Page: 1
2026-04-13 17:29:24 | INFO     | live_articles:search_articles:253 - Adding PubMed task for 'Epigenetic manipulation to improve mouse SCNT embryonic development.'
2026-04-13 17:29:24 | INFO     | live_articles:search_articles:256 - Adding arXiv task for 'Epigenetic manipulation to improve mouse SCNT embryonic development.'
2026-04-13 17:29:24 | INFO     | live_articles:search_articles:263 - Adding Wikipedia task for 'Epigenetic manipulation to improve mouse SCNT embryonic development.'
2026-04-13 17:29:24 | INFO     | live_articles:fetch_pubmed:106 - PubMed: Searching for 'Epigenetic manipulation to improve mouse SCNT embryonic development.' (retmax=10)
2026-04-13 17:29:26 | INFO     | live_articles:fetch_pubmed:124 - PubMed search returned 2 IDs (Total: 2)
2026-04-13 17:29:27 | INFO     | live_articles:fetch_pubmed:180 - PubMed: Successfully parsed 2 articles.
2026-04-13 17:29:39 | ERROR    | live_articles:fetch_arxiv:238 - arXiv API error: 
2026-04-13 17:29:39 | INFO     | live_articles:search_articles:289 - Source 0 returned 2 articles (Total in source: 2)
2026-04-13 17:29:39 | INFO     | live_articles:search_articles:289 - Source 1 returned 0 articles (Total in source: 0)
2026-04-13 17:29:39 | INFO     | live_articles:search_articles:293 - Wikipedia returned 0 articles
2026-04-13 17:29:59 | INFO     | __main__:ask_question:96 - Question: Extract 4 brief key bullet points for the article titled 'Epigenetic manipulation to improve mouse SCNT embryonic development.'. | Hybrid: False | Book: None
2026-04-13 17:30:13 | INFO     | __main__:ask_question:96 - Question: List 3 related scientific topics to 'Epigenetic manipulation to improve mouse SCNT embryonic development.'. Output ONLY comma separated list. | Hybrid: False | Book: None
2026-04-13 17:31:01 | INFO     | live_articles:fetch_trending:320 - Fetching trending for topics: ['artificial intelligence drug discovery', 'dark matter detection', 'cancer immunotherapy']
2026-04-13 17:31:01 | INFO     | live_articles:fetch_trending:324 - Trending: Starting parallel fetch for topics...
2026-04-13 17:31:02 | INFO     | live_articles:fetch_trending:340 - Trending: Total fetched 40 articles.
2026-04-13 17:31:17 | INFO     | __main__:ask_question:96 - Question: PhaGCN_Cluster: A Scalable and Robust Framework for Automated Classification and Discovery of Viral Dark Matter from Metagenomes. | Hybrid: True | Book: None
2026-04-13 17:31:17 | INFO     | faiss_store:search:202 - FAISS Search: query='PhaGCN_Cluster: A Scalable and...', search_k=25, ntotal=19803
2026-04-13 17:31:17 | INFO     | faiss_store:search:230 - FAISS Search: Matches for book_id=None: 11
2026-04-13 17:31:17 | INFO     | live_articles:search_articles:244 - Article Search: 'PhaGCN_Cluster: A Scalable and Robust Framework for Automated Classification and Discovery of Viral Dark Matter from Metagenomes.' | Page: 1
2026-04-13 17:31:17 | INFO     | live_articles:search_articles:253 - Adding PubMed task for 'PhaGCN_Cluster: A Scalable and Robust Framework for Automated Classification and Discovery of Viral Dark Matter from Metagenomes.'
2026-04-13 17:31:17 | INFO     | live_articles:search_articles:256 - Adding arXiv task for 'PhaGCN_Cluster: A Scalable and Robust Framework for Automated Classification and Discovery of Viral Dark Matter from Metagenomes.'
2026-04-13 17:31:17 | INFO     | live_articles:search_articles:263 - Adding Wikipedia task for 'PhaGCN_Cluster: A Scalable and Robust Framework for Automated Classification and Discovery of Viral Dark Matter from Metagenomes.'
2026-04-13 17:31:17 | INFO     | live_articles:fetch_pubmed:106 - PubMed: Searching for 'PhaGCN_Cluster: A Scalable and Robust Framework for Automated Classification and Discovery of Viral Dark Matter from Metagenomes.' (retmax=10)
2026-04-13 17:31:19 | INFO     | live_articles:fetch_pubmed:124 - PubMed search returned 0 IDs (Total: 0)
2026-04-13 17:31:19 | INFO     | live_articles:search_articles:289 - Source 0 returned 0 articles (Total in source: 0)
2026-04-13 17:31:19 | INFO     | live_articles:search_articles:289 - Source 1 returned 0 articles (Total in source: 0)
2026-04-13 17:31:19 | INFO     | live_articles:search_articles:293 - Wikipedia returned 0 articles
2026-04-13 17:31:33 | INFO     | __main__:ask_question:96 - Question: Extract 4 brief key bullet points for the article titled 'PhaGCN_Cluster: A Scalable and Robust Framework for Automated Classification and Discovery of Viral Dark Matter from Metagenomes.'. | Hybrid: False | Book: None
2026-04-13 17:31:46 | INFO     | __main__:ask_question:96 - Question: List 3 related scientific topics to 'PhaGCN_Cluster: A Scalable and Robust Framework for Automated Classification and Discovery of Viral Dark Matter from Metagenomes.'. Output ONLY comma separated list. | Hybrid: False | Book: None
2026-04-13 17:31:51 | INFO     | __main__:ask_question:96 - Question: Metagenomics | Hybrid: True | Book: None
2026-04-13 17:31:51 | INFO     | faiss_store:search:202 - FAISS Search: query='Metagenomics...', search_k=25, ntotal=19803
2026-04-13 17:31:51 | INFO     | faiss_store:search:230 - FAISS Search: Matches for book_id=None: 22
2026-04-13 17:31:51 | INFO     | live_articles:search_articles:244 - Article Search: 'Metagenomics' | Page: 1
2026-04-13 17:31:51 | INFO     | live_articles:search_articles:253 - Adding PubMed task for 'Metagenomics'
2026-04-13 17:31:51 | INFO     | live_articles:search_articles:256 - Adding arXiv task for 'Metagenomics'
2026-04-13 17:31:51 | INFO     | live_articles:search_articles:263 - Adding Wikipedia task for 'Metagenomics'
2026-04-13 17:31:51 | INFO     | live_articles:fetch_pubmed:106 - PubMed: Searching for 'Metagenomics' (retmax=10)
2026-04-13 17:31:52 | INFO     | live_articles:fetch_pubmed:124 - PubMed search returned 10 IDs (Total: 51291)
2026-04-13 17:31:54 | INFO     | live_articles:fetch_pubmed:180 - PubMed: Successfully parsed 10 articles.
2026-04-13 17:31:54 | INFO     | live_articles:search_articles:289 - Source 0 returned 10 articles (Total in source: 51291)
2026-04-13 17:31:54 | INFO     | live_articles:search_articles:289 - Source 1 returned 0 articles (Total in source: 0)
2026-04-13 17:31:54 | INFO     | live_articles:search_articles:293 - Wikipedia returned 0 articles
2026-04-13 17:32:02 | INFO     | __main__:ask_question:96 - Question: Metagenomics | Hybrid: True | Book: None
2026-04-13 17:32:03 | INFO     | __main__:ask_question:96 - Question: Metagenomics | Hybrid: True | Book: None
2026-04-13 18:23:05 | INFO     | __main__:startup_event:37 - SciAI PRODUCTION ENGINE STARTING...
2026-04-13 18:25:08 | INFO     | __main__:startup_event:37 - SciAI PRODUCTION ENGINE STARTING...
2026-04-13 18:38:48 | INFO     | live_articles:fetch_trending:320 - Fetching trending for topics: ['stem cell therapy', 'climate change mitigation', 'quantum computing']
2026-04-13 18:38:48 | INFO     | live_articles:fetch_trending:324 - Trending: Starting parallel fetch for topics...
2026-04-13 18:38:48 | INFO     | live_articles:fetch_pubmed:106 - PubMed: Searching for 'stem cell therapy' (retmax=10)
2026-04-13 18:38:48 | INFO     | live_articles:fetch_pubmed:106 - PubMed: Searching for 'climate change mitigation' (retmax=10)
2026-04-13 18:38:48 | INFO     | live_articles:fetch_pubmed:106 - PubMed: Searching for 'quantum computing' (retmax=10)
2026-04-13 18:38:50 | INFO     | live_articles:fetch_pubmed:124 - PubMed search returned 10 IDs (Total: 15972)
2026-04-13 18:38:50 | INFO     | live_articles:fetch_pubmed:124 - PubMed search returned 10 IDs (Total: 197986)
2026-04-13 18:38:50 | INFO     | live_articles:fetch_pubmed:124 - PubMed search returned 10 IDs (Total: 51227)
2026-04-13 18:38:50 | WARNING  | live_articles:fetch_pubmed:136 - PubMed efetch hit 429 Rate Limit. Retrying after 2s...
2026-04-13 18:38:51 | WARNING  | live_articles:fetch_pubmed:136 - PubMed efetch hit 429 Rate Limit. Retrying after 2s...
2026-04-13 18:38:51 | INFO     | live_articles:fetch_pubmed:180 - PubMed: Successfully parsed 10 articles.
2026-04-13 18:38:53 | INFO     | live_articles:fetch_pubmed:180 - PubMed: Successfully parsed 10 articles.
2026-04-13 18:38:53 | INFO     | live_articles:fetch_pubmed:180 - PubMed: Successfully parsed 10 articles.
2026-04-13 18:38:53 | INFO     | live_articles:fetch_trending:340 - Trending: Total fetched 45 articles.
2026-04-14 16:22:50 | INFO     | __main__:startup_event:37 - SciAI PRODUCTION ENGINE STARTING...
2026-04-14 16:23:26 | INFO     | live_articles:fetch_trending:320 - Fetching trending for topics: ['dark matter detection', 'nanomaterials', 'cancer immunotherapy']
2026-04-14 16:23:27 | INFO     | live_articles:fetch_trending:324 - Trending: Starting parallel fetch for topics...
2026-04-14 16:23:27 | INFO     | live_articles:fetch_pubmed:106 - PubMed: Searching for 'dark matter detection' (retmax=10)
2026-04-14 16:23:27 | INFO     | live_articles:fetch_pubmed:106 - PubMed: Searching for 'nanomaterials' (retmax=10)
2026-04-14 16:23:27 | INFO     | live_articles:fetch_pubmed:106 - PubMed: Searching for 'cancer immunotherapy' (retmax=10)
2026-04-14 16:23:28 | INFO     | live_articles:fetch_pubmed:124 - PubMed search returned 10 IDs (Total: 225139)
2026-04-14 16:23:28 | INFO     | live_articles:fetch_pubmed:124 - PubMed search returned 10 IDs (Total: 1043)
2026-04-14 16:23:28 | INFO     | live_articles:fetch_pubmed:124 - PubMed search returned 10 IDs (Total: 434225)
2026-04-14 16:23:29 | WARNING  | live_articles:fetch_pubmed:136 - PubMed efetch hit 429 Rate Limit. Retrying after 2s...
2026-04-14 16:23:29 | WARNING  | live_articles:fetch_pubmed:136 - PubMed efetch hit 429 Rate Limit. Retrying after 2s...
2026-04-14 16:23:29 | WARNING  | live_articles:fetch_pubmed:136 - PubMed efetch hit 429 Rate Limit. Retrying after 2s...
2026-04-14 16:23:32 | INFO     | live_articles:fetch_pubmed:180 - PubMed: Successfully parsed 10 articles.
2026-04-14 16:23:32 | INFO     | live_articles:fetch_pubmed:180 - PubMed: Successfully parsed 10 articles.
2026-04-14 16:23:32 | INFO     | live_articles:fetch_pubmed:180 - PubMed: Successfully parsed 10 articles.
2026-04-14 16:23:32 | INFO     | live_articles:fetch_trending:340 - Trending: Total fetched 45 articles.
2026-04-14 16:23:58 | INFO     | __main__:ask_question:96 - Question: summary of this pdf | Hybrid: True | Book: edb4c32b-0f48-4640-81db-ab7deb671fb8
2026-04-14 16:23:58 | INFO     | faiss_store:load:73 - FAISS: Loaded 19803 vectors of type IndexIDMap2.
2026-04-14 16:23:58 | INFO     | faiss_store:get_model:15 - Loading embedding model...
2026-04-14 16:24:04 | INFO     | faiss_store:search:202 - FAISS Search: query='summary of this pdf...', search_k=19803, ntotal=19803
2026-04-14 16:24:04 | INFO     | faiss_store:search:230 - FAISS Search: Matches for book_id=edb4c32b-0f48-4640-81db-ab7deb671fb8: 405
2026-04-14 16:24:25 | INFO     | __main__:ask_question:96 - Question: The dual binding of pantoprazole mitigates ceftriaxone-mediated misfolding of human serum albumin. | Hybrid: True | Book: None
2026-04-14 16:24:25 | INFO     | faiss_store:search:202 - FAISS Search: query='The dual binding of pantoprazo...', search_k=25, ntotal=19803
2026-04-14 16:24:25 | INFO     | faiss_store:search:230 - FAISS Search: Matches for book_id=None: 0
2026-04-14 16:24:25 | INFO     | live_articles:search_articles:244 - Article Search: 'The dual binding of pantoprazole mitigates ceftriaxone-mediated misfolding of human serum albumin.' | Page: 1
2026-04-14 16:24:25 | INFO     | live_articles:search_articles:253 - Adding PubMed task for 'The dual binding of pantoprazole mitigates ceftriaxone-mediated misfolding of human serum albumin.'
2026-04-14 16:24:25 | INFO     | live_articles:search_articles:256 - Adding arXiv task for 'The dual binding of pantoprazole mitigates ceftriaxone-mediated misfolding of human serum albumin.'
2026-04-14 16:24:25 | INFO     | live_articles:search_articles:263 - Adding Wikipedia task for 'The dual binding of pantoprazole mitigates ceftriaxone-mediated misfolding of human serum albumin.'
2026-04-14 16:24:25 | INFO     | live_articles:fetch_pubmed:106 - PubMed: Searching for 'The dual binding of pantoprazole mitigates ceftriaxone-mediated misfolding of human serum albumin.' (retmax=10)
2026-04-14 16:24:27 | INFO     | live_articles:fetch_pubmed:124 - PubMed search returned 1 IDs (Total: 1)
2026-04-14 16:24:28 | INFO     | live_articles:fetch_pubmed:180 - PubMed: Successfully parsed 1 articles.
2026-04-14 16:24:28 | INFO     | live_articles:search_articles:289 - Source 0 returned 1 articles (Total in source: 1)
2026-04-14 16:24:28 | INFO     | live_articles:search_articles:289 - Source 1 returned 10 articles (Total in source: 264448)
2026-04-14 16:24:28 | INFO     | live_articles:search_articles:293 - Wikipedia returned 0 articles
2026-04-14 16:25:11 | INFO     | __main__:ask_question:96 - Question: thermodynamics | Hybrid: True | Book: None
2026-04-14 16:25:11 | INFO     | faiss_store:search:202 - FAISS Search: query='thermodynamics...', search_k=25, ntotal=19803
2026-04-14 16:25:11 | INFO     | faiss_store:search:230 - FAISS Search: Matches for book_id=None: 0
2026-04-14 16:25:11 | INFO     | live_articles:search_articles:244 - Article Search: 'thermodynamics' | Page: 1
2026-04-14 16:25:11 | INFO     | live_articles:search_articles:253 - Adding PubMed task for 'thermodynamics'
2026-04-14 16:25:11 | INFO     | live_articles:search_articles:256 - Adding arXiv task for 'thermodynamics'
2026-04-14 16:25:11 | INFO     | live_articles:search_articles:263 - Adding Wikipedia task for 'thermodynamics'
2026-04-14 16:25:11 | INFO     | live_articles:fetch_pubmed:106 - PubMed: Searching for 'thermodynamics' (retmax=10)
2026-04-14 16:25:13 | INFO     | live_articles:fetch_pubmed:124 - PubMed search returned 10 IDs (Total: 647360)
2026-04-14 16:25:14 | INFO     | live_articles:fetch_pubmed:180 - PubMed: Successfully parsed 10 articles.
2026-04-14 16:25:14 | INFO     | live_articles:search_articles:289 - Source 0 returned 10 articles (Total in source: 647360)
2026-04-14 16:25:14 | INFO     | live_articles:search_articles:289 - Source 1 returned 10 articles (Total in source: 46052)
2026-04-14 16:25:14 | INFO     | live_articles:search_articles:293 - Wikipedia returned 0 articles
2026-04-14 16:26:22 | INFO     | __main__:ask_question:96 - Question: CELL CYCLE | Hybrid: True | Book: None
2026-04-14 16:26:22 | INFO     | faiss_store:search:202 - FAISS Search: query='CELL CYCLE...', search_k=25, ntotal=19803
2026-04-14 16:26:22 | INFO     | faiss_store:search:230 - FAISS Search: Matches for book_id=None: 0
2026-04-14 16:26:22 | INFO     | live_articles:search_articles:244 - Article Search: 'CELL CYCLE' | Page: 1
2026-04-14 16:26:22 | INFO     | live_articles:search_articles:253 - Adding PubMed task for 'CELL CYCLE'
2026-04-14 16:26:22 | INFO     | live_articles:search_articles:256 - Adding arXiv task for 'CELL CYCLE'
2026-04-14 16:26:22 | INFO     | live_articles:search_articles:263 - Adding Wikipedia task for 'CELL CYCLE'
2026-04-14 16:26:22 | INFO     | live_articles:fetch_pubmed:106 - PubMed: Searching for 'CELL CYCLE' (retmax=10)
2026-04-14 16:26:23 | INFO     | live_articles:fetch_pubmed:124 - PubMed search returned 10 IDs (Total: 601705)
2026-04-14 16:26:24 | INFO     | live_articles:fetch_pubmed:180 - PubMed: Successfully parsed 10 articles.
2026-04-14 16:26:24 | INFO     | live_articles:search_articles:289 - Source 0 returned 10 articles (Total in source: 601705)
2026-04-14 16:26:24 | INFO     | live_articles:search_articles:289 - Source 1 returned 10 articles (Total in source: 95744)
2026-04-14 16:26:24 | INFO     | live_articles:search_articles:293 - Wikipedia returned 0 articles
2026-04-15 13:09:45 | INFO     | model_manager:_setup_providers:421 - ModelManager: Configured providers: NONE
2026-04-15 13:09:45 | INFO     | __main__:startup_event:38 - SciAI PRODUCTION ENGINE STARTING...
2026-04-15 13:09:45 | INFO     | __main__:startup_event:41 - ModelManager: 0 providers configured
2026-04-15 13:11:45 | INFO     | __main__:ask_question:99 - Question: about this pdf | Hybrid: True | Book: edb4c32b-0f48-4640-81db-ab7deb671fb8
2026-04-15 13:11:45 | INFO     | faiss_store:load:73 - FAISS: Loaded 19803 vectors of type IndexIDMap2.
2026-04-15 13:11:45 | INFO     | faiss_store:get_model:15 - Loading embedding model...
2026-04-15 13:11:51 | INFO     | faiss_store:search:202 - FAISS Search: query='about this pdf...', search_k=19803, ntotal=19803
2026-04-15 13:11:51 | INFO     | faiss_store:search:230 - FAISS Search: Matches for book_id=edb4c32b-0f48-4640-81db-ab7deb671fb8: 405
2026-04-15 13:11:51 | CRITICAL | model_manager:generate:741 - ModelManager: 🚨 All AI providers exhausted. Last error: None
2026-04-15 13:11:51 | INFO     | llm_engine:generate_book_answer:92 - LLM: Book generation via NONE
2026-04-15 13:12:07 | INFO     | __main__:ask_question:99 - Question: about this pdf | Hybrid: True | Book: edb4c32b-0f48-4640-81db-ab7deb671fb8
2026-04-15 13:12:09 | INFO     | __main__:ask_question:99 - Question: about this pdf | Hybrid: True | Book: edb4c32b-0f48-4640-81db-ab7deb671fb8
2026-04-15 13:12:10 | INFO     | __main__:ask_question:99 - Question: about this pdf | Hybrid: True | Book: edb4c32b-0f48-4640-81db-ab7deb671fb8
2026-04-15 13:12:26 | INFO     | live_articles:fetch_trending:320 - Fetching trending for topics: ['CRISPR gene editing', 'dark matter detection', 'artificial intelligence drug discovery']
2026-04-15 13:12:26 | INFO     | live_articles:fetch_trending:324 - Trending: Starting parallel fetch for topics...
2026-04-15 13:12:26 | INFO     | live_articles:fetch_pubmed:106 - PubMed: Searching for 'CRISPR gene editing' (retmax=10)
2026-04-15 13:12:27 | INFO     | live_articles:fetch_pubmed:106 - PubMed: Searching for 'dark matter detection' (retmax=10)
2026-04-15 13:12:27 | INFO     | live_articles:fetch_pubmed:106 - PubMed: Searching for 'artificial intelligence drug discovery' (retmax=10)
2026-04-15 13:12:28 | INFO     | live_articles:fetch_pubmed:124 - PubMed search returned 10 IDs (Total: 9708)
2026-04-15 13:12:28 | INFO     | live_articles:fetch_pubmed:124 - PubMed search returned 10 IDs (Total: 24128)
2026-04-15 13:12:28 | INFO     | live_articles:fetch_pubmed:124 - PubMed search returned 10 IDs (Total: 1043)
2026-04-15 13:12:29 | WARNING  | live_articles:fetch_pubmed:136 - PubMed efetch hit 429 Rate Limit. Retrying after 2s...
2026-04-15 13:12:29 | WARNING  | live_articles:fetch_pubmed:136 - PubMed efetch hit 429 Rate Limit. Retrying after 2s...
2026-04-15 13:12:30 | INFO     | live_articles:fetch_pubmed:180 - PubMed: Successfully parsed 10 articles.
2026-04-15 13:12:32 | INFO     | live_articles:fetch_pubmed:180 - PubMed: Successfully parsed 10 articles.
2026-04-15 13:12:32 | INFO     | live_articles:fetch_pubmed:180 - PubMed: Successfully parsed 10 articles.
2026-04-15 13:12:32 | INFO     | live_articles:fetch_trending:340 - Trending: Total fetched 45 articles.
2026-04-15 13:12:36 | INFO     | __main__:ask_question:99 - Question: Extract 4 brief key bullet points for the article titled 'The autophagy-related protein PlAtg26b regulates vegetative growth, reproductive processes, autophagy, and pathogenicity in Peronophythora litchii.'. | Hybrid: False | Book: None
2026-04-15 13:12:36 | INFO     | model_manager:generate:676 - ModelManager: Auto-classified as 'speed'
2026-04-15 13:12:36 | CRITICAL | model_manager:generate:741 - ModelManager: 🚨 All AI providers exhausted. Last error: None
2026-04-15 13:12:36 | INFO     | llm_engine:generate_llm_only:43 - LLM: Pure generation via NONE
2026-04-15 13:12:40 | INFO     | __main__:ask_question:99 - Question: List 3 related scientific topics to 'The autophagy-related protein PlAtg26b regulates vegetative growth, reproductive processes, autophagy, and pathogenicity in Peronophythora litchii.'. Output ONLY comma separated list. | Hybrid: False | Book: None
2026-04-15 13:12:40 | INFO     | model_manager:generate:676 - ModelManager: Auto-classified as 'speed'
2026-04-15 13:12:40 | CRITICAL | model_manager:generate:741 - ModelManager: 🚨 All AI providers exhausted. Last error: None
2026-04-15 13:12:40 | INFO     | llm_engine:generate_llm_only:43 - LLM: Pure generation via NONE
2026-04-15 13:13:21 | INFO     | __main__:ask_question:99 - Question: cell cycle | Hybrid: True | Book: None
2026-04-15 13:13:21 | INFO     | faiss_store:search:202 - FAISS Search: query='cell cycle...', search_k=25, ntotal=19803
2026-04-15 13:13:21 | INFO     | faiss_store:search:230 - FAISS Search: Matches for book_id=None: 0
2026-04-15 13:13:21 | INFO     | live_articles:search_articles:244 - Article Search: 'cell cycle' | Page: 1
2026-04-15 13:13:21 | INFO     | live_articles:search_articles:253 - Adding PubMed task for 'cell cycle'
2026-04-15 13:13:21 | INFO     | live_articles:search_articles:256 - Adding arXiv task for 'cell cycle'
2026-04-15 13:13:21 | INFO     | live_articles:search_articles:263 - Adding Wikipedia task for 'cell cycle'
2026-04-15 13:13:21 | INFO     | live_articles:fetch_pubmed:106 - PubMed: Searching for 'cell cycle' (retmax=10)
2026-04-15 13:13:23 | INFO     | live_articles:fetch_pubmed:124 - PubMed search returned 10 IDs (Total: 601734)
2026-04-15 13:13:24 | INFO     | live_articles:fetch_pubmed:180 - PubMed: Successfully parsed 10 articles.
2026-04-15 13:13:24 | INFO     | live_articles:search_articles:289 - Source 0 returned 10 articles (Total in source: 601734)
2026-04-15 13:13:24 | INFO     | live_articles:search_articles:289 - Source 1 returned 10 articles (Total in source: 95786)
2026-04-15 13:13:24 | INFO     | live_articles:search_articles:293 - Wikipedia returned 0 articles
2026-04-15 13:13:24 | CRITICAL | model_manager:generate:741 - ModelManager: 🚨 All AI providers exhausted. Last error: None
2026-04-15 13:13:24 | INFO     | llm_engine:generate_hybrid_answer:67 - LLM: Hybrid generation via NONE
2026-04-15 13:19:06 | INFO     | model_manager:_setup_providers:421 - ModelManager: Configured providers: NONE
2026-04-15 13:19:06 | INFO     | __main__:startup_event:38 - SciAI PRODUCTION ENGINE STARTING...
2026-04-15 13:19:06 | INFO     | __main__:startup_event:41 - ModelManager: 0 providers configured
2026-04-15 13:19:44 | INFO     | __main__:ask_question:99 - Question: Extract 4 brief key bullet points for the article titled 'The autophagy-related protein PlAtg26b regulates vegetative growth, reproductive processes, autophagy, and pathogenicity in Peronophythora litchii.'. | Hybrid: False | Book: None
2026-04-15 13:19:44 | INFO     | model_manager:generate:676 - ModelManager: Auto-classified as 'speed'
2026-04-15 13:19:44 | CRITICAL | model_manager:generate:741 - ModelManager: 🚨 All AI providers exhausted. Last error: None
2026-04-15 13:19:44 | INFO     | llm_engine:generate_llm_only:43 - LLM: Pure generation via NONE
2026-04-15 13:19:47 | INFO     | __main__:ask_question:99 - Question: The autophagy-related protein PlAtg26b regulates vegetative growth, reproductive processes, autophagy, and pathogenicity in Peronophythora litchii. | Hybrid: True | Book: None
2026-04-15 13:19:48 | INFO     | faiss_store:load:73 - FAISS: Loaded 19803 vectors of type IndexIDMap2.
2026-04-15 13:19:48 | INFO     | faiss_store:get_model:15 - Loading embedding model...
2026-04-15 13:19:54 | INFO     | faiss_store:search:202 - FAISS Search: query='The autophagy-related protein ...', search_k=25, ntotal=19803
2026-04-15 13:19:54 | INFO     | faiss_store:search:230 - FAISS Search: Matches for book_id=None: 0
2026-04-15 13:19:54 | INFO     | live_articles:search_articles:244 - Article Search: 'The autophagy-related protein PlAtg26b regulates vegetative growth, reproductive processes, autophagy, and pathogenicity in Peronophythora litchii.' | Page: 1
2026-04-15 13:19:54 | INFO     | live_articles:search_articles:253 - Adding PubMed task for 'The autophagy-related protein PlAtg26b regulates vegetative growth, reproductive processes, autophagy, and pathogenicity in Peronophythora litchii.'
2026-04-15 13:19:54 | INFO     | live_articles:search_articles:256 - Adding arXiv task for 'The autophagy-related protein PlAtg26b regulates vegetative growth, reproductive processes, autophagy, and pathogenicity in Peronophythora litchii.'
2026-04-15 13:19:54 | INFO     | live_articles:search_articles:263 - Adding Wikipedia task for 'The autophagy-related protein PlAtg26b regulates vegetative growth, reproductive processes, autophagy, and pathogenicity in Peronophythora litchii.'
2026-04-15 13:19:54 | INFO     | live_articles:fetch_pubmed:106 - PubMed: Searching for 'The autophagy-related protein PlAtg26b regulates vegetative growth, reproductive processes, autophagy, and pathogenicity in Peronophythora litchii.' (retmax=10)
2026-04-15 13:19:56 | INFO     | live_articles:fetch_pubmed:124 - PubMed search returned 1 IDs (Total: 1)
2026-04-15 13:19:57 | INFO     | live_articles:fetch_pubmed:180 - PubMed: Successfully parsed 1 articles.
2026-04-15 13:19:57 | INFO     | live_articles:search_articles:289 - Source 0 returned 1 articles (Total in source: 1)
2026-04-15 13:19:57 | INFO     | live_articles:search_articles:289 - Source 1 returned 10 articles (Total in source: 495997)
2026-04-15 13:19:57 | INFO     | live_articles:search_articles:293 - Wikipedia returned 0 articles
2026-04-15 13:19:57 | CRITICAL | model_manager:generate:741 - ModelManager: 🚨 All AI providers exhausted. Last error: None
2026-04-15 13:19:57 | INFO     | llm_engine:generate_hybrid_answer:67 - LLM: Hybrid generation via NONE
2026-04-15 13:24:13 | INFO     | model_manager:_setup_providers:421 - ModelManager: Configured providers: NONE
2026-04-15 13:24:14 | INFO     | __main__:startup_event:38 - SciAI PRODUCTION ENGINE STARTING...
2026-04-15 13:24:14 | INFO     | __main__:startup_event:41 - ModelManager: 0 providers configured
2026-04-15 13:24:14 | INFO     | __main__:shutdown_event:45 - SciAI SHUTTING DOWN...
2026-04-15 13:33:28 | INFO     | model_manager:_setup_providers:421 - ModelManager: Configured providers: NONE
2026-04-15 13:33:28 | INFO     | __main__:startup_event:38 - SciAI PRODUCTION ENGINE STARTING...
2026-04-15 13:33:28 | INFO     | __main__:startup_event:41 - ModelManager: 0 providers configured
2026-04-15 13:33:43 | INFO     | live_articles:search_articles:244 - Article Search: 'scnt' | Page: 1
2026-04-15 13:33:44 | INFO     | live_articles:search_articles:253 - Adding PubMed task for 'scnt'
2026-04-15 13:33:44 | INFO     | live_articles:search_articles:256 - Adding arXiv task for 'scnt'
2026-04-15 13:33:44 | INFO     | live_articles:search_articles:263 - Adding Wikipedia task for 'scnt'
2026-04-15 13:33:44 | INFO     | live_articles:fetch_pubmed:106 - PubMed: Searching for 'scnt' (retmax=10)
2026-04-15 13:33:46 | INFO     | live_articles:fetch_pubmed:124 - PubMed search returned 10 IDs (Total: 1866)
2026-04-15 13:33:48 | INFO     | live_articles:fetch_pubmed:180 - PubMed: Successfully parsed 10 articles.
2026-04-15 13:33:48 | INFO     | live_articles:search_articles:289 - Source 0 returned 10 articles (Total in source: 1866)
2026-04-15 13:33:48 | INFO     | live_articles:search_articles:289 - Source 1 returned 1 articles (Total in source: 1)
2026-04-15 13:33:48 | INFO     | live_articles:search_articles:293 - Wikipedia returned 0 articles
2026-04-15 13:33:54 | INFO     | __main__:ask_question:99 - Question: Extract 4 brief key bullet points for the article titled 'Epigenetic manipulation to improve mouse SCNT embryonic development.'. | Hybrid: False | Book: None
2026-04-15 13:33:54 | INFO     | model_manager:generate:676 - ModelManager: Auto-classified as 'speed'
2026-04-15 13:33:54 | CRITICAL | model_manager:generate:741 - ModelManager: 🚨 All AI providers exhausted. Last error: None
2026-04-15 13:33:54 | INFO     | llm_engine:generate_llm_only:43 - LLM: Pure generation via NONE
2026-04-15 13:33:57 | INFO     | __main__:ask_question:99 - Question: Epigenetic manipulation to improve mouse SCNT embryonic development. | Hybrid: True | Book: None
2026-04-15 13:33:57 | INFO     | faiss_store:load:73 - FAISS: Loaded 19803 vectors of type IndexIDMap2.
2026-04-15 13:33:57 | INFO     | faiss_store:get_model:15 - Loading embedding model...
2026-04-15 13:34:03 | INFO     | faiss_store:search:202 - FAISS Search: query='Epigenetic manipulation to imp...', search_k=25, ntotal=19803
2026-04-15 13:34:03 | INFO     | faiss_store:search:230 - FAISS Search: Matches for book_id=None: 0
2026-04-15 13:34:03 | INFO     | live_articles:search_articles:244 - Article Search: 'Epigenetic manipulation to improve mouse SCNT embryonic development.' | Page: 1
2026-04-15 13:34:03 | INFO     | live_articles:search_articles:253 - Adding PubMed task for 'Epigenetic manipulation to improve mouse SCNT embryonic development.'
2026-04-15 13:34:03 | INFO     | live_articles:search_articles:256 - Adding arXiv task for 'Epigenetic manipulation to improve mouse SCNT embryonic development.'
2026-04-15 13:34:03 | INFO     | live_articles:search_articles:263 - Adding Wikipedia task for 'Epigenetic manipulation to improve mouse SCNT embryonic development.'
2026-04-15 13:34:03 | INFO     | live_articles:fetch_pubmed:106 - PubMed: Searching for 'Epigenetic manipulation to improve mouse SCNT embryonic development.' (retmax=10)
2026-04-15 13:34:04 | INFO     | live_articles:fetch_pubmed:124 - PubMed search returned 2 IDs (Total: 2)
2026-04-15 13:34:06 | INFO     | live_articles:fetch_pubmed:180 - PubMed: Successfully parsed 2 articles.
2026-04-15 13:34:06 | INFO     | live_articles:search_articles:289 - Source 0 returned 2 articles (Total in source: 2)
2026-04-15 13:34:06 | INFO     | live_articles:search_articles:289 - Source 1 returned 10 articles (Total in source: 696433)
2026-04-15 13:34:06 | INFO     | live_articles:search_articles:293 - Wikipedia returned 0 articles
2026-04-15 13:34:06 | CRITICAL | model_manager:generate:741 - ModelManager: 🚨 All AI providers exhausted. Last error: None
2026-04-15 13:34:06 | INFO     | llm_engine:generate_hybrid_answer:67 - LLM: Hybrid generation via NONE
2026-04-15 13:34:54 | INFO     | model_manager:_setup_providers:421 - ModelManager: Configured providers: NONE
2026-04-15 13:34:55 | INFO     | __main__:startup_event:38 - SciAI PRODUCTION ENGINE STARTING...
2026-04-15 13:34:55 | INFO     | __main__:startup_event:41 - ModelManager: 0 providers configured
2026-04-15 13:35:22 | INFO     | live_articles:fetch_trending:320 - Fetching trending for topics: ['mRNA vaccine', 'protein folding', 'nanomaterials']
2026-04-15 13:35:23 | INFO     | live_articles:fetch_trending:324 - Trending: Starting parallel fetch for topics...
2026-04-15 13:35:23 | INFO     | live_articles:fetch_pubmed:106 - PubMed: Searching for 'mRNA vaccine' (retmax=10)
2026-04-15 13:35:23 | INFO     | live_articles:fetch_pubmed:106 - PubMed: Searching for 'protein folding' (retmax=10)
2026-04-15 13:35:23 | INFO     | live_articles:fetch_pubmed:106 - PubMed: Searching for 'nanomaterials' (retmax=10)
2026-04-15 13:35:24 | INFO     | live_articles:fetch_pubmed:124 - PubMed search returned 10 IDs (Total: 98815)
2026-04-15 13:35:25 | INFO     | live_articles:fetch_pubmed:124 - PubMed search returned 10 IDs (Total: 21303)
2026-04-15 13:35:25 | INFO     | live_articles:fetch_pubmed:124 - PubMed search returned 10 IDs (Total: 434262)
2026-04-15 13:35:25 | WARNING  | live_articles:fetch_pubmed:136 - PubMed efetch hit 429 Rate Limit. Retrying after 2s...
2026-04-15 13:35:26 | WARNING  | live_articles:fetch_pubmed:136 - PubMed efetch hit 429 Rate Limit. Retrying after 2s...
2026-04-15 13:35:27 | INFO     | live_articles:fetch_pubmed:180 - PubMed: Successfully parsed 10 articles.
2026-04-15 13:35:28 | INFO     | live_articles:fetch_pubmed:180 - PubMed: Successfully parsed 10 articles.
2026-04-15 13:35:28 | INFO     | live_articles:fetch_pubmed:180 - PubMed: Successfully parsed 10 articles.
2026-04-15 13:35:28 | INFO     | live_articles:fetch_trending:340 - Trending: Total fetched 45 articles.
2026-04-15 13:35:31 | INFO     | __main__:ask_question:99 - Question: Extract 4 brief key bullet points for the article titled 'Genetically engineered M13 phage-mediated H9N2 DNA vaccine with enhanced mucosal and systemic immune responses in mice.'. | Hybrid: False | Book: None
2026-04-15 13:35:31 | INFO     | model_manager:generate:676 - ModelManager: Auto-classified as 'speed'
2026-04-15 13:35:31 | CRITICAL | model_manager:generate:741 - ModelManager: 🚨 All AI providers exhausted. Last error: None
2026-04-15 13:35:31 | INFO     | llm_engine:generate_llm_only:43 - LLM: Pure generation via NONE
2026-04-15 13:35:47 | INFO     | __main__:shutdown_event:45 - SciAI SHUTTING DOWN...
2026-04-15 13:40:58 | INFO     | model_manager:_setup_providers:421 - ModelManager: Configured providers: Groq (5 keys), Gemini Flash (5 keys), Gemini Pro (5 keys), Qwen (OpenRouter) (2 keys), OpenRouter Hub (2 keys), Mistral (1 keys), Together AI (1 keys), NVIDIA NIM (1 keys), Cohere (1 keys), Cerebras (1 keys), Hugging Face (1 keys)
2026-04-15 13:40:58 | INFO     | __main__:startup_event:38 - SciAI PRODUCTION ENGINE STARTING...
2026-04-15 13:40:58 | INFO     | __main__:startup_event:41 - ModelManager: 11 providers configured
2026-04-15 13:40:58 | INFO     | __main__:shutdown_event:45 - SciAI SHUTTING DOWN...
2026-04-15 13:43:30 | INFO     | model_manager:_setup_providers:421 - ModelManager: Configured providers: Groq (5 keys), Gemini Flash (5 keys), Gemini Pro (5 keys), Qwen (OpenRouter) (2 keys), OpenRouter Hub (2 keys), Mistral (1 keys), Together AI (1 keys), NVIDIA NIM (1 keys), Cohere (1 keys), Cerebras (1 keys), Hugging Face (1 keys)
2026-04-15 13:43:31 | INFO     | __main__:startup_event:38 - SciAI PRODUCTION ENGINE STARTING...
2026-04-15 13:43:31 | INFO     | __main__:startup_event:41 - ModelManager: 11 providers configured
2026-04-15 13:43:31 | INFO     | __main__:shutdown_event:45 - SciAI SHUTTING DOWN...
2026-04-15 13:58:45 | INFO     | model_manager:_setup_providers:421 - ModelManager: Configured providers: Groq (5 keys), Gemini Flash (5 keys), Gemini Pro (5 keys), Qwen (OpenRouter) (2 keys), OpenRouter Hub (2 keys), Mistral (1 keys), Together AI (1 keys), NVIDIA NIM (1 keys), Cohere (1 keys), Cerebras (1 keys), Hugging Face (1 keys)
2026-04-15 13:58:45 | INFO     | __main__:startup_event:38 - SciAI PRODUCTION ENGINE STARTING...
2026-04-15 13:58:45 | INFO     | __main__:startup_event:41 - ModelManager: 11 providers configured
2026-04-15 13:58:52 | INFO     | live_articles:fetch_trending:320 - Fetching trending for topics: ['quantum computing', 'mRNA vaccine', 'dark matter detection']
2026-04-15 13:58:53 | INFO     | live_articles:fetch_trending:324 - Trending: Starting parallel fetch for topics...
2026-04-15 13:58:53 | INFO     | live_articles:fetch_pubmed:106 - PubMed: Searching for 'quantum computing' (retmax=10)
2026-04-15 13:58:54 | INFO     | live_articles:fetch_pubmed:124 - PubMed search returned 10 IDs (Total: 51259)
2026-04-15 13:58:56 | INFO     | live_articles:fetch_pubmed:180 - PubMed: Successfully parsed 10 articles.
2026-04-15 13:58:56 | INFO     | live_articles:fetch_trending:340 - Trending: Total fetched 45 articles.
2026-04-15 13:59:00 | INFO     | __main__:ask_question:99 - Question: Extract 4 brief key bullet points for the article titled 'The full value of mRNA seasonal influenza and endemic-stage COVID-19 combination vaccines: a taxonomy.'. | Hybrid: False | Book: None
2026-04-15 13:59:00 | INFO     | model_manager:generate:676 - ModelManager: Auto-classified as 'speed'
2026-04-15 13:59:00 | INFO     | model_manager:generate:692 - ModelManager: Trying Groq (Tier 1) [key …DURcU2]
2026-04-15 13:59:01 | INFO     | model_manager:generate:719 - ModelManager: ✅ Groq succeeded (581 chars)
2026-04-15 13:59:01 | INFO     | llm_engine:generate_llm_only:43 - LLM: Pure generation via Groq
2026-04-15 13:59:21 | INFO     | __main__:ask_question:99 - Question: RTI | Hybrid: True | Book: edb4c32b-0f48-4640-81db-ab7deb671fb8
2026-04-15 13:59:21 | INFO     | faiss_store:load:73 - FAISS: Loaded 19803 vectors of type IndexIDMap2.
2026-04-15 13:59:21 | INFO     | faiss_store:get_model:15 - Loading embedding model...
2026-04-15 13:59:27 | INFO     | faiss_store:search:202 - FAISS Search: query='RTI...', search_k=19803, ntotal=19803
2026-04-15 13:59:27 | INFO     | faiss_store:search:230 - FAISS Search: Matches for book_id=edb4c32b-0f48-4640-81db-ab7deb671fb8: 405
2026-04-15 13:59:27 | INFO     | model_manager:generate:692 - ModelManager: Trying Qwen (OpenRouter) (Tier 4) [key …8fb9ad]
2026-04-15 13:59:54 | INFO     | model_manager:generate:719 - ModelManager: ✅ Qwen (OpenRouter) succeeded (5697 chars)
2026-04-15 13:59:54 | INFO     | llm_engine:generate_book_answer:92 - LLM: Book generation via Qwen (OpenRouter)
2026-04-15 14:04:27 | INFO     | model_manager:generate:692 - ModelManager: Trying Gemini Pro (Tier 3) [key …rBrkTk]
2026-04-15 14:04:27 | ERROR    | model_manager:generate:732 - ModelManager: ❌ Gemini Pro error: Gemini Pro: HTTP 404 — {
  "error": {
    "code": 404,
    "message": "models/gemini-2.5-pro-preview-03-25 is not found for API version v1beta, or is not supported for generateContent. Call ListModels to see the list of available models and their supported methods.",
    "status": "NOT_FOUND"
  }
}

2026-04-15 14:04:27 | INFO     | model_manager:generate:692 - ModelManager: Trying OpenRouter Hub (Tier 5) [key …8fb9ad]
2026-04-15 14:05:08 | INFO     | model_manager:generate:719 - ModelManager: ✅ OpenRouter Hub succeeded (4045 chars)
2026-04-15 14:05:08 | INFO     | llm_engine:generate_questions:252 - LLM: Question generation via OpenRouter Hub
2026-04-15 14:08:51 | INFO     | __main__:ask_question:99 - Question: CELL DEATH
 | Hybrid: True | Book: None
2026-04-15 14:08:51 | INFO     | faiss_store:search:202 - FAISS Search: query='CELL DEATH
...', search_k=25, ntotal=19803
2026-04-15 14:08:51 | INFO     | faiss_store:search:230 - FAISS Search: Matches for book_id=None: 0
2026-04-15 14:08:51 | INFO     | live_articles:search_articles:244 - Article Search: 'CELL DEATH
' | Page: 1
2026-04-15 14:08:51 | INFO     | live_articles:search_articles:253 - Adding PubMed task for 'CELL DEATH
'
2026-04-15 14:08:51 | INFO     | live_articles:search_articles:256 - Adding arXiv task for 'CELL DEATH
'
2026-04-15 14:08:51 | INFO     | live_articles:search_articles:263 - Adding Wikipedia task for 'CELL DEATH
'
2026-04-15 14:08:51 | INFO     | live_articles:fetch_pubmed:106 - PubMed: Searching for 'CELL DEATH
' (retmax=10)
2026-04-15 14:08:51 | ERROR    | live_articles:fetch_arxiv:238 - arXiv API error: Invalid non-printable ASCII character in URL, '\n' at position 61.
2026-04-15 14:08:51 | ERROR    | live_articles:fetch_pubmed:187 - PubMed final error: InvalidURL: Invalid non-printable ASCII character in URL, '\n' at position 84.
2026-04-15 14:08:51 | INFO     | live_articles:search_articles:289 - Source 0 returned 0 articles (Total in source: 0)
2026-04-15 14:08:51 | INFO     | live_articles:search_articles:289 - Source 1 returned 0 articles (Total in source: 0)
2026-04-15 14:08:51 | INFO     | live_articles:search_articles:293 - Wikipedia returned 0 articles
2026-04-15 14:08:51 | INFO     | model_manager:generate:676 - ModelManager: Auto-classified as 'speed'
2026-04-15 14:08:51 | INFO     | model_manager:generate:692 - ModelManager: Trying Groq (Tier 1) [key …l8NUH9]
2026-04-15 14:08:52 | INFO     | model_manager:generate:719 - ModelManager: ✅ Groq succeeded (429 chars)
2026-04-15 14:08:52 | INFO     | llm_engine:generate_llm_only:43 - LLM: Pure generation via Groq
2026-04-15 14:09:41 | INFO     | __main__:ask_question:99 - Question: CELL DEATH | Hybrid: True | Book: None
2026-04-15 14:09:41 | INFO     | faiss_store:search:202 - FAISS Search: query='CELL DEATH...', search_k=25, ntotal=19803
2026-04-15 14:09:41 | INFO     | faiss_store:search:230 - FAISS Search: Matches for book_id=None: 0
2026-04-15 14:09:41 | INFO     | live_articles:search_articles:244 - Article Search: 'CELL DEATH' | Page: 1
2026-04-15 14:09:41 | INFO     | live_articles:search_articles:253 - Adding PubMed task for 'CELL DEATH'
2026-04-15 14:09:41 | INFO     | live_articles:search_articles:256 - Adding arXiv task for 'CELL DEATH'
2026-04-15 14:09:41 | INFO     | live_articles:search_articles:263 - Adding Wikipedia task for 'CELL DEATH'
2026-04-15 14:09:41 | INFO     | live_articles:fetch_pubmed:106 - PubMed: Searching for 'CELL DEATH' (retmax=10)
2026-04-15 14:09:42 | INFO     | live_articles:fetch_pubmed:124 - PubMed search returned 10 IDs (Total: 692030)
2026-04-15 14:09:44 | INFO     | live_articles:fetch_pubmed:180 - PubMed: Successfully parsed 10 articles.
2026-04-15 14:09:44 | INFO     | live_articles:search_articles:289 - Source 0 returned 10 articles (Total in source: 692030)
2026-04-15 14:09:44 | INFO     | live_articles:search_articles:289 - Source 1 returned 10 articles (Total in source: 58586)
2026-04-15 14:09:44 | INFO     | live_articles:search_articles:293 - Wikipedia returned 0 articles
2026-04-15 14:09:44 | INFO     | model_manager:generate:692 - ModelManager: Trying Gemini Flash (Tier 2) [key …rBrkTk]
2026-04-15 14:09:45 | WARNING  | model_manager:generate:726 - ModelManager: ⚠️ Gemini Flash: Rate limited (429)
2026-04-15 14:09:45 | INFO     | model_manager:generate:692 - ModelManager: Trying Groq (Tier 1) [key …1ls9p2]
2026-04-15 14:09:46 | INFO     | model_manager:generate:719 - ModelManager: ✅ Groq succeeded (2803 chars)
2026-04-15 14:09:46 | INFO     | llm_engine:generate_hybrid_answer:67 - LLM: Hybrid generation via Groq
2026-04-15 14:10:19 | INFO     | __main__:ask_question:99 - Question: CELL DEATH | Hybrid: True | Book: None
2026-04-15 14:11:29 | INFO     | model_manager:generate:692 - ModelManager: Trying Gemini Pro (Tier 3) [key …nQKpEg]
2026-04-15 14:11:30 | ERROR    | model_manager:generate:732 - ModelManager: ❌ Gemini Pro error: Gemini Pro: HTTP 404 — {
  "error": {
    "code": 404,
    "message": "models/gemini-2.5-pro-preview-03-25 is not found for API version v1beta, or is not supported for generateContent. Call ListModels to see the list of available models and their supported methods.",
    "status": "NOT_FOUND"
  }
}

2026-04-15 14:11:30 | INFO     | model_manager:generate:692 - ModelManager: Trying OpenRouter Hub (Tier 5) [key …cb12eb]
2026-04-15 14:12:04 | INFO     | model_manager:generate:719 - ModelManager: ✅ OpenRouter Hub succeeded (2916 chars)
2026-04-15 14:12:04 | INFO     | llm_engine:generate_questions:252 - LLM: Question generation via OpenRouter Hub
2026-04-16 15:53:25 | INFO     | model_manager:_setup_providers:421 - ModelManager: Configured providers: Groq (5 keys), Gemini Flash (5 keys), Gemini Pro (5 keys), Qwen (OpenRouter) (2 keys), OpenRouter Hub (2 keys), Mistral (1 keys), Together AI (1 keys), NVIDIA NIM (1 keys), Cohere (1 keys), Cerebras (1 keys), Hugging Face (1 keys)
2026-04-16 15:53:26 | INFO     | __main__:startup_event:38 - SciAI PRODUCTION ENGINE STARTING...
2026-04-16 15:53:26 | INFO     | __main__:startup_event:41 - ModelManager: 11 providers configured
2026-04-16 15:53:47 | INFO     | live_articles:fetch_trending:320 - Fetching trending for topics: ['quantum computing', 'dark matter detection', 'stem cell therapy']
2026-04-16 15:53:47 | INFO     | live_articles:fetch_trending:324 - Trending: Starting parallel fetch for topics...
2026-04-16 15:53:47 | INFO     | live_articles:fetch_pubmed:106 - PubMed: Searching for 'quantum computing' (retmax=10)
2026-04-16 15:53:47 | INFO     | live_articles:fetch_pubmed:106 - PubMed: Searching for 'dark matter detection' (retmax=10)
2026-04-16 15:53:47 | INFO     | live_articles:fetch_pubmed:106 - PubMed: Searching for 'stem cell therapy' (retmax=10)
2026-04-16 15:53:49 | INFO     | live_articles:fetch_pubmed:124 - PubMed search returned 10 IDs (Total: 1043)
2026-04-16 15:53:49 | INFO     | live_articles:fetch_pubmed:124 - PubMed search returned 10 IDs (Total: 198099)
2026-04-16 15:53:49 | INFO     | live_articles:fetch_pubmed:124 - PubMed search returned 10 IDs (Total: 51277)
2026-04-16 15:53:49 | WARNING  | live_articles:fetch_pubmed:136 - PubMed efetch hit 429 Rate Limit. Retrying after 2s...
2026-04-16 15:53:49 | WARNING  | live_articles:fetch_pubmed:136 - PubMed efetch hit 429 Rate Limit. Retrying after 2s...
2026-04-16 15:53:51 | INFO     | live_articles:fetch_pubmed:180 - PubMed: Successfully parsed 10 articles.
2026-04-16 15:53:52 | INFO     | live_articles:fetch_pubmed:180 - PubMed: Successfully parsed 10 articles.
2026-04-16 15:53:53 | INFO     | live_articles:fetch_pubmed:180 - PubMed: Successfully parsed 10 articles.
2026-04-16 15:53:53 | INFO     | live_articles:fetch_trending:340 - Trending: Total fetched 45 articles.
2026-04-16 15:53:59 | INFO     | __main__:ask_question:99 - Question: Extract 4 brief key bullet points for the article titled 'Synthesis, crystal structure, spectroscopic characterization, theoretical studies and cytotoxicity assays of novel two acylhydrazones and its Cu(II) complexes.'. | Hybrid: False | Book: None
2026-04-16 15:53:59 | INFO     | model_manager:generate:676 - ModelManager: Auto-classified as 'speed'
2026-04-16 15:53:59 | INFO     | model_manager:generate:692 - ModelManager: Trying Groq (Tier 1) [key …DURcU2]
2026-04-16 15:54:00 | INFO     | model_manager:generate:719 - ModelManager: ✅ Groq succeeded (528 chars)
2026-04-16 15:54:00 | INFO     | llm_engine:generate_llm_only:43 - LLM: Pure generation via Groq
2026-04-16 15:54:29 | INFO     | model_manager:generate:692 - ModelManager: Trying Gemini Pro (Tier 3) [key …rBrkTk]
2026-04-16 15:54:29 | ERROR    | model_manager:generate:732 - ModelManager: ❌ Gemini Pro error: Gemini Pro: HTTP 404 — {
  "error": {
    "code": 404,
    "message": "models/gemini-2.5-pro-preview-03-25 is not found for API version v1beta, or is not supported for generateContent. Call ListModels to see the list of available models and their supported methods.",
    "status": "NOT_FOUND"
  }
}

2026-04-16 15:54:29 | INFO     | model_manager:generate:692 - ModelManager: Trying OpenRouter Hub (Tier 5) [key …8fb9ad]
2026-04-16 15:54:59 | INFO     | model_manager:generate:719 - ModelManager: ✅ OpenRouter Hub succeeded (4920 chars)
2026-04-16 15:54:59 | INFO     | llm_engine:generate_questions:252 - LLM: Question generation via OpenRouter Hub
2026-04-16 15:57:03 | INFO     | model_manager:_setup_providers:421 - ModelManager: Configured providers: Groq (5 keys), Gemini Flash (5 keys), Gemini Pro (5 keys), Qwen (OpenRouter) (2 keys), OpenRouter Hub (2 keys), Mistral (1 keys), Together AI (1 keys), NVIDIA NIM (1 keys), Cohere (1 keys), Cerebras (1 keys), Hugging Face (1 keys)
2026-04-16 16:02:57 | INFO     | model_manager:_setup_providers:424 - ModelManager: Configured providers: Groq (5 keys), Gemini Flash (5 keys), Gemini Pro (5 keys), Qwen (OpenRouter) (2 keys), OpenRouter Hub (2 keys), Mistral (1 keys), Together AI (1 keys), NVIDIA NIM (1 keys), Cohere (1 keys), Cerebras (1 keys), Hugging Face (1 keys)
2026-04-16 16:03:53 | INFO     | model_manager:_setup_providers:424 - ModelManager: Configured providers: Groq (5 keys), Gemini Flash (5 keys), Gemini Pro (5 keys), Qwen (OpenRouter) (2 keys), OpenRouter Hub (2 keys), Mistral (1 keys), Together AI (1 keys), NVIDIA NIM (1 keys), Cohere (1 keys), Cerebras (1 keys), Hugging Face (1 keys)
2026-04-16 16:03:53 | INFO     | model_manager:_setup_providers:424 - ModelManager: Configured providers: Groq (5 keys), Gemini Flash (5 keys), Gemini Pro (5 keys), Qwen (OpenRouter) (2 keys), OpenRouter Hub (2 keys), Mistral (1 keys), Together AI (1 keys), NVIDIA NIM (1 keys), Cohere (1 keys), Cerebras (1 keys), Hugging Face (1 keys)
2026-04-16 16:03:53 | INFO     | model_manager:generate:679 - ModelManager: Auto-classified as 'speed'
2026-04-16 16:03:53 | CRITICAL | model_manager:generate:744 - ModelManager: 🚨 All AI providers exhausted. Last error: None
2026-04-16 16:03:53 | INFO     | model_manager:generate:679 - ModelManager: Auto-classified as 'speed'
2026-04-16 16:03:53 | CRITICAL | model_manager:generate:744 - ModelManager: 🚨 All AI providers exhausted. Last error: None
2026-04-16 16:04:14 | INFO     | model_manager:_setup_providers:424 - ModelManager: Configured providers: Groq (5 keys), Gemini Flash (5 keys), Gemini Pro (5 keys), Qwen (OpenRouter) (2 keys), OpenRouter Hub (2 keys), Mistral (1 keys), Together AI (1 keys), NVIDIA NIM (1 keys), Cohere (1 keys), Cerebras (1 keys), Hugging Face (1 keys)
2026-04-16 16:04:14 | INFO     | model_manager:_setup_providers:424 - ModelManager: Configured providers: Groq (5 keys), Gemini Flash (5 keys), Gemini Pro (5 keys), Qwen (OpenRouter) (2 keys), OpenRouter Hub (2 keys), Mistral (1 keys), Together AI (1 keys), NVIDIA NIM (1 keys), Cohere (1 keys), Cerebras (1 keys), Hugging Face (1 keys)
2026-04-16 16:04:14 | INFO     | model_manager:generate:695 - ModelManager: Trying MockProvider (Tier 1) [key …KEY_1]
2026-04-16 16:04:14 | WARNING  | model_manager:generate:729 - ModelManager: ⚠️ MockProvider: Rate limited (429)
2026-04-16 16:04:14 | CRITICAL | model_manager:generate:744 - ModelManager: 🚨 All AI providers exhausted. Last error: MockProvider: Rate limited (429)
2026-04-16 16:04:14 | INFO     | model_manager:generate:695 - ModelManager: Trying MockProvider (Tier 1) [key …KEY_2]
2026-04-16 16:04:14 | INFO     | model_manager:generate:722 - ModelManager: ✅ MockProvider succeeded (19 chars)
2026-04-16 16:04:14 | INFO     | model_manager:_setup_providers:424 - ModelManager: Configured providers: Groq (5 keys), Gemini Flash (5 keys), Gemini Pro (5 keys), Qwen (OpenRouter) (2 keys), OpenRouter Hub (2 keys), Mistral (1 keys), Together AI (1 keys), NVIDIA NIM (1 keys), Cohere (1 keys), Cerebras (1 keys), Hugging Face (1 keys)
2026-04-16 16:04:14 | INFO     | model_manager:generate:695 - ModelManager: Trying MockProvider (Tier 1) [key …KEY_1]
2026-04-16 16:04:14 | WARNING  | model_manager:generate:729 - ModelManager: ⚠️ MockProvider: Rate limited (429)
2026-04-16 16:04:14 | CRITICAL | model_manager:generate:744 - ModelManager: 🚨 All AI providers exhausted. Last error: MockProvider: Rate limited (429)
2026-04-16 16:04:14 | INFO     | model_manager:generate:695 - ModelManager: Trying MockProvider (Tier 1) [key …KEY_2]
2026-04-16 16:04:14 | INFO     | model_manager:generate:722 - ModelManager: ✅ MockProvider succeeded (19 chars)
2026-04-16 16:06:06 | INFO     | model_manager:_setup_providers:424 - ModelManager: Configured providers: Groq (5 keys), Gemini Flash (5 keys), Gemini Pro (5 keys), Qwen (OpenRouter) (2 keys), OpenRouter Hub (2 keys), Mistral (1 keys), Together AI (1 keys), NVIDIA NIM (1 keys), Cohere (1 keys), Cerebras (1 keys), Hugging Face (1 keys)
2026-04-16 16:06:07 | INFO     | __main__:startup_event:38 - SciAI PRODUCTION ENGINE STARTING...
2026-04-16 16:06:07 | INFO     | __main__:startup_event:41 - ModelManager: 11 providers configured
2026-04-16 16:06:51 | INFO     | model_manager:generate:695 - ModelManager: Trying Gemini Pro (Tier 3) [key …rBrkTk]
2026-04-16 16:06:52 | WARNING  | model_manager:generate:729 - ModelManager: ⚠️ Gemini Pro: Rate limited (429)
2026-04-16 16:06:52 | INFO     | model_manager:generate:695 - ModelManager: Trying Qwen (OpenRouter) (Tier 4) [key …8fb9ad]
2026-04-16 16:07:20 | INFO     | model_manager:generate:722 - ModelManager: ✅ Qwen (OpenRouter) succeeded (5007 chars)
2026-04-16 16:07:20 | INFO     | llm_engine:generate_questions:252 - LLM: Question generation via Qwen (OpenRouter)
2026-04-16 16:09:32 | INFO     | __main__:ask_question:99 - Question: cell cycle
 | Hybrid: True | Book: None
2026-04-16 16:09:32 | INFO     | faiss_store:load:73 - FAISS: Loaded 19803 vectors of type IndexIDMap2.
2026-04-16 16:09:32 | INFO     | faiss_store:get_model:15 - Loading embedding model...
2026-04-16 16:09:38 | INFO     | faiss_store:search:202 - FAISS Search: query='cell cycle
...', search_k=25, ntotal=19803
2026-04-16 16:09:38 | INFO     | faiss_store:search:230 - FAISS Search: Matches for book_id=None: 0
2026-04-16 16:09:38 | INFO     | live_articles:search_articles:244 - Article Search: 'cell cycle
' | Page: 1
2026-04-16 16:09:38 | INFO     | live_articles:search_articles:253 - Adding PubMed task for 'cell cycle
'
2026-04-16 16:09:38 | INFO     | live_articles:search_articles:256 - Adding arXiv task for 'cell cycle
'
2026-04-16 16:09:38 | INFO     | live_articles:search_articles:263 - Adding Wikipedia task for 'cell cycle
'
2026-04-16 16:09:38 | INFO     | live_articles:fetch_pubmed:106 - PubMed: Searching for 'cell cycle
' (retmax=10)
2026-04-16 16:09:38 | ERROR    | live_articles:fetch_arxiv:238 - arXiv API error: Invalid non-printable ASCII character in URL, '\n' at position 61.
2026-04-16 16:09:39 | ERROR    | live_articles:fetch_pubmed:187 - PubMed final error: InvalidURL: Invalid non-printable ASCII character in URL, '\n' at position 84.
2026-04-16 16:09:39 | INFO     | live_articles:search_articles:289 - Source 0 returned 0 articles (Total in source: 0)
2026-04-16 16:09:39 | INFO     | live_articles:search_articles:289 - Source 1 returned 0 articles (Total in source: 0)
2026-04-16 16:09:39 | INFO     | live_articles:search_articles:293 - Wikipedia returned 0 articles
2026-04-16 16:09:39 | INFO     | model_manager:generate:679 - ModelManager: Auto-classified as 'speed'
2026-04-16 16:09:39 | INFO     | model_manager:generate:695 - ModelManager: Trying Groq (Tier 1) [key …DURcU2]
2026-04-16 16:09:39 | INFO     | model_manager:generate:722 - ModelManager: ✅ Groq succeeded (563 chars)
2026-04-16 16:09:39 | INFO     | llm_engine:generate_llm_only:43 - LLM: Pure generation via Groq
2026-04-16 16:10:35 | INFO     | __main__:ask_question:99 - Question: cell cycle
 | Hybrid: True | Book: None
2026-04-16 16:10:39 | INFO     | __main__:ask_question:99 - Question: cell cycle
 | Hybrid: True | Book: None
2026-04-16 16:11:50 | INFO     | __main__:ask_question:99 - Question: cell cycle
 | Hybrid: True | Book: None
2026-04-16 16:12:13 | INFO     | __main__:ask_question:99 - Question: cell cycle
 | Hybrid: True | Book: None
2026-04-16 16:12:30 | INFO     | __main__:ask_question:99 - Question: cell types | Hybrid: True | Book: None
2026-04-16 16:12:30 | INFO     | faiss_store:search:202 - FAISS Search: query='cell types...', search_k=25, ntotal=19803
2026-04-16 16:12:30 | INFO     | faiss_store:search:230 - FAISS Search: Matches for book_id=None: 0
2026-04-16 16:12:30 | INFO     | live_articles:search_articles:244 - Article Search: 'cell types' | Page: 1
2026-04-16 16:12:30 | INFO     | live_articles:search_articles:253 - Adding PubMed task for 'cell types'
2026-04-16 16:12:30 | INFO     | live_articles:search_articles:256 - Adding arXiv task for 'cell types'
2026-04-16 16:12:30 | INFO     | live_articles:search_articles:263 - Adding Wikipedia task for 'cell types'
2026-04-16 16:12:30 | INFO     | live_articles:fetch_pubmed:106 - PubMed: Searching for 'cell types' (retmax=10)
2026-04-16 16:12:32 | INFO     | live_articles:fetch_pubmed:124 - PubMed search returned 10 IDs (Total: 7075381)
2026-04-16 16:12:33 | INFO     | live_articles:fetch_pubmed:180 - PubMed: Successfully parsed 10 articles.
2026-04-16 16:12:33 | INFO     | live_articles:search_articles:289 - Source 0 returned 10 articles (Total in source: 7075381)
2026-04-16 16:12:33 | INFO     | live_articles:search_articles:289 - Source 1 returned 10 articles (Total in source: 354434)
2026-04-16 16:12:33 | INFO     | live_articles:search_articles:293 - Wikipedia returned 0 articles
2026-04-16 16:12:33 | INFO     | model_manager:generate:695 - ModelManager: Trying Gemini Flash (Tier 2) [key …rBrkTk]
2026-04-16 16:12:50 | INFO     | model_manager:generate:722 - ModelManager: ✅ Gemini Flash succeeded (3548 chars)
2026-04-16 16:12:50 | INFO     | llm_engine:generate_hybrid_answer:67 - LLM: Hybrid generation via Gemini Flash
2026-04-16 16:13:47 | INFO     | __main__:ask_question:99 - Question: cell types | Hybrid: True | Book: None
2026-04-16 16:13:57 | INFO     | __main__:ask_question:99 - Question: cell types | Hybrid: True | Book: None
2026-04-16 16:14:44 | INFO     | model_manager:generate:695 - ModelManager: Trying Gemini Pro (Tier 3) [key …nQKpEg]
2026-04-16 16:14:45 | WARNING  | model_manager:generate:729 - ModelManager: ⚠️ Gemini Pro: Rate limited (429)
2026-04-16 16:14:45 | INFO     | model_manager:generate:695 - ModelManager: Trying Qwen (OpenRouter) (Tier 4) [key …cb12eb]
2026-04-16 16:15:08 | INFO     | model_manager:generate:722 - ModelManager: ✅ Qwen (OpenRouter) succeeded (3125 chars)
2026-04-16 16:15:08 | INFO     | llm_engine:generate_questions:252 - LLM: Question generation via Qwen (OpenRouter)
2026-04-16 16:16:10 | INFO     | model_manager:generate:695 - ModelManager: Trying Gemini Pro (Tier 3) [key …2bZEmY]
2026-04-16 16:16:10 | WARNING  | model_manager:generate:729 - ModelManager: ⚠️ Gemini Pro: Rate limited (429)
2026-04-16 16:16:10 | INFO     | model_manager:generate:695 - ModelManager: Trying Qwen (OpenRouter) (Tier 4) [key …8fb9ad]
2026-04-16 16:16:36 | INFO     | model_manager:generate:722 - ModelManager: ✅ Qwen (OpenRouter) succeeded (3063 chars)
2026-04-16 16:16:36 | INFO     | llm_engine:generate_questions:252 - LLM: Question generation via Qwen (OpenRouter)
2026-04-16 16:27:32 | INFO     | model_manager:_setup_providers:434 - ModelManager: Configured providers: Groq (5 keys), Gemini Flash (5 keys), Gemini Pro (5 keys), Qwen (OpenRouter) (2 keys), OpenRouter Hub (2 keys), Mistral (1 keys), Together AI (1 keys), NVIDIA NIM (1 keys), Cohere (1 keys), Cerebras (1 keys), Hugging Face (1 keys)
2026-04-16 16:28:54 | INFO     | model_manager:_setup_providers:434 - ModelManager: Configured providers: Groq (5 keys), Gemini Flash (5 keys), Gemini Pro (5 keys), Qwen (OpenRouter) (2 keys), OpenRouter Hub (2 keys), Mistral (1 keys), Together AI (1 keys), NVIDIA NIM (1 keys), Cohere (1 keys), Cerebras (1 keys), Hugging Face (1 keys)
2026-04-16 16:28:55 | INFO     | __main__:startup_event:38 - SciAI PRODUCTION ENGINE STARTING...
2026-04-16 16:28:55 | INFO     | __main__:startup_event:41 - ModelManager: 11 providers configured
2026-04-16 16:39:09 | INFO     | __main__:ask_question:99 - Question: The image depicts a high-quality, fantasy-themed digital illustration featuring a female character with long pink hair and purple eyes. She is dressed in an intricate black outfit and is surrounded by swirling, ethereal blue light effects and cosmic or celestial structures that resemble armillary spheres or planetary models. In her hand, she holds a complex, futuristic-looking staff or scepter that emits a bright, iridescent glow. In the top right corner, there is text in Chinese and English that reads Gray Raven, identifying this as official artwork from the video game Punishing: Gray Raven.

The image does not contain a scientific question. | Hybrid: True | Book: None
2026-04-16 16:39:10 | INFO     | faiss_store:load:73 - FAISS: Loaded 19803 vectors of type IndexIDMap2.
2026-04-16 16:39:10 | INFO     | faiss_store:get_model:15 - Loading embedding model...
2026-04-16 16:39:15 | INFO     | faiss_store:search:202 - FAISS Search: query='The image depicts a high-quali...', search_k=25, ntotal=19803
2026-04-16 16:39:15 | INFO     | faiss_store:search:230 - FAISS Search: Matches for book_id=None: 0
2026-04-16 16:39:15 | INFO     | live_articles:search_articles:244 - Article Search: 'The image depicts a high-quality, fantasy-themed digital illustration featuring a female character with long pink hair and purple eyes. She is dressed in an intricate black outfit and is surrounded by swirling, ethereal blue light effects and cosmic or celestial structures that resemble armillary spheres or planetary models. In her hand, she holds a complex, futuristic-looking staff or scepter that emits a bright, iridescent glow. In the top right corner, there is text in Chinese and English that reads Gray Raven, identifying this as official artwork from the video game Punishing: Gray Raven.

The image does not contain a scientific question.' | Page: 1
2026-04-16 16:39:16 | INFO     | live_articles:search_articles:253 - Adding PubMed task for 'The image depicts a high-quality, fantasy-themed digital illustration featuring a female character with long pink hair and purple eyes. She is dressed in an intricate black outfit and is surrounded by swirling, ethereal blue light effects and cosmic or celestial structures that resemble armillary spheres or planetary models. In her hand, she holds a complex, futuristic-looking staff or scepter that emits a bright, iridescent glow. In the top right corner, there is text in Chinese and English that reads Gray Raven, identifying this as official artwork from the video game Punishing: Gray Raven.

The image does not contain a scientific question.'
2026-04-16 16:39:16 | INFO     | live_articles:search_articles:256 - Adding arXiv task for 'The image depicts a high-quality, fantasy-themed digital illustration featuring a female character with long pink hair and purple eyes. She is dressed in an intricate black outfit and is surrounded by swirling, ethereal blue light effects and cosmic or celestial structures that resemble armillary spheres or planetary models. In her hand, she holds a complex, futuristic-looking staff or scepter that emits a bright, iridescent glow. In the top right corner, there is text in Chinese and English that reads Gray Raven, identifying this as official artwork from the video game Punishing: Gray Raven.

The image does not contain a scientific question.'
2026-04-16 16:39:16 | INFO     | live_articles:search_articles:263 - Adding Wikipedia task for 'The image depicts a high-quality, fantasy-themed digital illustration featuring a female character with long pink hair and purple eyes. She is dressed in an intricate black outfit and is surrounded by swirling, ethereal blue light effects and cosmic or celestial structures that resemble armillary spheres or planetary models. In her hand, she holds a complex, futuristic-looking staff or scepter that emits a bright, iridescent glow. In the top right corner, there is text in Chinese and English that reads Gray Raven, identifying this as official artwork from the video game Punishing: Gray Raven.

The image does not contain a scientific question.'
2026-04-16 16:39:16 | INFO     | live_articles:fetch_pubmed:106 - PubMed: Searching for 'The image depicts a high-quality, fantasy-themed digital illustration featuring a female character with long pink hair and purple eyes. She is dressed in an intricate black outfit and is surrounded by swirling, ethereal blue light effects and cosmic or celestial structures that resemble armillary spheres or planetary models. In her hand, she holds a complex, futuristic-looking staff or scepter that emits a bright, iridescent glow. In the top right corner, there is text in Chinese and English that reads Gray Raven, identifying this as official artwork from the video game Punishing: Gray Raven.

The image does not contain a scientific question.' (retmax=10)
2026-04-16 16:39:16 | ERROR    | live_articles:fetch_arxiv:238 - arXiv API error: Invalid non-printable ASCII character in URL, '\n' at position 650.
2026-04-16 16:39:16 | ERROR    | live_articles:fetch_pubmed:187 - PubMed final error: InvalidURL: Invalid non-printable ASCII character in URL, '\n' at position 673.
2026-04-16 16:39:16 | INFO     | live_articles:search_articles:289 - Source 0 returned 0 articles (Total in source: 0)
2026-04-16 16:39:16 | INFO     | live_articles:search_articles:289 - Source 1 returned 0 articles (Total in source: 0)
2026-04-16 16:39:16 | INFO     | live_articles:search_articles:293 - Wikipedia returned 0 articles
2026-04-16 16:39:16 | INFO     | model_manager:generate:689 - ModelManager: Auto-classified as 'scale'
2026-04-16 16:39:16 | INFO     | model_manager:generate:705 - ModelManager: Trying Gemini Flash (Tier 2) [key …rBrkTk]
2026-04-16 16:39:19 | INFO     | model_manager:generate:732 - ModelManager: ✅ Gemini Flash succeeded (243 chars)
2026-04-16 16:39:19 | INFO     | llm_engine:generate_llm_only:43 - LLM: Pure generation via Gemini Flash
2026-04-16 18:23:52 | INFO     | __main__:ask_question:99 - Question: Error: Unexpected Response:
{
  "error": {
    "code": 503,
    "message": "This model is currently experiencing high demand. Spikes in demand are usually temporary. Please try again later.",
    "status": "UNAVAILABLE"
  }
}
 kotlinx.serialization.MissingFieldException: Field 'details' is required for type with serial name 'com.google.ai.client.generativeai.common.server.GRpcError', but it was missing at path: $.error | Hybrid: True | Book: None
2026-04-16 18:23:52 | INFO     | faiss_store:search:202 - FAISS Search: query='Error: Unexpected Response:
{
...', search_k=25, ntotal=19803
2026-04-16 18:23:52 | INFO     | faiss_store:search:230 - FAISS Search: Matches for book_id=None: 0
2026-04-16 18:23:52 | INFO     | live_articles:search_articles:244 - Article Search: 'Error: Unexpected Response:
{
  "error": {
    "code": 503,
    "message": "This model is currently experiencing high demand. Spikes in demand are usually temporary. Please try again later.",
    "status": "UNAVAILABLE"
  }
}
 kotlinx.serialization.MissingFieldException: Field 'details' is required for type with serial name 'com.google.ai.client.generativeai.common.server.GRpcError', but it was missing at path: $.error' | Page: 1
2026-04-16 18:23:52 | INFO     | live_articles:search_articles:253 - Adding PubMed task for 'Error: Unexpected Response:
{
  "error": {
    "code": 503,
    "message": "This model is currently experiencing high demand. Spikes in demand are usually temporary. Please try again later.",
    "status": "UNAVAILABLE"
  }
}
 kotlinx.serialization.MissingFieldException: Field 'details' is required for type with serial name 'com.google.ai.client.generativeai.common.server.GRpcError', but it was missing at path: $.error'
2026-04-16 18:23:52 | INFO     | live_articles:search_articles:256 - Adding arXiv task for 'Error: Unexpected Response:
{
  "error": {
    "code": 503,
    "message": "This model is currently experiencing high demand. Spikes in demand are usually temporary. Please try again later.",
    "status": "UNAVAILABLE"
  }
}
 kotlinx.serialization.MissingFieldException: Field 'details' is required for type with serial name 'com.google.ai.client.generativeai.common.server.GRpcError', but it was missing at path: $.error'
2026-04-16 18:23:52 | INFO     | live_articles:search_articles:263 - Adding Wikipedia task for 'Error: Unexpected Response:
{
  "error": {
    "code": 503,
    "message": "This model is currently experiencing high demand. Spikes in demand are usually temporary. Please try again later.",
    "status": "UNAVAILABLE"
  }
}
 kotlinx.serialization.MissingFieldException: Field 'details' is required for type with serial name 'com.google.ai.client.generativeai.common.server.GRpcError', but it was missing at path: $.error'
2026-04-16 18:23:52 | INFO     | live_articles:fetch_pubmed:106 - PubMed: Searching for 'Error: Unexpected Response:
{
  "error": {
    "code": 503,
    "message": "This model is currently experiencing high demand. Spikes in demand are usually temporary. Please try again later.",
    "status": "UNAVAILABLE"
  }
}
 kotlinx.serialization.MissingFieldException: Field 'details' is required for type with serial name 'com.google.ai.client.generativeai.common.server.GRpcError', but it was missing at path: $.error' (retmax=10)
2026-04-16 18:23:52 | ERROR    | live_articles:fetch_arxiv:238 - arXiv API error: Invalid non-printable ASCII character in URL, '\n' at position 78.
2026-04-16 18:23:52 | ERROR    | live_articles:fetch_pubmed:187 - PubMed final error: InvalidURL: Invalid non-printable ASCII character in URL, '\n' at position 101.
2026-04-16 18:23:53 | INFO     | live_articles:search_articles:289 - Source 0 returned 0 articles (Total in source: 0)
2026-04-16 18:23:53 | INFO     | live_articles:search_articles:289 - Source 1 returned 0 articles (Total in source: 0)
2026-04-16 18:23:53 | INFO     | live_articles:search_articles:293 - Wikipedia returned 0 articles
2026-04-16 18:23:53 | INFO     | model_manager:generate:689 - ModelManager: Auto-classified as 'scale'
2026-04-16 18:23:53 | INFO     | model_manager:generate:705 - ModelManager: Trying Gemini Flash (Tier 2) [key …nQKpEg]
2026-04-16 18:23:58 | INFO     | model_manager:generate:732 - ModelManager: ✅ Gemini Flash succeeded (388 chars)
2026-04-16 18:23:58 | INFO     | llm_engine:generate_llm_only:43 - LLM: Pure generation via Gemini Flash
2026-04-16 18:25:02 | INFO     | model_manager:generate:705 - ModelManager: Trying Gemini Pro (Tier 3) [key …rBrkTk]
2026-04-16 18:25:02 | WARNING  | model_manager:generate:739 - ModelManager: ⚠️ Gemini Pro: Rate limited (429)
2026-04-16 18:25:02 | INFO     | model_manager:generate:705 - ModelManager: Trying Qwen (OpenRouter) (Tier 4) [key …8fb9ad]
2026-04-16 18:25:27 | INFO     | model_manager:generate:732 - ModelManager: ✅ Qwen (OpenRouter) succeeded (3768 chars)
2026-04-16 18:25:27 | INFO     | llm_engine:generate_questions:252 - LLM: Question generation via Qwen (OpenRouter)
2026-04-16 18:26:49 | INFO     | __main__:shutdown_event:45 - SciAI SHUTTING DOWN...
2026-04-16 18:26:49 | INFO     | faiss_store:save:60 - FAISS: Saved 19803 vectors.
2026-04-16 18:27:41 | INFO     | model_manager:_setup_providers:434 - ModelManager: Configured providers: Groq (5 keys), Gemini Flash (10 keys), Gemini Pro (10 keys), Qwen (OpenRouter) (10 keys), OpenRouter Hub (10 keys), Mistral (1 keys), Together AI (1 keys), NVIDIA NIM (1 keys), Cohere (1 keys), Cerebras (1 keys), Hugging Face (1 keys)
2026-04-16 18:27:41 | INFO     | __main__:startup_event:38 - SciAI PRODUCTION ENGINE STARTING...
2026-04-16 18:27:41 | INFO     | __main__:startup_event:41 - ModelManager: 11 providers configured
2026-04-16 18:30:54 | INFO     | model_manager:_setup_providers:434 - ModelManager: Configured providers: Groq (5 keys), Gemini Flash (10 keys), Gemini Pro (10 keys), Qwen (OpenRouter) (10 keys), OpenRouter Hub (10 keys), Mistral (1 keys), Together AI (1 keys), NVIDIA NIM (1 keys), Cohere (1 keys), Cerebras (1 keys), Hugging Face (1 keys)
2026-04-16 18:37:44 | INFO     | model_manager:_setup_providers:434 - ModelManager: Configured providers: Groq (5 keys), Gemini Flash (10 keys), Gemini Pro (10 keys), Qwen (OpenRouter) (10 keys), OpenRouter Hub (10 keys), Mistral (1 keys), Together AI (1 keys), NVIDIA NIM (1 keys), Cohere (1 keys), Cerebras (1 keys), Hugging Face (1 keys)
2026-04-16 18:39:44 | INFO     | model_manager:_setup_providers:434 - ModelManager: Configured providers: Groq (5 keys), Gemini Flash (10 keys), Gemini Pro (10 keys), Qwen (OpenRouter) (10 keys), OpenRouter Hub (10 keys), Mistral (1 keys), Together AI (1 keys), NVIDIA NIM (1 keys), Cohere (1 keys), Cerebras (1 keys), Hugging Face (1 keys)
2026-04-16 18:39:45 | INFO     | __main__:startup_event:38 - SciAI PRODUCTION ENGINE STARTING...
2026-04-16 18:39:45 | INFO     | __main__:startup_event:41 - ModelManager: 11 providers configured
2026-04-16 18:40:40 | INFO     | __main__:ask_question:99 - Question: thermal capacity | Hybrid: True | Book: None
2026-04-16 18:40:41 | INFO     | faiss_store:load:73 - FAISS: Loaded 19803 vectors of type IndexIDMap2.
2026-04-16 18:40:41 | INFO     | faiss_store:get_model:15 - Loading embedding model...
2026-04-16 18:40:47 | INFO     | faiss_store:search:202 - FAISS Search: query='thermal capacity...', search_k=25, ntotal=19803
2026-04-16 18:40:47 | INFO     | faiss_store:search:230 - FAISS Search: Matches for book_id=None: 0
2026-04-16 18:40:47 | INFO     | live_articles:search_articles:244 - Article Search: 'thermal capacity' | Page: 1
2026-04-16 18:40:47 | INFO     | live_articles:search_articles:253 - Adding PubMed task for 'thermal capacity'
2026-04-16 18:40:47 | INFO     | live_articles:search_articles:256 - Adding arXiv task for 'thermal capacity'
2026-04-16 18:40:47 | INFO     | live_articles:search_articles:263 - Adding Wikipedia task for 'thermal capacity'
2026-04-16 18:40:47 | INFO     | live_articles:fetch_pubmed:106 - PubMed: Searching for 'thermal capacity' (retmax=10)
2026-04-16 18:40:49 | INFO     | live_articles:fetch_pubmed:124 - PubMed search returned 10 IDs (Total: 20821)
2026-04-16 18:40:50 | INFO     | live_articles:fetch_pubmed:180 - PubMed: Successfully parsed 10 articles.
2026-04-16 18:40:50 | INFO     | live_articles:search_articles:289 - Source 0 returned 10 articles (Total in source: 20821)
2026-04-16 18:40:50 | INFO     | live_articles:search_articles:289 - Source 1 returned 10 articles (Total in source: 130178)
2026-04-16 18:40:50 | INFO     | live_articles:search_articles:293 - Wikipedia returned 0 articles
2026-04-16 18:40:50 | INFO     | model_manager:generate:705 - ModelManager: Trying Gemini Flash (Tier 2) [key …rBrkTk]
2026-04-16 18:41:12 | INFO     | model_manager:generate:732 - ModelManager: ✅ Gemini Flash succeeded (3571 chars)
2026-04-16 18:41:12 | INFO     | llm_engine:generate_hybrid_answer:67 - LLM: Hybrid generation via Gemini Flash
2026-04-16 18:43:54 | INFO     | __main__:ask_question:99 - Question: cellular processes | Hybrid: True | Book: None
2026-04-16 18:43:54 | INFO     | faiss_store:search:202 - FAISS Search: query='cellular processes...', search_k=25, ntotal=19803
2026-04-16 18:43:54 | INFO     | faiss_store:search:230 - FAISS Search: Matches for book_id=None: 0
2026-04-16 18:43:54 | INFO     | live_articles:search_articles:244 - Article Search: 'cellular processes' | Page: 1
2026-04-16 18:43:54 | INFO     | live_articles:search_articles:253 - Adding PubMed task for 'cellular processes'
2026-04-16 18:43:54 | INFO     | live_articles:search_articles:256 - Adding arXiv task for 'cellular processes'
2026-04-16 18:43:54 | INFO     | live_articles:search_articles:263 - Adding Wikipedia task for 'cellular processes'
2026-04-16 18:43:54 | INFO     | live_articles:fetch_pubmed:106 - PubMed: Searching for 'cellular processes' (retmax=10)
2026-04-16 18:43:56 | INFO     | live_articles:fetch_pubmed:124 - PubMed search returned 10 IDs (Total: 1055805)
2026-04-16 18:43:58 | INFO     | live_articles:fetch_pubmed:180 - PubMed: Successfully parsed 10 articles.
2026-04-16 18:43:58 | INFO     | live_articles:search_articles:289 - Source 0 returned 10 articles (Total in source: 1055805)
2026-04-16 18:43:58 | INFO     | live_articles:search_articles:289 - Source 1 returned 10 articles (Total in source: 419344)
2026-04-16 18:43:58 | INFO     | live_articles:search_articles:293 - Wikipedia returned 0 articles
2026-04-16 18:43:58 | INFO     | model_manager:generate:705 - ModelManager: Trying Gemini Flash (Tier 2) [key …nQKpEg]
2026-04-16 18:44:21 | INFO     | model_manager:generate:732 - ModelManager: ✅ Gemini Flash succeeded (3371 chars)
2026-04-16 18:44:21 | INFO     | llm_engine:generate_hybrid_answer:67 - LLM: Hybrid generation via Gemini Flash
2026-04-16 18:45:24 | INFO     | model_manager:generate:705 - ModelManager: Trying Gemini Pro (Tier 3) [key …rBrkTk]
2026-04-16 18:45:24 | WARNING  | model_manager:generate:739 - ModelManager: ⚠️ Gemini Pro: Rate limited (429)
2026-04-16 18:45:24 | INFO     | model_manager:generate:705 - ModelManager: Trying Qwen (OpenRouter) (Tier 4) [key …8fb9ad]
2026-04-16 18:45:58 | INFO     | model_manager:generate:732 - ModelManager: ✅ Qwen (OpenRouter) succeeded (5715 chars)
2026-04-16 18:45:58 | INFO     | llm_engine:generate_questions:252 - LLM: Question generation via Qwen (OpenRouter)
2026-04-16 18:47:09 | INFO     | __main__:ask_question:99 - Question: plasma membrane | Hybrid: True | Book: None
2026-04-16 18:47:09 | INFO     | faiss_store:search:202 - FAISS Search: query='plasma membrane...', search_k=25, ntotal=19803
2026-04-16 18:47:09 | INFO     | faiss_store:search:230 - FAISS Search: Matches for book_id=None: 0
2026-04-16 18:47:09 | INFO     | live_articles:search_articles:244 - Article Search: 'plasma membrane' | Page: 1
2026-04-16 18:47:09 | INFO     | live_articles:search_articles:253 - Adding PubMed task for 'plasma membrane'
2026-04-16 18:47:09 | INFO     | live_articles:search_articles:256 - Adding arXiv task for 'plasma membrane'
2026-04-16 18:47:09 | INFO     | live_articles:search_articles:263 - Adding Wikipedia task for 'plasma membrane'
2026-04-16 18:47:09 | INFO     | live_articles:fetch_pubmed:106 - PubMed: Searching for 'plasma membrane' (retmax=10)
2026-04-16 18:47:10 | INFO     | live_articles:fetch_pubmed:124 - PubMed search returned 10 IDs (Total: 1018505)
2026-04-16 18:47:12 | INFO     | live_articles:fetch_pubmed:180 - PubMed: Successfully parsed 10 articles.
2026-04-16 18:47:12 | INFO     | live_articles:search_articles:289 - Source 0 returned 10 articles (Total in source: 1018505)
2026-04-16 18:47:12 | INFO     | live_articles:search_articles:289 - Source 1 returned 10 articles (Total in source: 55433)
2026-04-16 18:47:12 | INFO     | live_articles:search_articles:293 - Wikipedia returned 0 articles
2026-04-16 18:47:12 | INFO     | model_manager:generate:705 - ModelManager: Trying Gemini Flash (Tier 2) [key …2bZEmY]
2026-04-16 18:48:15 | INFO     | __main__:ask_question:99 - Question: plasma membrane | Hybrid: True | Book: None
2026-04-16 18:48:15 | INFO     | faiss_store:search:202 - FAISS Search: query='plasma membrane...', search_k=25, ntotal=19803
2026-04-16 18:48:16 | INFO     | faiss_store:search:230 - FAISS Search: Matches for book_id=None: 0
2026-04-16 18:48:16 | INFO     | live_articles:search_articles:244 - Article Search: 'plasma membrane' | Page: 1
2026-04-16 18:48:16 | INFO     | live_articles:search_articles:253 - Adding PubMed task for 'plasma membrane'
2026-04-16 18:48:16 | INFO     | live_articles:search_articles:256 - Adding arXiv task for 'plasma membrane'
2026-04-16 18:48:16 | INFO     | live_articles:search_articles:263 - Adding Wikipedia task for 'plasma membrane'
2026-04-16 18:48:16 | INFO     | live_articles:search_articles:289 - Source 0 returned 10 articles (Total in source: 1018505)
2026-04-16 18:48:16 | INFO     | live_articles:search_articles:289 - Source 1 returned 10 articles (Total in source: 55433)
2026-04-16 18:48:16 | INFO     | live_articles:search_articles:293 - Wikipedia returned 0 articles
2026-04-16 18:48:16 | INFO     | model_manager:generate:705 - ModelManager: Trying Gemini Flash (Tier 2) [key …DJCG-Y]
2026-04-16 18:48:43 | INFO     | model_manager:generate:732 - ModelManager: ✅ Gemini Flash succeeded (3207 chars)
2026-04-16 18:48:43 | INFO     | llm_engine:generate_hybrid_answer:67 - LLM: Hybrid generation via Gemini Flash
2026-04-16 18:58:42 | INFO     | model_manager:_setup_providers:434 - ModelManager: Configured providers: Groq (5 keys), Gemini Flash (10 keys), Gemini Pro (10 keys), Qwen (OpenRouter) (10 keys), OpenRouter Hub (10 keys), Mistral (1 keys), Together AI (1 keys), NVIDIA NIM (1 keys), Cohere (1 keys), Cerebras (1 keys), Hugging Face (1 keys)
2026-04-16 19:00:09 | INFO     | __main__:ask_question:99 - Question: cell cycle | Hybrid: True | Book: None
2026-04-16 19:00:09 | INFO     | faiss_store:search:202 - FAISS Search: query='cell cycle...', search_k=25, ntotal=19803
2026-04-16 19:00:09 | INFO     | faiss_store:search:230 - FAISS Search: Matches for book_id=None: 0
2026-04-16 19:00:09 | INFO     | live_articles:search_articles:244 - Article Search: 'cell cycle' | Page: 1
2026-04-16 19:00:09 | INFO     | live_articles:search_articles:253 - Adding PubMed task for 'cell cycle'
2026-04-16 19:00:09 | INFO     | live_articles:search_articles:256 - Adding arXiv task for 'cell cycle'
2026-04-16 19:00:09 | INFO     | live_articles:search_articles:263 - Adding Wikipedia task for 'cell cycle'
2026-04-16 19:00:09 | INFO     | live_articles:fetch_pubmed:106 - PubMed: Searching for 'cell cycle' (retmax=10)
2026-04-16 19:00:11 | INFO     | live_articles:fetch_pubmed:124 - PubMed search returned 10 IDs (Total: 601807)
2026-04-16 19:00:12 | INFO     | live_articles:fetch_pubmed:180 - PubMed: Successfully parsed 10 articles.
2026-04-16 19:00:12 | INFO     | live_articles:search_articles:289 - Source 0 returned 10 articles (Total in source: 601807)
2026-04-16 19:00:12 | INFO     | live_articles:search_articles:289 - Source 1 returned 10 articles (Total in source: 95832)
2026-04-16 19:00:12 | INFO     | live_articles:search_articles:293 - Wikipedia returned 0 articles
2026-04-16 19:00:12 | INFO     | model_manager:generate:705 - ModelManager: Trying Gemini Flash (Tier 2) [key …VRY0zw]
2026-04-16 19:00:30 | INFO     | model_manager:generate:732 - ModelManager: ✅ Gemini Flash succeeded (3351 chars)
2026-04-16 19:00:30 | INFO     | llm_engine:generate_hybrid_answer:67 - LLM: Hybrid generation via Gemini Flash
2026-04-16 19:02:00 | INFO     | model_manager:generate:705 - ModelManager: Trying Gemini Pro (Tier 3) [key …nQKpEg]
2026-04-16 19:02:01 | WARNING  | model_manager:generate:739 - ModelManager: ⚠️ Gemini Pro: Rate limited (429)
2026-04-16 19:02:01 | INFO     | model_manager:generate:705 - ModelManager: Trying Qwen (OpenRouter) (Tier 4) [key …cb12eb]
2026-04-16 19:02:25 | INFO     | model_manager:generate:732 - ModelManager: ✅ Qwen (OpenRouter) succeeded (4811 chars)
2026-04-16 19:02:25 | INFO     | llm_engine:generate_questions:252 - LLM: Question generation via Qwen (OpenRouter)
2026-04-16 19:02:57 | INFO     | model_manager:_setup_providers:434 - ModelManager: Configured providers: Groq (5 keys), Gemini Flash (10 keys), Gemini Pro (10 keys), Qwen (OpenRouter) (10 keys), OpenRouter Hub (10 keys), Mistral (1 keys), Together AI (1 keys), NVIDIA NIM (1 keys), Cohere (1 keys), Cerebras (1 keys), Hugging Face (1 keys)
2026-04-16 19:02:58 | INFO     | __main__:startup_event:38 - SciAI PRODUCTION ENGINE STARTING...
2026-04-16 19:02:58 | INFO     | __main__:startup_event:41 - ModelManager: 11 providers configured
2026-04-16 19:03:31 | INFO     | model_manager:generate:705 - ModelManager: Trying Gemini Pro (Tier 3) [key …rBrkTk]
2026-04-16 19:03:32 | WARNING  | model_manager:generate:739 - ModelManager: ⚠️ Gemini Pro: Rate limited (429)
2026-04-16 19:03:32 | INFO     | model_manager:generate:705 - ModelManager: Trying Qwen (OpenRouter) (Tier 4) [key …8fb9ad]
2026-04-16 19:03:48 | INFO     | model_manager:generate:732 - ModelManager: ✅ Qwen (OpenRouter) succeeded (2578 chars)
2026-04-16 19:03:48 | INFO     | llm_engine:generate_questions:252 - LLM: Question generation via Qwen (OpenRouter)
2026-04-16 19:08:53 | INFO     | model_manager:_setup_providers:435 - ModelManager: Configured providers: Groq (5 keys), Gemini Flash (5 keys), Gemini Pro (5 keys), Qwen (OpenRouter) (10 keys), OpenRouter Hub (10 keys), Mistral (1 keys), Together AI (1 keys), NVIDIA NIM (1 keys), Cohere (1 keys), Cerebras (1 keys), Hugging Face (1 keys)
2026-04-16 19:09:54 | INFO     | model_manager:_setup_providers:435 - ModelManager: Configured providers: Groq (5 keys), Gemini Flash (5 keys), Gemini Pro (5 keys), Qwen (OpenRouter) (10 keys), OpenRouter Hub (10 keys), Mistral (1 keys), Together AI (1 keys), NVIDIA NIM (1 keys), Cohere (1 keys), Cerebras (1 keys), Hugging Face (1 keys)
2026-04-16 19:09:54 | INFO     | __main__:startup_event:38 - SciAI PRODUCTION ENGINE STARTING...
2026-04-16 19:09:54 | INFO     | __main__:startup_event:41 - ModelManager: 11 providers configured
2026-04-16 19:10:14 | INFO     | model_manager:generate:706 - ModelManager: Trying Gemini Pro (Tier 3) [key …e__Wvw]
2026-04-16 19:10:15 | WARNING  | model_manager:generate:740 - ModelManager: ⚠️ Gemini Pro: Rate limited (429)
2026-04-16 19:10:15 | INFO     | model_manager:generate:706 - ModelManager: Trying Qwen (OpenRouter) (Tier 4) [key …8fb9ad]
2026-04-16 19:10:40 | INFO     | model_manager:generate:733 - ModelManager: ✅ Qwen (OpenRouter) succeeded (4342 chars)
2026-04-16 19:10:40 | INFO     | llm_engine:generate_questions:252 - LLM: Question generation via Qwen (OpenRouter)
2026-04-16 19:15:55 | INFO     | model_manager:_setup_providers:435 - ModelManager: Configured providers: Groq (5 keys), Gemini Flash (5 keys), Gemini Pro (5 keys), Qwen (OpenRouter) (10 keys), OpenRouter Hub (10 keys), Mistral (1 keys), Together AI (1 keys), NVIDIA NIM (1 keys), Cohere (1 keys), Cerebras (1 keys), Hugging Face (1 keys)
2026-04-16 19:17:17 | INFO     | model_manager:_setup_providers:435 - ModelManager: Configured providers: Groq (5 keys), Gemini Flash (5 keys), Gemini Pro (5 keys), Qwen (OpenRouter) (10 keys), OpenRouter Hub (10 keys), Mistral (1 keys), Together AI (1 keys), NVIDIA NIM (1 keys), Cohere (1 keys), Cerebras (1 keys), Hugging Face (1 keys)
2026-04-16 19:17:17 | INFO     | __main__:startup_event:38 - SciAI PRODUCTION ENGINE STARTING...
2026-04-16 19:17:17 | INFO     | __main__:startup_event:41 - ModelManager: 11 providers configured
2026-04-16 19:17:31 | INFO     | __main__:ask_question:99 - Question: lysis cell
 | Hybrid: True | Book: None
2026-04-16 19:17:31 | INFO     | faiss_store:load:73 - FAISS: Loaded 19803 vectors of type IndexIDMap2.
2026-04-16 19:17:31 | INFO     | faiss_store:get_model:15 - Loading embedding model...
2026-04-16 19:17:37 | INFO     | faiss_store:search:202 - FAISS Search: query='lysis cell
...', search_k=25, ntotal=19803
2026-04-16 19:17:37 | INFO     | faiss_store:search:230 - FAISS Search: Matches for book_id=None: 0
2026-04-16 19:17:37 | INFO     | live_articles:search_articles:244 - Article Search: 'lysis cell
' | Page: 1
2026-04-16 19:17:37 | INFO     | live_articles:search_articles:253 - Adding PubMed task for 'lysis cell
'
2026-04-16 19:17:37 | INFO     | live_articles:search_articles:256 - Adding arXiv task for 'lysis cell
'
2026-04-16 19:17:37 | INFO     | live_articles:search_articles:263 - Adding Wikipedia task for 'lysis cell
'
2026-04-16 19:17:37 | INFO     | live_articles:fetch_pubmed:106 - PubMed: Searching for 'lysis cell
' (retmax=10)
2026-04-16 19:17:37 | ERROR    | live_articles:fetch_arxiv:238 - arXiv API error: Invalid non-printable ASCII character in URL, '\n' at position 61.
2026-04-16 19:17:37 | ERROR    | live_articles:fetch_pubmed:187 - PubMed final error: InvalidURL: Invalid non-printable ASCII character in URL, '\n' at position 84.
2026-04-16 19:17:38 | INFO     | live_articles:search_articles:289 - Source 0 returned 0 articles (Total in source: 0)
2026-04-16 19:17:38 | INFO     | live_articles:search_articles:289 - Source 1 returned 0 articles (Total in source: 0)
2026-04-16 19:17:38 | INFO     | live_articles:search_articles:293 - Wikipedia returned 0 articles
2026-04-16 19:17:38 | INFO     | model_manager:generate:690 - ModelManager: Auto-classified as 'speed'
2026-04-16 19:17:38 | INFO     | model_manager:generate:714 - ModelManager: Trying Groq (Tier 1) [key …DURcU2]
2026-04-16 19:17:38 | INFO     | model_manager:generate:741 - ModelManager: ✅ Groq succeeded (123 chars)
2026-04-16 19:17:38 | INFO     | llm_engine:generate_llm_only:43 - LLM: Pure generation via Groq
2026-04-16 19:18:08 | INFO     | model_manager:generate:714 - ModelManager: Trying Qwen (OpenRouter) (Tier 3) [key …8fb9ad]
2026-04-16 19:18:33 | INFO     | model_manager:generate:741 - ModelManager: ✅ Qwen (OpenRouter) succeeded (5129 chars)
2026-04-16 19:18:33 | INFO     | llm_engine:generate_questions:252 - LLM: Question generation via Qwen (OpenRouter)
2026-04-16 19:18:54 | INFO     | model_manager:generate:714 - ModelManager: Trying Groq (Tier 1) [key …l8NUH9]
2026-04-16 19:18:55 | INFO     | model_manager:generate:741 - ModelManager: ✅ Groq succeeded (821 chars)
2026-04-16 19:18:55 | INFO     | llm_engine:evaluate_theory_answer_detailed:346 - LLM: Detailed evaluation via Groq
2026-04-16 19:18:55 | INFO     | model_manager:generate:714 - ModelManager: Trying Groq (Tier 1) [key …1ls9p2]
2026-04-16 19:18:56 | INFO     | model_manager:generate:741 - ModelManager: ✅ Groq succeeded (845 chars)
2026-04-16 19:18:56 | INFO     | llm_engine:evaluate_theory_answer:287 - LLM: Evaluation via Groq
2026-04-16 19:28:46 | INFO     | live_articles:fetch_trending:320 - Fetching trending for topics: ['neuroscience consciousness', 'mRNA vaccine', 'quantum computing']
2026-04-16 19:28:46 | INFO     | live_articles:fetch_trending:324 - Trending: Starting parallel fetch for topics...
2026-04-16 19:28:46 | INFO     | live_articles:fetch_pubmed:106 - PubMed: Searching for 'neuroscience consciousness' (retmax=10)
2026-04-16 19:28:46 | INFO     | live_articles:fetch_pubmed:106 - PubMed: Searching for 'mRNA vaccine' (retmax=10)
2026-04-16 19:28:46 | INFO     | live_articles:fetch_pubmed:106 - PubMed: Searching for 'quantum computing' (retmax=10)
2026-04-16 19:28:47 | INFO     | live_articles:fetch_pubmed:124 - PubMed search returned 10 IDs (Total: 21311)
2026-04-16 19:28:47 | INFO     | live_articles:fetch_pubmed:124 - PubMed search returned 10 IDs (Total: 6713)
2026-04-16 19:28:47 | INFO     | live_articles:fetch_pubmed:124 - PubMed search returned 10 IDs (Total: 51279)
2026-04-16 19:28:48 | WARNING  | live_articles:fetch_pubmed:136 - PubMed efetch hit 429 Rate Limit. Retrying after 2s...
2026-04-16 19:28:48 | WARNING  | live_articles:fetch_pubmed:136 - PubMed efetch hit 429 Rate Limit. Retrying after 2s...
2026-04-16 19:28:49 | INFO     | live_articles:fetch_pubmed:180 - PubMed: Successfully parsed 10 articles.
2026-04-16 19:28:51 | INFO     | live_articles:fetch_pubmed:180 - PubMed: Successfully parsed 10 articles.
2026-04-16 19:28:51 | INFO     | live_articles:fetch_pubmed:180 - PubMed: Successfully parsed 10 articles.
2026-04-16 19:28:51 | INFO     | live_articles:fetch_trending:340 - Trending: Total fetched 45 articles.
2026-04-17 12:32:12 | INFO     | model_manager:_setup_providers:435 - ModelManager: Configured providers: Groq (5 keys), Gemini Flash (5 keys), Gemini Pro (5 keys), Qwen (OpenRouter) (10 keys), OpenRouter Hub (10 keys), Mistral (1 keys), Together AI (1 keys), NVIDIA NIM (1 keys), Cohere (1 keys), Cerebras (1 keys), Hugging Face (1 keys)
2026-04-17 12:32:13 | INFO     | __main__:startup_event:38 - SciAI PRODUCTION ENGINE STARTING...
2026-04-17 12:32:13 | INFO     | __main__:startup_event:41 - ModelManager: 11 providers configured
2026-04-17 12:32:26 | INFO     | live_articles:fetch_trending:320 - Fetching trending for topics: ['climate change mitigation', 'artificial intelligence drug discovery', 'quantum computing']
2026-04-17 12:32:26 | INFO     | live_articles:fetch_trending:324 - Trending: Starting parallel fetch for topics...
2026-04-17 12:32:26 | INFO     | live_articles:fetch_pubmed:106 - PubMed: Searching for 'climate change mitigation' (retmax=10)
2026-04-17 12:32:26 | INFO     | live_articles:fetch_pubmed:106 - PubMed: Searching for 'artificial intelligence drug discovery' (retmax=10)
2026-04-17 12:32:26 | INFO     | live_articles:fetch_pubmed:106 - PubMed: Searching for 'quantum computing' (retmax=10)
2026-04-17 12:32:28 | INFO     | live_articles:fetch_pubmed:124 - PubMed search returned 10 IDs (Total: 16008)
2026-04-17 12:32:28 | INFO     | live_articles:fetch_pubmed:124 - PubMed search returned 10 IDs (Total: 9720)
2026-04-17 12:32:28 | INFO     | live_articles:fetch_pubmed:124 - PubMed search returned 10 IDs (Total: 51289)
2026-04-17 12:32:28 | WARNING  | live_articles:fetch_pubmed:136 - PubMed efetch hit 429 Rate Limit. Retrying after 2s...
2026-04-17 12:32:28 | WARNING  | live_articles:fetch_pubmed:136 - PubMed efetch hit 429 Rate Limit. Retrying after 2s...
2026-04-17 12:32:28 | WARNING  | live_articles:fetch_pubmed:136 - PubMed efetch hit 429 Rate Limit. Retrying after 2s...
2026-04-17 12:32:30 | INFO     | live_articles:fetch_trending:320 - Fetching trending for topics: ['climate change mitigation', 'stem cell therapy', 'dark matter detection']
2026-04-17 12:32:30 | INFO     | live_articles:fetch_trending:324 - Trending: Starting parallel fetch for topics...
2026-04-17 12:32:30 | INFO     | live_articles:fetch_pubmed:106 - PubMed: Searching for 'climate change mitigation' (retmax=10)
2026-04-17 12:32:30 | INFO     | live_articles:fetch_pubmed:106 - PubMed: Searching for 'stem cell therapy' (retmax=10)
2026-04-17 12:32:30 | INFO     | live_articles:fetch_pubmed:106 - PubMed: Searching for 'dark matter detection' (retmax=10)
2026-04-17 12:32:31 | INFO     | live_articles:fetch_pubmed:124 - PubMed search returned 10 IDs (Total: 198137)
2026-04-17 12:32:31 | INFO     | live_articles:fetch_pubmed:124 - PubMed search returned 10 IDs (Total: 1043)
2026-04-17 12:32:31 | INFO     | live_articles:fetch_pubmed:180 - PubMed: Successfully parsed 10 articles.
2026-04-17 12:32:31 | WARNING  | live_articles:fetch_pubmed:112 - PubMed search hit 429 Rate Limit. Retrying after 1.5s...
2026-04-17 12:32:31 | WARNING  | live_articles:fetch_pubmed:136 - PubMed efetch hit 429 Rate Limit. Retrying after 2s...
2026-04-17 12:32:31 | ERROR    | live_articles:fetch_pubmed:185 - PubMed efetch failed with status 429
2026-04-17 12:32:31 | ERROR    | live_articles:fetch_pubmed:185 - PubMed efetch failed with status 429
2026-04-17 12:32:32 | WARNING  | live_articles:fetch_pubmed:136 - PubMed efetch hit 429 Rate Limit. Retrying after 2s...
2026-04-17 12:32:32 | INFO     | live_articles:fetch_trending:340 - Trending: Total fetched 25 articles.
2026-04-17 12:32:33 | INFO     | live_articles:fetch_pubmed:124 - PubMed search returned 10 IDs (Total: 16008)
2026-04-17 12:32:34 | WARNING  | live_articles:fetch_pubmed:136 - PubMed efetch hit 429 Rate Limit. Retrying after 2s...
2026-04-17 12:32:35 | INFO     | live_articles:fetch_pubmed:180 - PubMed: Successfully parsed 10 articles.
2026-04-17 12:32:35 | INFO     | live_articles:fetch_pubmed:180 - PubMed: Successfully parsed 10 articles.
2026-04-17 12:32:37 | INFO     | live_articles:fetch_pubmed:180 - PubMed: Successfully parsed 10 articles.
2026-04-17 12:32:37 | INFO     | live_articles:fetch_trending:340 - Trending: Total fetched 45 articles.
2026-04-17 12:33:14 | INFO     | __main__:ask_question:99 - Question: This image is a piece of high-quality digital illustration featuring a female character with long pink hair, dressed in an intricate dark futuristic or fantasy-style outfit. She is posed dynamically in a space-like setting, surrounded by swirling light energy, celestial bodies, and complex mechanical apparatuses resembling an orrery or astronomical instrument. The upper right corner includes the logo for the mobile game Punishing: Gray Raven.

There is no scientific question present in this image. | Hybrid: True | Book: None
2026-04-17 12:33:14 | INFO     | faiss_store:load:73 - FAISS: Loaded 19803 vectors of type IndexIDMap2.
2026-04-17 12:33:14 | INFO     | faiss_store:get_model:15 - Loading embedding model...
2026-04-17 12:33:19 | INFO     | faiss_store:search:202 - FAISS Search: query='This image is a piece of high-...', search_k=25, ntotal=19803
2026-04-17 12:33:19 | INFO     | faiss_store:search:230 - FAISS Search: Matches for book_id=None: 0
2026-04-17 12:33:19 | INFO     | live_articles:search_articles:244 - Article Search: 'This image is a piece of high-quality digital illustration featuring a female character with long pink hair, dressed in an intricate dark futuristic or fantasy-style outfit. She is posed dynamically in a space-like setting, surrounded by swirling light energy, celestial bodies, and complex mechanical apparatuses resembling an orrery or astronomical instrument. The upper right corner includes the logo for the mobile game Punishing: Gray Raven.

There is no scientific question present in this image.' | Page: 1
2026-04-17 12:33:19 | INFO     | live_articles:search_articles:253 - Adding PubMed task for 'This image is a piece of high-quality digital illustration featuring a female character with long pink hair, dressed in an intricate dark futuristic or fantasy-style outfit. She is posed dynamically in a space-like setting, surrounded by swirling light energy, celestial bodies, and complex mechanical apparatuses resembling an orrery or astronomical instrument. The upper right corner includes the logo for the mobile game Punishing: Gray Raven.

There is no scientific question present in this image.'
2026-04-17 12:33:19 | INFO     | live_articles:search_articles:256 - Adding arXiv task for 'This image is a piece of high-quality digital illustration featuring a female character with long pink hair, dressed in an intricate dark futuristic or fantasy-style outfit. She is posed dynamically in a space-like setting, surrounded by swirling light energy, celestial bodies, and complex mechanical apparatuses resembling an orrery or astronomical instrument. The upper right corner includes the logo for the mobile game Punishing: Gray Raven.

There is no scientific question present in this image.'
2026-04-17 12:33:19 | INFO     | live_articles:search_articles:263 - Adding Wikipedia task for 'This image is a piece of high-quality digital illustration featuring a female character with long pink hair, dressed in an intricate dark futuristic or fantasy-style outfit. She is posed dynamically in a space-like setting, surrounded by swirling light energy, celestial bodies, and complex mechanical apparatuses resembling an orrery or astronomical instrument. The upper right corner includes the logo for the mobile game Punishing: Gray Raven.

There is no scientific question present in this image.'
2026-04-17 12:33:19 | INFO     | live_articles:fetch_pubmed:106 - PubMed: Searching for 'This image is a piece of high-quality digital illustration featuring a female character with long pink hair, dressed in an intricate dark futuristic or fantasy-style outfit. She is posed dynamically in a space-like setting, surrounded by swirling light energy, celestial bodies, and complex mechanical apparatuses resembling an orrery or astronomical instrument. The upper right corner includes the logo for the mobile game Punishing: Gray Raven.

There is no scientific question present in this image.' (retmax=10)
2026-04-17 12:33:19 | ERROR    | live_articles:fetch_arxiv:238 - arXiv API error: Invalid non-printable ASCII character in URL, '\n' at position 497.
2026-04-17 12:33:19 | ERROR    | live_articles:fetch_pubmed:187 - PubMed final error: InvalidURL: Invalid non-printable ASCII character in URL, '\n' at position 520.
2026-04-17 12:33:19 | INFO     | live_articles:search_articles:289 - Source 0 returned 0 articles (Total in source: 0)
2026-04-17 12:33:19 | INFO     | live_articles:search_articles:289 - Source 1 returned 0 articles (Total in source: 0)
2026-04-17 12:33:19 | INFO     | live_articles:search_articles:293 - Wikipedia returned 0 articles
2026-04-17 12:33:19 | INFO     | model_manager:generate:690 - ModelManager: Auto-classified as 'scale'
2026-04-17 12:33:19 | INFO     | model_manager:generate:714 - ModelManager: Trying Gemini Flash (Tier 2) [key …rBrkTk]
2026-04-17 12:33:22 | INFO     | model_manager:generate:741 - ModelManager: ✅ Gemini Flash succeeded (164 chars)
2026-04-17 12:33:22 | INFO     | llm_engine:generate_llm_only:43 - LLM: Pure generation via Gemini Flash
2026-04-17 12:34:17 | INFO     | __main__:ask_question:99 - Question: MORTALITY PROTEINS | Hybrid: True | Book: None
2026-04-17 12:34:17 | INFO     | faiss_store:search:202 - FAISS Search: query='MORTALITY PROTEINS...', search_k=25, ntotal=19803
2026-04-17 12:34:17 | INFO     | faiss_store:search:230 - FAISS Search: Matches for book_id=None: 0
2026-04-17 12:34:17 | INFO     | live_articles:search_articles:244 - Article Search: 'MORTALITY PROTEINS' | Page: 1
2026-04-17 12:34:17 | INFO     | live_articles:search_articles:253 - Adding PubMed task for 'MORTALITY PROTEINS'
2026-04-17 12:34:17 | INFO     | live_articles:search_articles:256 - Adding arXiv task for 'MORTALITY PROTEINS'
2026-04-17 12:34:17 | INFO     | live_articles:search_articles:263 - Adding Wikipedia task for 'MORTALITY PROTEINS'
2026-04-17 12:34:17 | INFO     | live_articles:fetch_pubmed:106 - PubMed: Searching for 'MORTALITY PROTEINS' (retmax=10)
2026-04-17 12:34:19 | INFO     | live_articles:fetch_pubmed:124 - PubMed search returned 10 IDs (Total: 318091)
2026-04-17 12:34:20 | INFO     | live_articles:fetch_pubmed:180 - PubMed: Successfully parsed 10 articles.
2026-04-17 12:34:20 | INFO     | live_articles:search_articles:289 - Source 0 returned 10 articles (Total in source: 318091)
2026-04-17 12:34:20 | INFO     | live_articles:search_articles:289 - Source 1 returned 10 articles (Total in source: 16527)
2026-04-17 12:34:20 | INFO     | live_articles:search_articles:293 - Wikipedia returned 0 articles
2026-04-17 12:34:20 | INFO     | model_manager:generate:714 - ModelManager: Trying Gemini Flash (Tier 2) [key …nQKpEg]
2026-04-17 12:34:23 | ERROR    | model_manager:generate:754 - ModelManager: ❌ Gemini Flash error: Gemini Flash: HTTP 503 — {
  "error": {
    "code": 503,
    "message": "This model is currently experiencing high demand. Spikes in demand are usually temporary. Please try again later.",
    "status": "UNAVAILABLE"
  }
}

2026-04-17 12:34:23 | INFO     | model_manager:generate:714 - ModelManager: Trying Groq (Tier 1) [key …DURcU2]
2026-04-17 12:34:25 | INFO     | model_manager:generate:741 - ModelManager: ✅ Groq succeeded (2909 chars)
2026-04-17 12:34:25 | INFO     | llm_engine:generate_hybrid_answer:67 - LLM: Hybrid generation via Groq
2026-04-17 13:22:44 | INFO     | model_manager:_setup_providers:435 - ModelManager: Configured providers: Groq (5 keys), Gemini Flash (5 keys), Gemini Pro (5 keys), Qwen (OpenRouter) (10 keys), OpenRouter Hub (10 keys), Mistral (1 keys), Together AI (1 keys), NVIDIA NIM (1 keys), Cohere (1 keys), Cerebras (1 keys), Hugging Face (1 keys)
2026-04-17 13:22:45 | INFO     | __main__:startup_event:39 - SciAI PRODUCTION ENGINE STARTING...
2026-04-17 13:22:45 | INFO     | __main__:startup_event:42 - ModelManager: 11 providers configured
2026-04-17 13:24:30 | INFO     | model_manager:generate:714 - ModelManager: Trying Groq (Tier 1) [key …DURcU2]
2026-04-17 13:24:31 | INFO     | model_manager:generate:741 - ModelManager: ✅ Groq succeeded (153 chars)
2026-04-17 13:24:31 | INFO     | controller_prompt:classify:153 - Controller: Routing via Groq
2026-04-17 13:24:31 | INFO     | model_manager:generate:714 - ModelManager: Trying Groq (Tier 1) [key …l8NUH9]
2026-04-17 13:24:32 | INFO     | model_manager:generate:741 - ModelManager: ✅ Groq succeeded (145 chars)
2026-04-17 13:24:32 | INFO     | controller_prompt:classify:153 - Controller: Routing via Groq
2026-04-17 13:24:33 | INFO     | model_manager:generate:714 - ModelManager: Trying Groq (Tier 1) [key …1ls9p2]
2026-04-17 13:24:33 | INFO     | model_manager:generate:741 - ModelManager: ✅ Groq succeeded (134 chars)
2026-04-17 13:24:33 | INFO     | controller_prompt:classify:153 - Controller: Routing via Groq
2026-04-17 13:24:57 | INFO     | __main__:ask_question:118 - Question: CELL CYCLE | Hybrid: True | Book: None
2026-04-17 13:24:57 | INFO     | faiss_store:load:73 - FAISS: Loaded 19803 vectors of type IndexIDMap2.
2026-04-17 13:24:57 | INFO     | faiss_store:get_model:15 - Loading embedding model...
2026-04-17 13:25:03 | INFO     | faiss_store:search:202 - FAISS Search: query='CELL CYCLE...', search_k=25, ntotal=19803
2026-04-17 13:25:03 | INFO     | faiss_store:search:230 - FAISS Search: Matches for book_id=None: 0
2026-04-17 13:25:03 | INFO     | live_articles:search_articles:244 - Article Search: 'CELL CYCLE' | Page: 1
2026-04-17 13:25:04 | INFO     | live_articles:search_articles:253 - Adding PubMed task for 'CELL CYCLE'
2026-04-17 13:25:04 | INFO     | live_articles:search_articles:256 - Adding arXiv task for 'CELL CYCLE'
2026-04-17 13:25:04 | INFO     | live_articles:search_articles:263 - Adding Wikipedia task for 'CELL CYCLE'
2026-04-17 13:25:04 | INFO     | live_articles:fetch_pubmed:106 - PubMed: Searching for 'CELL CYCLE' (retmax=10)
2026-04-17 13:25:05 | INFO     | live_articles:fetch_pubmed:124 - PubMed search returned 10 IDs (Total: 601838)
2026-04-17 13:25:07 | INFO     | live_articles:fetch_pubmed:180 - PubMed: Successfully parsed 10 articles.
2026-04-17 13:25:07 | INFO     | live_articles:search_articles:289 - Source 0 returned 10 articles (Total in source: 601838)
2026-04-17 13:25:07 | INFO     | live_articles:search_articles:289 - Source 1 returned 10 articles (Total in source: 95887)
2026-04-17 13:25:07 | INFO     | live_articles:search_articles:293 - Wikipedia returned 0 articles
2026-04-17 13:25:07 | INFO     | model_manager:generate:714 - ModelManager: Trying Gemini Flash (Tier 2) [key …rBrkTk]
2026-04-17 13:25:10 | ERROR    | model_manager:generate:754 - ModelManager: ❌ Gemini Flash error: Gemini Flash: HTTP 503 — {
  "error": {
    "code": 503,
    "message": "This model is currently experiencing high demand. Spikes in demand are usually temporary. Please try again later.",
    "status": "UNAVAILABLE"
  }
}

2026-04-17 13:25:10 | INFO     | model_manager:generate:714 - ModelManager: Trying Groq (Tier 1) [key …9pzhKT]
2026-04-17 13:25:12 | INFO     | model_manager:generate:741 - ModelManager: ✅ Groq succeeded (2411 chars)
2026-04-17 13:25:12 | INFO     | llm_engine:generate_hybrid_answer:67 - LLM: Hybrid generation via Groq
2026-04-17 13:48:23 | INFO     | model_manager:_setup_providers:435 - ModelManager: Configured providers: Groq (5 keys), Gemini Flash (5 keys), Gemini Pro (5 keys), Qwen (OpenRouter) (10 keys), OpenRouter Hub (10 keys), Mistral (1 keys), Together AI (1 keys), NVIDIA NIM (1 keys), Cohere (1 keys), Cerebras (1 keys), Hugging Face (1 keys)
2026-04-17 13:48:23 | INFO     | __main__:startup_event:40 - SciAI PRODUCTION ENGINE STARTING...
2026-04-17 13:48:23 | INFO     | __main__:startup_event:43 - ModelManager: 11 providers configured
2026-04-17 14:03:09 | INFO     | model_manager:_setup_providers:435 - ModelManager: Configured providers: Groq (5 keys), Gemini Flash (5 keys), Gemini Pro (5 keys), Qwen (OpenRouter) (10 keys), OpenRouter Hub (10 keys), Mistral (1 keys), Together AI (1 keys), NVIDIA NIM (1 keys), Cohere (1 keys), Cerebras (1 keys), Hugging Face (1 keys)
2026-04-17 14:03:09 | INFO     | __main__:startup_event:40 - SciAI PRODUCTION ENGINE STARTING...
2026-04-17 14:03:09 | INFO     | __main__:startup_event:43 - ModelManager: 11 providers configured
2026-04-17 14:04:42 | INFO     | model_manager:_setup_providers:435 - ModelManager: Configured providers: Groq (5 keys), Gemini Flash (5 keys), Gemini Pro (5 keys), Qwen (OpenRouter) (10 keys), OpenRouter Hub (10 keys), Mistral (1 keys), Together AI (1 keys), NVIDIA NIM (1 keys), Cohere (1 keys), Cerebras (1 keys), Hugging Face (1 keys)
2026-04-17 14:04:43 | INFO     | __main__:startup_event:40 - SciAI PRODUCTION ENGINE STARTING...
2026-04-17 14:04:43 | INFO     | __main__:startup_event:43 - ModelManager: 11 providers configured
2026-04-17 14:04:53 | INFO     | model_manager:generate:714 - ModelManager: Trying Groq (Tier 1) [key …DURcU2]
2026-04-17 14:04:55 | INFO     | model_manager:generate:741 - ModelManager: ✅ Groq succeeded (138 chars)
2026-04-17 14:05:25 | INFO     | model_manager:generate:714 - ModelManager: Trying Groq (Tier 1) [key …l8NUH9]
2026-04-17 14:05:25 | INFO     | model_manager:generate:741 - ModelManager: ✅ Groq succeeded (583 chars)
2026-04-17 14:06:24 | INFO     | model_manager:generate:714 - ModelManager: Trying Groq (Tier 1) [key …1ls9p2]
2026-04-17 14:06:24 | INFO     | model_manager:generate:741 - ModelManager: ✅ Groq succeeded (217 chars)
2026-04-17 14:07:13 | INFO     | model_manager:generate:714 - ModelManager: Trying Groq (Tier 1) [key …9pzhKT]
2026-04-17 14:07:13 | INFO     | model_manager:generate:741 - ModelManager: ✅ Groq succeeded (558 chars)
2026-04-17 14:17:50 | INFO     | model_manager:_setup_providers:435 - ModelManager: Configured providers: Groq (5 keys), Gemini Flash (5 keys), Gemini Pro (5 keys), Qwen (OpenRouter) (10 keys), OpenRouter Hub (10 keys), Mistral (1 keys), Together AI (1 keys), NVIDIA NIM (1 keys), Cohere (1 keys), Cerebras (1 keys), Hugging Face (1 keys)
2026-04-17 14:17:51 | INFO     | __main__:startup_event:40 - SciAI PRODUCTION ENGINE STARTING...
2026-04-17 14:17:51 | INFO     | __main__:startup_event:43 - ModelManager: 11 providers configured
2026-04-17 14:18:21 | INFO     | model_manager:generate:714 - ModelManager: Trying Groq (Tier 1) [key …DURcU2]
2026-04-17 14:18:23 | INFO     | model_manager:generate:741 - ModelManager: ✅ Groq succeeded (337 chars)
2026-04-17 14:19:16 | INFO     | model_manager:_setup_providers:435 - ModelManager: Configured providers: Groq (5 keys), Gemini Flash (5 keys), Gemini Pro (5 keys), Qwen (OpenRouter) (10 keys), OpenRouter Hub (10 keys), Mistral (1 keys), Together AI (1 keys), NVIDIA NIM (1 keys), Cohere (1 keys), Cerebras (1 keys), Hugging Face (1 keys)
2026-04-17 14:19:16 | INFO     | __main__:startup_event:40 - SciAI PRODUCTION ENGINE STARTING...
2026-04-17 14:19:16 | INFO     | __main__:startup_event:43 - ModelManager: 11 providers configured
2026-04-17 14:19:29 | INFO     | model_manager:generate:714 - ModelManager: Trying Groq (Tier 1) [key …DURcU2]
2026-04-17 14:19:30 | INFO     | model_manager:generate:741 - ModelManager: ✅ Groq succeeded (53 chars)
2026-04-17 14:19:38 | INFO     | model_manager:generate:714 - ModelManager: Trying Groq (Tier 1) [key …l8NUH9]
2026-04-17 14:19:39 | INFO     | model_manager:generate:741 - ModelManager: ✅ Groq succeeded (457 chars)
2026-04-17 14:20:41 | INFO     | model_manager:generate:714 - ModelManager: Trying Groq (Tier 1) [key …1ls9p2]
2026-04-17 14:20:43 | INFO     | model_manager:generate:741 - ModelManager: ✅ Groq succeeded (1491 chars)
2026-04-17 14:37:43 | INFO     | model_manager:generate:714 - ModelManager: Trying Groq (Tier 1) [key …9pzhKT]
2026-04-17 14:37:45 | INFO     | model_manager:generate:741 - ModelManager: ✅ Groq succeeded (2303 chars)
2026-04-17 14:38:05 | INFO     | model_manager:_setup_providers:435 - ModelManager: Configured providers: Groq (5 keys), Gemini Flash (5 keys), Gemini Pro (5 keys), Qwen (OpenRouter) (10 keys), OpenRouter Hub (10 keys), Mistral (1 keys), Together AI (1 keys), NVIDIA NIM (1 keys), Cohere (1 keys), Cerebras (1 keys), Hugging Face (1 keys)
2026-04-17 14:38:06 | INFO     | __main__:startup_event:40 - SciAI PRODUCTION ENGINE STARTING...
2026-04-17 14:38:06 | INFO     | __main__:startup_event:43 - ModelManager: 11 providers configured
2026-04-17 14:38:34 | INFO     | model_manager:generate:714 - ModelManager: Trying Groq (Tier 1) [key …DURcU2]
2026-04-17 14:38:35 | INFO     | model_manager:generate:741 - ModelManager: ✅ Groq succeeded (619 chars)
2026-04-17 14:39:21 | INFO     | model_manager:generate:714 - ModelManager: Trying Groq (Tier 1) [key …l8NUH9]
2026-04-17 14:39:21 | INFO     | model_manager:generate:741 - ModelManager: ✅ Groq succeeded (647 chars)
2026-04-17 14:40:00 | INFO     | model_manager:_setup_providers:435 - ModelManager: Configured providers: Groq (5 keys), Gemini Flash (5 keys), Gemini Pro (5 keys), Qwen (OpenRouter) (10 keys), OpenRouter Hub (10 keys), Mistral (1 keys), Together AI (1 keys), NVIDIA NIM (1 keys), Cohere (1 keys), Cerebras (1 keys), Hugging Face (1 keys)
2026-04-17 14:40:00 | INFO     | __main__:startup_event:40 - SciAI PRODUCTION ENGINE STARTING...
2026-04-17 14:40:00 | INFO     | __main__:startup_event:43 - ModelManager: 11 providers configured
2026-04-17 14:40:09 | INFO     | model_manager:generate:714 - ModelManager: Trying Groq (Tier 1) [key …DURcU2]
2026-04-17 14:40:11 | INFO     | model_manager:generate:741 - ModelManager: ✅ Groq succeeded (365 chars)
2026-04-17 14:45:14 | INFO     | model_manager:generate:714 - ModelManager: Trying Groq (Tier 1) [key …l8NUH9]
2026-04-17 14:45:15 | INFO     | model_manager:generate:741 - ModelManager: ✅ Groq succeeded (50 chars)
2026-04-17 14:45:37 | INFO     | model_manager:generate:714 - ModelManager: Trying Groq (Tier 1) [key …1ls9p2]
2026-04-17 14:45:38 | INFO     | model_manager:generate:741 - ModelManager: ✅ Groq succeeded (50 chars)
2026-04-17 14:45:52 | INFO     | model_manager:generate:714 - ModelManager: Trying Groq (Tier 1) [key …9pzhKT]
2026-04-17 14:45:52 | INFO     | model_manager:generate:741 - ModelManager: ✅ Groq succeeded (494 chars)
2026-04-17 14:47:22 | INFO     | model_manager:_setup_providers:435 - ModelManager: Configured providers: Groq (5 keys), Gemini Flash (5 keys), Gemini Pro (5 keys), Qwen (OpenRouter) (10 keys), OpenRouter Hub (10 keys), Mistral (1 keys), Together AI (1 keys), NVIDIA NIM (1 keys), Cohere (1 keys), Cerebras (1 keys), Hugging Face (1 keys)
2026-04-17 14:47:22 | INFO     | __main__:startup_event:40 - SciAI PRODUCTION ENGINE STARTING...
2026-04-17 14:47:22 | INFO     | __main__:startup_event:43 - ModelManager: 11 providers configured
2026-04-17 14:47:26 | INFO     | model_manager:generate:714 - ModelManager: Trying Groq (Tier 1) [key …DURcU2]
2026-04-17 14:47:27 | INFO     | model_manager:generate:741 - ModelManager: ✅ Groq succeeded (2 chars)
2026-04-17 14:47:35 | INFO     | model_manager:generate:714 - ModelManager: Trying Groq (Tier 1) [key …l8NUH9]
2026-04-17 14:47:35 | INFO     | model_manager:generate:741 - ModelManager: ✅ Groq succeeded (2 chars)
2026-04-17 14:47:49 | INFO     | model_manager:generate:714 - ModelManager: Trying Groq (Tier 1) [key …1ls9p2]
2026-04-17 14:47:49 | INFO     | model_manager:generate:741 - ModelManager: ✅ Groq succeeded (953 chars)
2026-04-17 14:50:28 | INFO     | live_articles:fetch_trending:320 - Fetching trending for topics: ['artificial intelligence drug discovery', 'dark matter detection', 'quantum computing']
2026-04-17 14:50:29 | INFO     | live_articles:fetch_trending:324 - Trending: Starting parallel fetch for topics...
2026-04-17 14:50:29 | INFO     | live_articles:fetch_pubmed:106 - PubMed: Searching for 'artificial intelligence drug discovery' (retmax=10)
2026-04-17 14:50:29 | INFO     | live_articles:fetch_pubmed:106 - PubMed: Searching for 'dark matter detection' (retmax=10)
2026-04-17 14:50:29 | INFO     | live_articles:fetch_pubmed:106 - PubMed: Searching for 'quantum computing' (retmax=10)
2026-04-17 14:50:30 | INFO     | live_articles:fetch_pubmed:124 - PubMed search returned 10 IDs (Total: 51289)
2026-04-17 14:50:30 | INFO     | live_articles:fetch_pubmed:124 - PubMed search returned 10 IDs (Total: 1043)
2026-04-17 14:50:30 | INFO     | live_articles:fetch_pubmed:124 - PubMed search returned 10 IDs (Total: 9720)
2026-04-17 14:50:31 | WARNING  | live_articles:fetch_pubmed:136 - PubMed efetch hit 429 Rate Limit. Retrying after 2s...
2026-04-17 14:50:31 | WARNING  | live_articles:fetch_pubmed:136 - PubMed efetch hit 429 Rate Limit. Retrying after 2s...
2026-04-17 14:50:32 | INFO     | live_articles:fetch_pubmed:180 - PubMed: Successfully parsed 10 articles.
2026-04-17 14:50:34 | INFO     | live_articles:fetch_pubmed:180 - PubMed: Successfully parsed 10 articles.
2026-04-17 14:50:34 | INFO     | live_articles:fetch_pubmed:180 - PubMed: Successfully parsed 10 articles.
2026-04-17 14:50:34 | INFO     | live_articles:fetch_trending:340 - Trending: Total fetched 45 articles.
2026-04-17 14:50:46 | INFO     | __main__:ask_question:131 - Question: Extract 4 brief key bullet points for the article titled 'Reasoning with large language models in medicine: a systematic review of techniques, challenges and clinical integration.'. | Hybrid: False | Book: None
2026-04-17 14:50:46 | INFO     | model_manager:generate:690 - ModelManager: Auto-classified as 'speed'
2026-04-17 14:50:46 | INFO     | model_manager:generate:714 - ModelManager: Trying Groq (Tier 1) [key …9pzhKT]
2026-04-17 14:50:46 | INFO     | model_manager:generate:741 - ModelManager: ✅ Groq succeeded (575 chars)
2026-04-17 14:50:46 | INFO     | llm_engine:generate_llm_only:43 - LLM: Pure generation via Groq
2026-04-17 14:52:36 | INFO     | model_manager:generate:714 - ModelManager: Trying Groq (Tier 1) [key …Q27Y0X]
2026-04-17 14:52:36 | INFO     | model_manager:generate:741 - ModelManager: ✅ Groq succeeded (489 chars)
2026-04-17 14:55:21 | INFO     | model_manager:generate:714 - ModelManager: Trying Groq (Tier 1) [key …DURcU2]
2026-04-17 14:55:22 | INFO     | model_manager:generate:741 - ModelManager: ✅ Groq succeeded (2 chars)
2026-04-17 14:55:30 | INFO     | model_manager:generate:714 - ModelManager: Trying Groq (Tier 1) [key …l8NUH9]
2026-04-17 14:55:31 | INFO     | model_manager:generate:741 - ModelManager: ✅ Groq succeeded (390 chars)
2026-04-17 14:57:32 | INFO     | __main__:ask_question:131 - Question: summary | Hybrid: True | Book: edb4c32b-0f48-4640-81db-ab7deb671fb8
2026-04-17 14:57:32 | INFO     | faiss_store:load:73 - FAISS: Loaded 19803 vectors of type IndexIDMap2.
2026-04-17 14:57:32 | INFO     | faiss_store:get_model:15 - Loading embedding model...
2026-04-17 14:57:37 | INFO     | faiss_store:search:202 - FAISS Search: query='summary...', search_k=19803, ntotal=19803
2026-04-17 14:57:38 | INFO     | faiss_store:search:230 - FAISS Search: Matches for book_id=edb4c32b-0f48-4640-81db-ab7deb671fb8: 405
2026-04-17 14:57:38 | INFO     | model_manager:generate:714 - ModelManager: Trying Qwen (OpenRouter) (Tier 3) [key …8fb9ad]
2026-04-17 14:57:59 | INFO     | model_manager:generate:741 - ModelManager: ✅ Qwen (OpenRouter) succeeded (4333 chars)
2026-04-17 14:57:59 | INFO     | llm_engine:generate_book_answer:92 - LLM: Book generation via Qwen (OpenRouter)
2026-04-17 14:59:01 | INFO     | __main__:ask_question:131 - Question: about this pdf | Hybrid: True | Book: edb4c32b-0f48-4640-81db-ab7deb671fb8
2026-04-17 14:59:01 | INFO     | faiss_store:search:202 - FAISS Search: query='about this pdf...', search_k=19803, ntotal=19803
2026-04-17 14:59:01 | INFO     | faiss_store:search:230 - FAISS Search: Matches for book_id=edb4c32b-0f48-4640-81db-ab7deb671fb8: 405
2026-04-17 14:59:01 | INFO     | model_manager:generate:714 - ModelManager: Trying Qwen (OpenRouter) (Tier 3) [key …cb12eb]
2026-04-17 14:59:20 | INFO     | model_manager:generate:741 - ModelManager: ✅ Qwen (OpenRouter) succeeded (4079 chars)
2026-04-17 14:59:20 | INFO     | llm_engine:generate_book_answer:92 - LLM: Book generation via Qwen (OpenRouter)
2026-04-17 15:00:04 | INFO     | model_manager:_setup_providers:435 - ModelManager: Configured providers: Groq (5 keys), Gemini Flash (5 keys), Gemini Pro (5 keys), Qwen (OpenRouter) (10 keys), OpenRouter Hub (10 keys), Mistral (1 keys), Together AI (1 keys), NVIDIA NIM (1 keys), Cohere (1 keys), Cerebras (1 keys), Hugging Face (1 keys)
2026-04-17 15:00:04 | INFO     | __main__:startup_event:40 - SciAI PRODUCTION ENGINE STARTING...
2026-04-17 15:00:04 | INFO     | __main__:startup_event:43 - ModelManager: 11 providers configured
2026-04-17 15:00:15 | INFO     | model_manager:generate:714 - ModelManager: Trying Groq (Tier 1) [key …DURcU2]
2026-04-17 15:00:16 | INFO     | model_manager:generate:741 - ModelManager: ✅ Groq succeeded (2 chars)
2026-04-17 15:06:45 | INFO     | model_manager:generate:714 - ModelManager: Trying Groq (Tier 1) [key …l8NUH9]
2026-04-17 15:06:46 | INFO     | model_manager:generate:741 - ModelManager: ✅ Groq succeeded (21 chars)
2026-04-17 15:07:11 | INFO     | model_manager:generate:714 - ModelManager: Trying Groq (Tier 1) [key …1ls9p2]
2026-04-17 15:07:12 | INFO     | model_manager:generate:741 - ModelManager: ✅ Groq succeeded (430 chars)
2026-04-17 15:07:40 | INFO     | model_manager:_setup_providers:435 - ModelManager: Configured providers: Groq (5 keys), Gemini Flash (5 keys), Gemini Pro (5 keys), Qwen (OpenRouter) (10 keys), OpenRouter Hub (10 keys), Mistral (1 keys), Together AI (1 keys), NVIDIA NIM (1 keys), Cohere (1 keys), Cerebras (1 keys), Hugging Face (1 keys)
2026-04-17 15:07:41 | INFO     | __main__:startup_event:40 - SciAI PRODUCTION ENGINE STARTING...
2026-04-17 15:07:41 | INFO     | __main__:startup_event:43 - ModelManager: 11 providers configured
2026-04-17 15:08:02 | INFO     | model_manager:generate:714 - ModelManager: Trying Groq (Tier 1) [key …DURcU2]
2026-04-17 15:08:03 | INFO     | model_manager:generate:741 - ModelManager: ✅ Groq succeeded (155 chars)
2026-04-17 15:08:18 | INFO     | model_manager:generate:714 - ModelManager: Trying Groq (Tier 1) [key …l8NUH9]
2026-04-17 15:08:19 | INFO     | model_manager:generate:741 - ModelManager: ✅ Groq succeeded (234 chars)
2026-04-17 15:08:45 | INFO     | model_manager:generate:714 - ModelManager: Trying Groq (Tier 1) [key …1ls9p2]
2026-04-17 15:08:46 | INFO     | model_manager:generate:741 - ModelManager: ✅ Groq succeeded (133 chars)
2026-04-17 15:09:14 | INFO     | model_manager:generate:714 - ModelManager: Trying Groq (Tier 1) [key …9pzhKT]
2026-04-17 15:09:14 | INFO     | model_manager:generate:741 - ModelManager: ✅ Groq succeeded (245 chars)
2026-04-17 15:09:15 | INFO     | live_articles:fetch_trending:320 - Fetching trending for topics: ['nanomaterials', 'neuroscience consciousness', 'dark matter detection']
2026-04-17 15:09:15 | INFO     | live_articles:fetch_trending:324 - Trending: Starting parallel fetch for topics...
2026-04-17 15:09:15 | INFO     | live_articles:fetch_pubmed:106 - PubMed: Searching for 'nanomaterials' (retmax=10)
2026-04-17 15:09:15 | INFO     | live_articles:fetch_pubmed:106 - PubMed: Searching for 'neuroscience consciousness' (retmax=10)
2026-04-17 15:09:15 | INFO     | live_articles:search_articles:244 - Article Search: 'SCNT research' | Page: 1
2026-04-17 15:09:15 | INFO     | live_articles:search_articles:253 - Adding PubMed task for 'SCNT research'
2026-04-17 15:09:15 | INFO     | live_articles:search_articles:256 - Adding arXiv task for 'SCNT research'
2026-04-17 15:09:15 | INFO     | live_articles:search_articles:263 - Adding Wikipedia task for 'SCNT research'
2026-04-17 15:09:15 | INFO     | live_articles:fetch_pubmed:106 - PubMed: Searching for 'SCNT research' (retmax=10)
2026-04-17 15:09:17 | INFO     | live_articles:fetch_pubmed:124 - PubMed search returned 10 IDs (Total: 6714)
2026-04-17 15:09:17 | INFO     | live_articles:fetch_pubmed:124 - PubMed search returned 10 IDs (Total: 1512)
2026-04-17 15:09:17 | INFO     | live_articles:fetch_pubmed:124 - PubMed search returned 10 IDs (Total: 434414)
2026-04-17 15:09:17 | WARNING  | live_articles:fetch_pubmed:136 - PubMed efetch hit 429 Rate Limit. Retrying after 2s...
2026-04-17 15:09:18 | INFO     | live_articles:fetch_pubmed:180 - PubMed: Successfully parsed 10 articles.
2026-04-17 15:09:18 | INFO     | live_articles:search_articles:289 - Source 0 returned 10 articles (Total in source: 1512)
2026-04-17 15:09:18 | INFO     | live_articles:search_articles:289 - Source 1 returned 10 articles (Total in source: 199203)
2026-04-17 15:09:18 | INFO     | live_articles:search_articles:293 - Wikipedia returned 0 articles
2026-04-17 15:09:19 | INFO     | live_articles:fetch_pubmed:180 - PubMed: Successfully parsed 10 articles.
2026-04-17 15:09:20 | INFO     | live_articles:fetch_pubmed:180 - PubMed: Successfully parsed 10 articles.
2026-04-17 15:09:20 | INFO     | live_articles:fetch_trending:340 - Trending: Total fetched 45 articles.
2026-04-17 15:09:42 | INFO     | __main__:save_article:291 - DB: Saving article 2b3f946ebbca6d7ee406fd4d4170576d for user dc074a61-c488-4fca-afff-eaa39ed429a0
2026-04-17 15:09:42 | INFO     | __main__:save_article:303 - DB: Successfully saved article 2b3f946ebbca6d7ee406fd4d4170576d
2026-04-17 15:12:05 | INFO     | live_articles:search_articles:244 - Article Search: 'SCNT research' | Page: 1
2026-04-17 15:12:05 | INFO     | live_articles:search_articles:253 - Adding PubMed task for 'SCNT research'
2026-04-17 15:12:05 | INFO     | live_articles:search_articles:256 - Adding arXiv task for 'SCNT research'
2026-04-17 15:12:05 | INFO     | live_articles:search_articles:263 - Adding Wikipedia task for 'SCNT research'
2026-04-17 15:12:05 | INFO     | live_articles:fetch_pubmed:106 - PubMed: Searching for 'SCNT research' (retmax=10)
2026-04-17 15:12:06 | INFO     | live_articles:fetch_pubmed:124 - PubMed search returned 10 IDs (Total: 1512)
2026-04-17 15:12:08 | INFO     | live_articles:fetch_pubmed:180 - PubMed: Successfully parsed 10 articles.
2026-04-17 15:12:08 | INFO     | live_articles:search_articles:289 - Source 0 returned 10 articles (Total in source: 1512)
2026-04-17 15:12:08 | INFO     | live_articles:search_articles:289 - Source 1 returned 10 articles (Total in source: 199203)
2026-04-17 15:12:08 | INFO     | live_articles:search_articles:293 - Wikipedia returned 0 articles
2026-04-17 15:23:30 | INFO     | model_manager:generate:714 - ModelManager: Trying Groq (Tier 1) [key …Q27Y0X]
2026-04-17 15:23:31 | INFO     | model_manager:generate:741 - ModelManager: ✅ Groq succeeded (238 chars)
2026-04-17 15:28:52 | INFO     | model_manager:generate:714 - ModelManager: Trying Groq (Tier 1) [key …DURcU2]
2026-04-17 15:28:52 | INFO     | model_manager:generate:741 - ModelManager: ✅ Groq succeeded (159 chars)
2026-04-17 15:29:06 | INFO     | model_manager:generate:714 - ModelManager: Trying Groq (Tier 1) [key …l8NUH9]
2026-04-17 15:29:07 | INFO     | model_manager:generate:741 - ModelManager: ✅ Groq succeeded (245 chars)
2026-04-17 15:29:07 | INFO     | __main__:ask_question:131 - Question: CRISPR technology | Hybrid: True | Book: None
2026-04-17 15:29:07 | INFO     | faiss_store:load:73 - FAISS: Loaded 19803 vectors of type IndexIDMap2.
2026-04-17 15:29:07 | INFO     | faiss_store:get_model:15 - Loading embedding model...
2026-04-17 15:29:13 | INFO     | faiss_store:search:202 - FAISS Search: query='CRISPR technology...', search_k=25, ntotal=19803
2026-04-17 15:29:13 | INFO     | faiss_store:search:230 - FAISS Search: Matches for book_id=None: 0
2026-04-17 15:29:13 | INFO     | live_articles:search_articles:244 - Article Search: 'CRISPR technology' | Page: 1
2026-04-17 15:29:13 | INFO     | live_articles:search_articles:253 - Adding PubMed task for 'CRISPR technology'
2026-04-17 15:29:13 | INFO     | live_articles:search_articles:256 - Adding arXiv task for 'CRISPR technology'
2026-04-17 15:29:13 | INFO     | live_articles:search_articles:263 - Adding Wikipedia task for 'CRISPR technology'
2026-04-17 15:29:13 | INFO     | live_articles:fetch_pubmed:106 - PubMed: Searching for 'CRISPR technology' (retmax=10)
2026-04-17 15:29:15 | INFO     | live_articles:fetch_pubmed:124 - PubMed search returned 10 IDs (Total: 25308)
2026-04-17 15:29:17 | INFO     | live_articles:fetch_pubmed:180 - PubMed: Successfully parsed 10 articles.
2026-04-17 15:29:17 | INFO     | live_articles:search_articles:289 - Source 0 returned 10 articles (Total in source: 25308)
2026-04-17 15:29:17 | INFO     | live_articles:search_articles:289 - Source 1 returned 10 articles (Total in source: 87462)
2026-04-17 15:29:17 | INFO     | live_articles:search_articles:293 - Wikipedia returned 0 articles
2026-04-17 15:29:17 | INFO     | model_manager:generate:714 - ModelManager: Trying Gemini Flash (Tier 2) [key …rBrkTk]
2026-04-17 15:29:19 | ERROR    | model_manager:generate:754 - ModelManager: ❌ Gemini Flash error: Gemini Flash: HTTP 503 — {
  "error": {
    "code": 503,
    "message": "This model is currently experiencing high demand. Spikes in demand are usually temporary. Please try again later.",
    "status": "UNAVAILABLE"
  }
}

2026-04-17 15:29:19 | INFO     | model_manager:generate:714 - ModelManager: Trying Groq (Tier 1) [key …1ls9p2]
2026-04-17 15:29:20 | INFO     | model_manager:generate:741 - ModelManager: ✅ Groq succeeded (2132 chars)
2026-04-17 15:29:20 | INFO     | llm_engine:generate_hybrid_answer:67 - LLM: Hybrid generation via Groq
2026-04-17 15:30:06 | INFO     | model_manager:generate:714 - ModelManager: Trying Groq (Tier 1) [key …9pzhKT]
2026-04-17 15:30:08 | INFO     | model_manager:generate:741 - ModelManager: ✅ Groq succeeded (236 chars)
2026-04-17 15:30:08 | INFO     | live_articles:fetch_trending:320 - Fetching trending for topics: ['climate change mitigation', 'artificial intelligence drug discovery', 'quantum computing']
2026-04-17 15:30:08 | INFO     | live_articles:fetch_trending:324 - Trending: Starting parallel fetch for topics...
2026-04-17 15:30:08 | INFO     | live_articles:fetch_pubmed:106 - PubMed: Searching for 'climate change mitigation' (retmax=10)
2026-04-17 15:30:08 | INFO     | live_articles:search_articles:244 - Article Search: 'CRISPR articles' | Page: 1
2026-04-17 15:30:08 | INFO     | live_articles:search_articles:253 - Adding PubMed task for 'CRISPR articles'
2026-04-17 15:30:08 | INFO     | live_articles:search_articles:256 - Adding arXiv task for 'CRISPR articles'
2026-04-17 15:30:08 | INFO     | live_articles:search_articles:263 - Adding Wikipedia task for 'CRISPR articles'
2026-04-17 15:30:08 | INFO     | live_articles:fetch_pubmed:106 - PubMed: Searching for 'CRISPR articles' (retmax=10)
2026-04-17 15:30:10 | INFO     | live_articles:fetch_pubmed:124 - PubMed search returned 10 IDs (Total: 16008)
2026-04-17 15:30:10 | INFO     | live_articles:fetch_pubmed:124 - PubMed search returned 10 IDs (Total: 64464)
2026-04-17 15:30:11 | INFO     | live_articles:fetch_pubmed:180 - PubMed: Successfully parsed 10 articles.
2026-04-17 15:30:12 | INFO     | live_articles:fetch_pubmed:180 - PubMed: Successfully parsed 10 articles.
2026-04-17 15:30:23 | ERROR    | live_articles:fetch_arxiv:238 - arXiv API error: 
2026-04-17 15:30:23 | INFO     | live_articles:fetch_trending:340 - Trending: Total fetched 40 articles.
2026-04-17 15:30:23 | ERROR    | live_articles:fetch_arxiv:238 - arXiv API error: 
2026-04-17 15:30:23 | INFO     | live_articles:search_articles:289 - Source 0 returned 10 articles (Total in source: 64464)
2026-04-17 15:30:23 | INFO     | live_articles:search_articles:289 - Source 1 returned 0 articles (Total in source: 0)
2026-04-17 15:30:23 | INFO     | live_articles:search_articles:293 - Wikipedia returned 0 articles
2026-04-17 15:30:32 | INFO     | __main__:ask_question:131 - Question: Extract 4 brief key bullet points for the article titled 'CRISPR-Based Gene Therapies: From Preclinical to Clinical Treatments.'. | Hybrid: False | Book: None
2026-04-17 15:30:32 | INFO     | model_manager:generate:690 - ModelManager: Auto-classified as 'speed'
2026-04-17 15:30:32 | INFO     | model_manager:generate:714 - ModelManager: Trying Groq (Tier 1) [key …Q27Y0X]
2026-04-17 15:30:33 | INFO     | model_manager:generate:741 - ModelManager: ✅ Groq succeeded (782 chars)
2026-04-17 15:30:33 | INFO     | llm_engine:generate_llm_only:43 - LLM: Pure generation via Groq
2026-04-17 15:31:16 | INFO     | model_manager:generate:714 - ModelManager: Trying Groq (Tier 1) [key …DURcU2]
2026-04-17 15:31:16 | INFO     | model_manager:generate:741 - ModelManager: ✅ Groq succeeded (282 chars)
2026-04-17 15:31:52 | INFO     | model_manager:generate:714 - ModelManager: Trying Groq (Tier 1) [key …l8NUH9]
2026-04-17 15:31:52 | INFO     | model_manager:generate:741 - ModelManager: ✅ Groq succeeded (257 chars)
2026-04-17 15:31:52 | INFO     | __main__:ask_question:131 - Question: cell cycle regulation and checkpoints | Hybrid: True | Book: None
2026-04-17 15:31:53 | INFO     | faiss_store:search:202 - FAISS Search: query='cell cycle regulation and chec...', search_k=25, ntotal=19803
2026-04-17 15:31:53 | INFO     | faiss_store:search:230 - FAISS Search: Matches for book_id=None: 0
2026-04-17 15:31:53 | INFO     | live_articles:search_articles:244 - Article Search: 'cell cycle regulation and checkpoints' | Page: 1
2026-04-17 15:31:53 | INFO     | live_articles:search_articles:253 - Adding PubMed task for 'cell cycle regulation and checkpoints'
2026-04-17 15:31:53 | INFO     | live_articles:search_articles:256 - Adding arXiv task for 'cell cycle regulation and checkpoints'
2026-04-17 15:31:53 | INFO     | live_articles:search_articles:263 - Adding Wikipedia task for 'cell cycle regulation and checkpoints'
2026-04-17 15:31:53 | INFO     | live_articles:fetch_pubmed:106 - PubMed: Searching for 'cell cycle regulation and checkpoints' (retmax=10)
2026-04-17 15:31:54 | INFO     | live_articles:fetch_pubmed:124 - PubMed search returned 10 IDs (Total: 28117)
2026-04-17 15:31:56 | INFO     | live_articles:fetch_pubmed:180 - PubMed: Successfully parsed 10 articles.
2026-04-17 15:31:56 | INFO     | live_articles:search_articles:289 - Source 0 returned 10 articles (Total in source: 28117)
2026-04-17 15:31:56 | INFO     | live_articles:search_articles:289 - Source 1 returned 0 articles (Total in source: 0)
2026-04-17 15:31:56 | INFO     | live_articles:search_articles:293 - Wikipedia returned 0 articles
2026-04-17 15:31:56 | INFO     | model_manager:generate:714 - ModelManager: Trying Gemini Flash (Tier 2) [key …nQKpEg]
2026-04-17 15:31:57 | ERROR    | model_manager:generate:754 - ModelManager: ❌ Gemini Flash error: Gemini Flash: HTTP 503 — {
  "error": {
    "code": 503,
    "message": "This model is currently experiencing high demand. Spikes in demand are usually temporary. Please try again later.",
    "status": "UNAVAILABLE"
  }
}

2026-04-17 15:31:57 | INFO     | model_manager:generate:714 - ModelManager: Trying Groq (Tier 1) [key …1ls9p2]
2026-04-17 15:31:59 | INFO     | model_manager:generate:741 - ModelManager: ✅ Groq succeeded (3127 chars)
2026-04-17 15:31:59 | INFO     | llm_engine:generate_hybrid_answer:67 - LLM: Hybrid generation via Groq
2026-04-17 15:37:02 | INFO     | model_manager:generate:714 - ModelManager: Trying Groq (Tier 1) [key …9pzhKT]
2026-04-17 15:37:02 | INFO     | model_manager:generate:741 - ModelManager: ✅ Groq succeeded (158 chars)
2026-04-17 15:37:02 | INFO     | controller_prompt:classify:153 - Controller: Routing via Groq
2026-04-17 15:37:03 | INFO     | model_manager:generate:714 - ModelManager: Trying Groq (Tier 1) [key …Q27Y0X]
2026-04-17 15:37:04 | INFO     | model_manager:generate:741 - ModelManager: ✅ Groq succeeded (145 chars)
2026-04-17 15:37:04 | INFO     | controller_prompt:classify:153 - Controller: Routing via Groq
2026-04-17 15:42:03 | INFO     | model_manager:generate:714 - ModelManager: Trying Groq (Tier 1) [key …DURcU2]
2026-04-17 15:42:04 | INFO     | model_manager:generate:741 - ModelManager: ✅ Groq succeeded (139 chars)
2026-04-17 15:42:04 | INFO     | controller_prompt:classify:153 - Controller: Routing via Groq
2026-04-17 15:42:07 | INFO     | model_manager:generate:714 - ModelManager: Trying Groq (Tier 1) [key …l8NUH9]
2026-04-17 15:42:07 | INFO     | model_manager:generate:741 - ModelManager: ✅ Groq succeeded (162 chars)
2026-04-17 15:42:07 | INFO     | controller_prompt:classify:153 - Controller: Routing via Groq
2026-04-17 15:42:10 | INFO     | model_manager:generate:714 - ModelManager: Trying Groq (Tier 1) [key …1ls9p2]
2026-04-17 15:42:11 | INFO     | model_manager:generate:741 - ModelManager: ✅ Groq succeeded (160 chars)
2026-04-17 15:42:11 | INFO     | controller_prompt:classify:153 - Controller: Routing via Groq
2026-04-17 15:42:19 | INFO     | model_manager:generate:714 - ModelManager: Trying Groq (Tier 1) [key …9pzhKT]
2026-04-17 15:42:20 | INFO     | model_manager:generate:741 - ModelManager: ✅ Groq succeeded (138 chars)
2026-04-17 15:42:20 | INFO     | controller_prompt:classify:153 - Controller: Routing via Groq
2026-04-17 15:42:20 | INFO     | model_manager:generate:714 - ModelManager: Trying Groq (Tier 1) [key …Q27Y0X]
2026-04-17 15:42:21 | INFO     | model_manager:generate:741 - ModelManager: ✅ Groq succeeded (147 chars)
2026-04-17 15:42:21 | INFO     | controller_prompt:classify:153 - Controller: Routing via Groq
2026-04-17 15:42:29 | INFO     | controller_prompt:classify:129 - Controller: Cache hit for 'thermodynamics...'
2026-04-17 15:42:29 | INFO     | __main__:ask_question:131 - Question: THERMODYNAMICS | Hybrid: True | Book: None
2026-04-17 15:42:29 | INFO     | faiss_store:search:202 - FAISS Search: query='THERMODYNAMICS...', search_k=25, ntotal=19803
2026-04-17 15:42:29 | INFO     | faiss_store:search:230 - FAISS Search: Matches for book_id=None: 0
2026-04-17 15:42:29 | INFO     | live_articles:search_articles:244 - Article Search: 'THERMODYNAMICS' | Page: 1
2026-04-17 15:42:29 | INFO     | live_articles:search_articles:253 - Adding PubMed task for 'THERMODYNAMICS'
2026-04-17 15:42:29 | INFO     | live_articles:search_articles:256 - Adding arXiv task for 'THERMODYNAMICS'
2026-04-17 15:42:29 | INFO     | live_articles:search_articles:263 - Adding Wikipedia task for 'THERMODYNAMICS'
2026-04-17 15:42:29 | INFO     | live_articles:fetch_pubmed:106 - PubMed: Searching for 'THERMODYNAMICS' (retmax=10)
2026-04-17 15:42:31 | INFO     | live_articles:fetch_pubmed:124 - PubMed search returned 10 IDs (Total: 647479)
2026-04-17 15:42:32 | INFO     | live_articles:fetch_pubmed:180 - PubMed: Successfully parsed 10 articles.
2026-04-17 15:42:32 | INFO     | live_articles:search_articles:289 - Source 0 returned 10 articles (Total in source: 647479)
2026-04-17 15:42:32 | INFO     | live_articles:search_articles:289 - Source 1 returned 0 articles (Total in source: 0)
2026-04-17 15:42:32 | INFO     | live_articles:search_articles:293 - Wikipedia returned 0 articles
2026-04-17 15:42:32 | INFO     | model_manager:generate:714 - ModelManager: Trying Gemini Flash (Tier 2) [key …2bZEmY]
2026-04-17 15:42:42 | INFO     | model_manager:generate:741 - ModelManager: ✅ Gemini Flash succeeded (2427 chars)
2026-04-17 15:42:42 | INFO     | llm_engine:generate_hybrid_answer:67 - LLM: Hybrid generation via Gemini Flash
2026-04-17 16:01:56 | INFO     | model_manager:_setup_providers:435 - ModelManager: Configured providers: Groq (5 keys), Gemini Flash (5 keys), Gemini Pro (5 keys), Qwen (OpenRouter) (10 keys), OpenRouter Hub (10 keys), Mistral (1 keys), Together AI (1 keys), NVIDIA NIM (1 keys), Cohere (1 keys), Cerebras (1 keys), Hugging Face (1 keys)
2026-04-17 16:01:56 | INFO     | __main__:startup_event:40 - SciAI PRODUCTION ENGINE STARTING...
2026-04-17 16:01:56 | INFO     | __main__:startup_event:43 - ModelManager: 11 providers configured
2026-04-17 16:02:19 | INFO     | model_manager:generate:714 - ModelManager: Trying Groq (Tier 1) [key …DURcU2]
2026-04-17 16:02:20 | INFO     | model_manager:generate:741 - ModelManager: ✅ Groq succeeded (155 chars)
2026-04-17 16:02:42 | INFO     | model_manager:generate:714 - ModelManager: Trying Groq (Tier 1) [key …l8NUH9]
2026-04-17 16:02:43 | INFO     | model_manager:generate:741 - ModelManager: ✅ Groq succeeded (188 chars)
2026-04-17 16:02:44 | INFO     | live_articles:search_articles:244 - Article Search: 'SCNT research articles' | Page: 1
2026-04-17 16:02:44 | INFO     | live_articles:search_articles:253 - Adding PubMed task for 'SCNT research articles'
2026-04-17 16:02:44 | INFO     | live_articles:search_articles:256 - Adding arXiv task for 'SCNT research articles'
2026-04-17 16:02:44 | INFO     | live_articles:search_articles:263 - Adding Wikipedia task for 'SCNT research articles'
2026-04-17 16:02:44 | INFO     | live_articles:fetch_pubmed:106 - PubMed: Searching for 'SCNT research articles' (retmax=10)
2026-04-17 16:02:44 | INFO     | live_articles:fetch_trending:320 - Fetching trending for topics: ['artificial intelligence drug discovery', 'stem cell therapy', 'dark matter detection']
2026-04-17 16:02:44 | INFO     | live_articles:fetch_trending:324 - Trending: Starting parallel fetch for topics...
2026-04-17 16:02:44 | INFO     | live_articles:fetch_pubmed:106 - PubMed: Searching for 'artificial intelligence drug discovery' (retmax=10)
2026-04-17 16:02:44 | INFO     | live_articles:fetch_pubmed:106 - PubMed: Searching for 'stem cell therapy' (retmax=10)
2026-04-17 16:02:44 | INFO     | live_articles:fetch_pubmed:106 - PubMed: Searching for 'dark matter detection' (retmax=10)
2026-04-17 16:02:45 | INFO     | live_articles:fetch_pubmed:124 - PubMed search returned 10 IDs (Total: 1043)
2026-04-17 16:02:46 | WARNING  | live_articles:fetch_pubmed:112 - PubMed search hit 429 Rate Limit. Retrying after 1.5s...
2026-04-17 16:02:46 | INFO     | live_articles:fetch_pubmed:124 - PubMed search returned 10 IDs (Total: 9720)
2026-04-17 16:02:46 | INFO     | live_articles:fetch_pubmed:124 - PubMed search returned 10 IDs (Total: 198137)
2026-04-17 16:02:46 | WARNING  | live_articles:fetch_pubmed:136 - PubMed efetch hit 429 Rate Limit. Retrying after 2s...
2026-04-17 16:02:47 | WARNING  | live_articles:fetch_pubmed:136 - PubMed efetch hit 429 Rate Limit. Retrying after 2s...
2026-04-17 16:02:48 | INFO     | live_articles:fetch_pubmed:180 - PubMed: Successfully parsed 10 articles.
2026-04-17 16:02:48 | INFO     | live_articles:fetch_pubmed:124 - PubMed search returned 10 IDs (Total: 1505)
2026-04-17 16:02:49 | INFO     | live_articles:fetch_pubmed:180 - PubMed: Successfully parsed 10 articles.
2026-04-17 16:02:50 | INFO     | live_articles:fetch_pubmed:180 - PubMed: Successfully parsed 10 articles.
2026-04-17 16:02:50 | INFO     | live_articles:search_articles:289 - Source 0 returned 10 articles (Total in source: 1505)
2026-04-17 16:02:50 | INFO     | live_articles:search_articles:289 - Source 1 returned 10 articles (Total in source: 265006)
2026-04-17 16:02:50 | INFO     | live_articles:search_articles:293 - Wikipedia returned 0 articles
2026-04-17 16:02:50 | INFO     | live_articles:fetch_pubmed:180 - PubMed: Successfully parsed 10 articles.
2026-04-17 16:02:50 | INFO     | live_articles:fetch_trending:340 - Trending: Total fetched 45 articles.
2026-04-17 16:04:14 | INFO     | model_manager:generate:714 - ModelManager: Trying Groq (Tier 1) [key …1ls9p2]
2026-04-17 16:04:14 | INFO     | model_manager:generate:741 - ModelManager: ✅ Groq succeeded (185 chars)
2026-04-17 16:04:14 | INFO     | __main__:ask_question:131 - Question: cell cycle | Hybrid: True | Book: None
2026-04-17 16:04:15 | INFO     | faiss_store:load:73 - FAISS: Loaded 19803 vectors of type IndexIDMap2.
2026-04-17 16:04:15 | INFO     | faiss_store:get_model:15 - Loading embedding model...
2026-04-17 16:04:20 | INFO     | faiss_store:search:202 - FAISS Search: query='cell cycle...', search_k=25, ntotal=19803
2026-04-17 16:04:20 | INFO     | faiss_store:search:230 - FAISS Search: Matches for book_id=None: 0
2026-04-17 16:04:20 | INFO     | live_articles:search_articles:244 - Article Search: 'cell cycle' | Page: 1
2026-04-17 16:04:20 | INFO     | live_articles:search_articles:253 - Adding PubMed task for 'cell cycle'
2026-04-17 16:04:20 | INFO     | live_articles:search_articles:256 - Adding arXiv task for 'cell cycle'
2026-04-17 16:04:20 | INFO     | live_articles:search_articles:263 - Adding Wikipedia task for 'cell cycle'
2026-04-17 16:04:20 | INFO     | live_articles:fetch_pubmed:106 - PubMed: Searching for 'cell cycle' (retmax=10)
2026-04-17 16:04:22 | INFO     | live_articles:fetch_pubmed:124 - PubMed search returned 10 IDs (Total: 601838)
2026-04-17 16:04:23 | INFO     | live_articles:fetch_pubmed:180 - PubMed: Successfully parsed 10 articles.
2026-04-17 16:04:23 | INFO     | live_articles:search_articles:289 - Source 0 returned 10 articles (Total in source: 601838)
2026-04-17 16:04:23 | INFO     | live_articles:search_articles:289 - Source 1 returned 10 articles (Total in source: 95887)
2026-04-17 16:04:23 | INFO     | live_articles:search_articles:293 - Wikipedia returned 0 articles
2026-04-17 16:04:23 | INFO     | model_manager:generate:714 - ModelManager: Trying Gemini Flash (Tier 2) [key …rBrkTk]
2026-04-17 16:04:27 | ERROR    | model_manager:generate:754 - ModelManager: ❌ Gemini Flash error: Gemini Flash: HTTP 503 — {
  "error": {
    "code": 503,
    "message": "This model is currently experiencing high demand. Spikes in demand are usually temporary. Please try again later.",
    "status": "UNAVAILABLE"
  }
}

2026-04-17 16:04:27 | INFO     | model_manager:generate:714 - ModelManager: Trying Groq (Tier 1) [key …9pzhKT]
2026-04-17 16:04:30 | INFO     | model_manager:generate:741 - ModelManager: ✅ Groq succeeded (2360 chars)
2026-04-17 16:04:30 | INFO     | llm_engine:generate_hybrid_answer:67 - LLM: Hybrid generation via Groq
2026-04-17 17:04:19 | INFO     | live_articles:fetch_trending:320 - Fetching trending for topics: ['climate change mitigation', 'CRISPR gene editing', 'quantum computing']
2026-04-17 17:04:19 | INFO     | live_articles:fetch_trending:324 - Trending: Starting parallel fetch for topics...
2026-04-17 17:04:19 | INFO     | live_articles:fetch_pubmed:106 - PubMed: Searching for 'climate change mitigation' (retmax=10)
2026-04-17 17:04:19 | INFO     | live_articles:fetch_pubmed:106 - PubMed: Searching for 'CRISPR gene editing' (retmax=10)
2026-04-17 17:04:19 | INFO     | live_articles:fetch_pubmed:106 - PubMed: Searching for 'quantum computing' (retmax=10)
2026-04-17 17:04:20 | INFO     | live_articles:fetch_pubmed:124 - PubMed search returned 10 IDs (Total: 24155)
2026-04-17 17:04:20 | INFO     | live_articles:fetch_pubmed:124 - PubMed search returned 10 IDs (Total: 16010)
2026-04-17 17:04:20 | INFO     | live_articles:fetch_pubmed:124 - PubMed search returned 10 IDs (Total: 51291)
2026-04-17 17:04:21 | WARNING  | live_articles:fetch_pubmed:136 - PubMed efetch hit 429 Rate Limit. Retrying after 2s...
2026-04-17 17:04:21 | WARNING  | live_articles:fetch_pubmed:136 - PubMed efetch hit 429 Rate Limit. Retrying after 2s...
2026-04-17 17:04:21 | INFO     | live_articles:fetch_pubmed:180 - PubMed: Successfully parsed 10 articles.
2026-04-17 17:04:24 | INFO     | live_articles:fetch_pubmed:180 - PubMed: Successfully parsed 10 articles.
2026-04-17 17:04:25 | INFO     | live_articles:fetch_pubmed:180 - PubMed: Successfully parsed 10 articles.
2026-04-17 17:04:25 | INFO     | live_articles:fetch_trending:340 - Trending: Total fetched 45 articles.
2026-04-17 17:05:20 | INFO     | model_manager:generate:714 - ModelManager: Trying Groq (Tier 1) [key …Q27Y0X]
2026-04-17 17:05:22 | INFO     | model_manager:generate:741 - ModelManager: ✅ Groq succeeded (226 chars)
2026-04-17 17:05:42 | INFO     | model_manager:generate:714 - ModelManager: Trying Groq (Tier 1) [key …DURcU2]
2026-04-17 17:05:42 | INFO     | model_manager:generate:741 - ModelManager: ✅ Groq succeeded (169 chars)
2026-04-17 17:05:42 | INFO     | __main__:ask_question:131 - Question: cell lysis | Hybrid: True | Book: None
2026-04-17 17:05:43 | INFO     | faiss_store:search:202 - FAISS Search: query='cell lysis...', search_k=25, ntotal=19803
2026-04-17 17:05:43 | INFO     | faiss_store:search:230 - FAISS Search: Matches for book_id=None: 0
2026-04-17 17:05:43 | INFO     | live_articles:search_articles:244 - Article Search: 'cell lysis' | Page: 1
2026-04-17 17:05:43 | INFO     | live_articles:search_articles:253 - Adding PubMed task for 'cell lysis'
2026-04-17 17:05:43 | INFO     | live_articles:search_articles:256 - Adding arXiv task for 'cell lysis'
2026-04-17 17:05:43 | INFO     | live_articles:search_articles:263 - Adding Wikipedia task for 'cell lysis'
2026-04-17 17:05:43 | INFO     | live_articles:fetch_pubmed:106 - PubMed: Searching for 'cell lysis' (retmax=10)
2026-04-17 17:05:44 | INFO     | live_articles:fetch_pubmed:124 - PubMed search returned 10 IDs (Total: 39529)
2026-04-17 17:05:46 | INFO     | live_articles:fetch_pubmed:180 - PubMed: Successfully parsed 10 articles.
2026-04-17 17:05:46 | INFO     | live_articles:search_articles:289 - Source 0 returned 10 articles (Total in source: 39529)
2026-04-17 17:05:46 | INFO     | live_articles:search_articles:289 - Source 1 returned 10 articles (Total in source: 52506)
2026-04-17 17:05:46 | INFO     | live_articles:search_articles:293 - Wikipedia returned 0 articles
2026-04-17 17:05:46 | INFO     | model_manager:generate:714 - ModelManager: Trying Gemini Flash (Tier 2) [key …nQKpEg]
2026-04-17 17:06:00 | INFO     | model_manager:generate:741 - ModelManager: ✅ Gemini Flash succeeded (2131 chars)
2026-04-17 17:06:00 | INFO     | llm_engine:generate_hybrid_answer:67 - LLM: Hybrid generation via Gemini Flash
2026-04-17 17:07:05 | INFO     | model_manager:generate:714 - ModelManager: Trying Groq (Tier 1) [key …l8NUH9]
2026-04-17 17:07:07 | INFO     | model_manager:generate:741 - ModelManager: ✅ Groq succeeded (146 chars)
2026-04-17 17:07:07 | INFO     | controller_prompt:classify:153 - Controller: Routing via Groq
2026-04-17 17:07:08 | INFO     | __main__:ask_question:131 - Question: CELL MEMBRANE | Hybrid: True | Book: None
2026-04-17 17:07:08 | INFO     | faiss_store:search:202 - FAISS Search: query='CELL MEMBRANE...', search_k=25, ntotal=19803
2026-04-17 17:07:08 | INFO     | faiss_store:search:230 - FAISS Search: Matches for book_id=None: 0
2026-04-17 17:07:08 | INFO     | live_articles:search_articles:244 - Article Search: 'CELL MEMBRANE' | Page: 1
2026-04-17 17:07:08 | INFO     | live_articles:search_articles:253 - Adding PubMed task for 'CELL MEMBRANE'
2026-04-17 17:07:08 | INFO     | live_articles:search_articles:256 - Adding arXiv task for 'CELL MEMBRANE'
2026-04-17 17:07:08 | INFO     | live_articles:search_articles:263 - Adding Wikipedia task for 'CELL MEMBRANE'
2026-04-17 17:07:08 | INFO     | live_articles:fetch_pubmed:106 - PubMed: Searching for 'CELL MEMBRANE' (retmax=10)
2026-04-17 17:07:10 | INFO     | live_articles:fetch_pubmed:124 - PubMed search returned 10 IDs (Total: 961205)
2026-04-17 17:07:11 | INFO     | live_articles:fetch_pubmed:180 - PubMed: Successfully parsed 10 articles.
2026-04-17 17:07:11 | INFO     | live_articles:search_articles:289 - Source 0 returned 10 articles (Total in source: 961205)
2026-04-17 17:07:11 | INFO     | live_articles:search_articles:289 - Source 1 returned 10 articles (Total in source: 59932)
2026-04-17 17:07:11 | INFO     | live_articles:search_articles:293 - Wikipedia returned 0 articles
2026-04-17 17:07:11 | INFO     | model_manager:generate:714 - ModelManager: Trying Gemini Flash (Tier 2) [key …2bZEmY]
2026-04-17 17:07:21 | INFO     | model_manager:generate:741 - ModelManager: ✅ Gemini Flash succeeded (981 chars)
2026-04-17 17:07:21 | INFO     | llm_engine:generate_hybrid_answer:67 - LLM: Hybrid generation via Gemini Flash
2026-04-17 17:07:54 | INFO     | model_manager:generate:714 - ModelManager: Trying Groq (Tier 1) [key …1ls9p2]
2026-04-17 17:07:55 | INFO     | model_manager:generate:741 - ModelManager: ✅ Groq succeeded (137 chars)
2026-04-17 17:07:55 | INFO     | controller_prompt:classify:153 - Controller: Routing via Groq
2026-04-17 17:07:55 | INFO     | model_manager:generate:714 - ModelManager: Trying Groq (Tier 1) [key …9pzhKT]
2026-04-17 17:07:56 | INFO     | model_manager:generate:741 - ModelManager: ✅ Groq succeeded (139 chars)
2026-04-17 17:07:56 | INFO     | controller_prompt:classify:153 - Controller: Routing via Groq
2026-04-17 17:07:57 | INFO     | model_manager:generate:714 - ModelManager: Trying Groq (Tier 1) [key …Q27Y0X]
2026-04-17 17:07:57 | INFO     | model_manager:generate:741 - ModelManager: ✅ Groq succeeded (135 chars)
2026-04-17 17:07:57 | INFO     | controller_prompt:classify:153 - Controller: Routing via Groq
2026-04-17 17:08:01 | INFO     | __main__:ask_question:131 - Question: LYTIC CYCLE | Hybrid: True | Book: None
2026-04-17 17:08:01 | INFO     | faiss_store:search:202 - FAISS Search: query='LYTIC CYCLE...', search_k=25, ntotal=19803
2026-04-17 17:08:01 | INFO     | faiss_store:search:230 - FAISS Search: Matches for book_id=None: 0
2026-04-17 17:08:01 | INFO     | live_articles:search_articles:244 - Article Search: 'LYTIC CYCLE' | Page: 1
2026-04-17 17:08:01 | INFO     | live_articles:search_articles:253 - Adding PubMed task for 'LYTIC CYCLE'
2026-04-17 17:08:01 | INFO     | live_articles:search_articles:256 - Adding arXiv task for 'LYTIC CYCLE'
2026-04-17 17:08:01 | INFO     | live_articles:search_articles:263 - Adding Wikipedia task for 'LYTIC CYCLE'
2026-04-17 17:08:01 | INFO     | live_articles:fetch_pubmed:106 - PubMed: Searching for 'LYTIC CYCLE' (retmax=10)
2026-04-17 17:08:03 | INFO     | live_articles:fetch_pubmed:124 - PubMed search returned 10 IDs (Total: 3836)
2026-04-17 17:08:04 | INFO     | live_articles:fetch_pubmed:180 - PubMed: Successfully parsed 10 articles.
2026-04-17 17:08:04 | INFO     | live_articles:search_articles:289 - Source 0 returned 10 articles (Total in source: 3836)
2026-04-17 17:08:04 | INFO     | live_articles:search_articles:289 - Source 1 returned 10 articles (Total in source: 45197)
2026-04-17 17:08:04 | INFO     | live_articles:search_articles:293 - Wikipedia returned 0 articles
2026-04-17 17:08:04 | INFO     | model_manager:generate:714 - ModelManager: Trying Gemini Flash (Tier 2) [key …DJCG-Y]
2026-04-17 17:08:14 | INFO     | model_manager:generate:741 - ModelManager: ✅ Gemini Flash succeeded (2870 chars)
2026-04-17 17:08:14 | INFO     | llm_engine:generate_hybrid_answer:67 - LLM: Hybrid generation via Gemini Flash
2026-04-17 17:08:43 | INFO     | model_manager:generate:714 - ModelManager: Trying Qwen (OpenRouter) (Tier 3) [key …8fb9ad]
2026-04-17 17:09:01 | INFO     | model_manager:generate:741 - ModelManager: ✅ Qwen (OpenRouter) succeeded (2463 chars)
2026-04-17 17:09:01 | INFO     | llm_engine:generate_questions:252 - LLM: Question generation via Qwen (OpenRouter)
2026-04-17 17:09:17 | INFO     | model_manager:generate:714 - ModelManager: Trying Groq (Tier 1) [key …DURcU2]
2026-04-17 17:09:18 | INFO     | model_manager:generate:741 - ModelManager: ✅ Groq succeeded (134 chars)
2026-04-17 17:09:18 | INFO     | controller_prompt:classify:153 - Controller: Routing via Groq
2026-04-17 17:09:20 | INFO     | model_manager:generate:714 - ModelManager: Trying Groq (Tier 1) [key …l8NUH9]
2026-04-17 17:09:21 | INFO     | model_manager:generate:741 - ModelManager: ✅ Groq succeeded (136 chars)
2026-04-17 17:09:21 | INFO     | controller_prompt:classify:153 - Controller: Routing via Groq
2026-04-17 17:09:29 | INFO     | model_manager:generate:714 - ModelManager: Trying Qwen (OpenRouter) (Tier 3) [key …cb12eb]
2026-04-17 17:09:52 | INFO     | model_manager:generate:741 - ModelManager: ✅ Qwen (OpenRouter) succeeded (4112 chars)
2026-04-17 17:09:52 | INFO     | llm_engine:generate_questions:252 - LLM: Question generation via Qwen (OpenRouter)
2026-04-17 17:13:42 | INFO     | model_manager:generate:714 - ModelManager: Trying Groq (Tier 1) [key …1ls9p2]
2026-04-17 17:13:43 | INFO     | model_manager:generate:741 - ModelManager: ✅ Groq succeeded (177 chars)
2026-04-17 17:14:24 | INFO     | model_manager:generate:714 - ModelManager: Trying Groq (Tier 1) [key …9pzhKT]
2026-04-17 17:14:25 | INFO     | model_manager:generate:741 - ModelManager: ✅ Groq succeeded (179 chars)
2026-04-17 17:14:49 | INFO     | model_manager:generate:714 - ModelManager: Trying Qwen (OpenRouter) (Tier 3) [key …0f9f0f]
2026-04-17 17:15:07 | INFO     | model_manager:generate:741 - ModelManager: ✅ Qwen (OpenRouter) succeeded (2856 chars)
2026-04-17 17:15:07 | INFO     | llm_engine:generate_questions:252 - LLM: Question generation via Qwen (OpenRouter)
2026-04-17 17:54:11 | INFO     | model_manager:_setup_providers:435 - ModelManager: Configured providers: Groq (5 keys), Gemini Flash (5 keys), Gemini Pro (5 keys), Qwen (OpenRouter) (10 keys), OpenRouter Hub (10 keys), Mistral (1 keys), Together AI (1 keys), NVIDIA NIM (1 keys), Cohere (1 keys), Cerebras (1 keys), Hugging Face (1 keys)
2026-04-17 17:56:43 | INFO     | model_manager:_setup_providers:435 - ModelManager: Configured providers: Groq (5 keys), Gemini Flash (5 keys), Gemini Pro (5 keys), Qwen (OpenRouter) (10 keys), OpenRouter Hub (10 keys), Mistral (1 keys), Together AI (1 keys), NVIDIA NIM (1 keys), Cohere (1 keys), Cerebras (1 keys), Hugging Face (1 keys)
2026-04-17 17:57:19 | INFO     | model_manager:_setup_providers:435 - ModelManager: Configured providers: Groq (5 keys), Gemini Flash (5 keys), Gemini Pro (5 keys), Qwen (OpenRouter) (10 keys), OpenRouter Hub (10 keys), Mistral (1 keys), Together AI (1 keys), NVIDIA NIM (1 keys), Cohere (1 keys), Cerebras (1 keys), Hugging Face (1 keys)
2026-04-17 17:58:56 | INFO     | __main__:shutdown_event:47 - SciAI SHUTTING DOWN...
2026-04-17 17:58:56 | INFO     | faiss_store:save:60 - FAISS: Saved 19803 vectors.
2026-04-17 17:59:19 | INFO     | model_manager:_setup_providers:435 - ModelManager: Configured providers: Groq (5 keys), Gemini Flash (5 keys), Gemini Pro (5 keys), Qwen (OpenRouter) (10 keys), OpenRouter Hub (10 keys), Mistral (1 keys), Together AI (1 keys), NVIDIA NIM (1 keys), Cohere (1 keys), Cerebras (1 keys), Hugging Face (1 keys)
2026-04-17 17:59:19 | INFO     | __main__:startup_event:82 - SciAI PRODUCTION ENGINE STARTING...
2026-04-17 17:59:35 | WARNING  | cache_service:connect:28 - Redis unavailable, using in-memory fallback: Timeout connecting to server
2026-04-17 17:59:35 | INFO     | __main__:startup_event:85 - ModelManager: 11 providers configured
2026-04-17 18:02:52 | INFO     | model_manager:_setup_providers:435 - ModelManager: Configured providers: Groq (5 keys), Gemini Flash (5 keys), Gemini Pro (5 keys), Qwen (OpenRouter) (10 keys), OpenRouter Hub (10 keys), Mistral (1 keys), Together AI (1 keys), NVIDIA NIM (1 keys), Cohere (1 keys), Cerebras (1 keys), Hugging Face (1 keys)
2026-04-17 18:02:52 | INFO     | __main__:startup_event:82 - SciAI PRODUCTION ENGINE STARTING...
2026-04-17 18:03:09 | WARNING  | cache_service:connect:28 - Redis unavailable, using in-memory fallback: Timeout connecting to server
2026-04-17 18:03:09 | INFO     | __main__:startup_event:85 - ModelManager: 11 providers configured
2026-04-17 18:03:09 | INFO     | __main__:shutdown_event:89 - SciAI SHUTTING DOWN...
2026-04-17 18:17:54 | INFO     | model_manager:_setup_providers:435 - ModelManager: Configured providers: Groq (5 keys), Gemini Flash (5 keys), Gemini Pro (5 keys), Qwen (OpenRouter) (10 keys), OpenRouter Hub (10 keys), Mistral (1 keys), Together AI (1 keys), NVIDIA NIM (1 keys), Cohere (1 keys), Cerebras (1 keys), Hugging Face (1 keys)
2026-04-17 18:18:40 | INFO     | model_manager:_setup_providers:435 - ModelManager: Configured providers: Groq (5 keys), Gemini Flash (5 keys), Gemini Pro (5 keys), Qwen (OpenRouter) (10 keys), OpenRouter Hub (10 keys), Mistral (1 keys), Together AI (1 keys), NVIDIA NIM (1 keys), Cohere (1 keys), Cerebras (1 keys), Hugging Face (1 keys)
2026-04-17 18:18:40 | INFO     | main:ask_question:182 - Question: What is AI? | Hybrid: False | Book: None
2026-04-17 18:22:42 | INFO     | model_manager:_setup_providers:435 - ModelManager: Configured providers: Groq (5 keys), Gemini Flash (5 keys), Gemini Pro (5 keys), Qwen (OpenRouter) (10 keys), OpenRouter Hub (10 keys), Mistral (1 keys), Together AI (1 keys), NVIDIA NIM (1 keys), Cohere (1 keys), Cerebras (1 keys), Hugging Face (1 keys)
2026-04-17 18:22:42 | INFO     | __main__:startup_event:89 - SciAI PRODUCTION ENGINE STARTING...
2026-04-17 18:22:58 | WARNING  | cache_service:connect:28 - Redis unavailable, using in-memory fallback: Timeout connecting to server
2026-04-17 18:22:58 | INFO     | __main__:startup_event:92 - ModelManager: 11 providers configured
2026-04-17 18:22:58 | INFO     | __main__:shutdown_event:96 - SciAI SHUTTING DOWN...
2026-04-17 18:23:55 | INFO     | model_manager:_setup_providers:435 - ModelManager: Configured providers: Groq (5 keys), Gemini Flash (5 keys), Gemini Pro (5 keys), Qwen (OpenRouter) (10 keys), OpenRouter Hub (10 keys), Mistral (1 keys), Together AI (1 keys), NVIDIA NIM (1 keys), Cohere (1 keys), Cerebras (1 keys), Hugging Face (1 keys)
2026-04-17 18:23:55 | INFO     | __main__:startup_event:89 - SciAI PRODUCTION ENGINE STARTING...
2026-04-17 18:24:14 | WARNING  | cache_service:connect:28 - Redis unavailable, using in-memory fallback: Timeout connecting to server
2026-04-17 18:24:14 | INFO     | __main__:startup_event:92 - ModelManager: 11 providers configured
2026-04-17 18:28:42 | INFO     | model_manager:_setup_providers:435 - ModelManager: Configured providers: Groq (5 keys), Gemini Flash (5 keys), Gemini Pro (5 keys), Qwen (OpenRouter) (10 keys), OpenRouter Hub (10 keys), Mistral (1 keys), Together AI (1 keys), NVIDIA NIM (1 keys), Cohere (1 keys), Cerebras (1 keys), Hugging Face (1 keys)
2026-04-17 18:28:42 | INFO     | __main__:startup_event:89 - SciAI PRODUCTION ENGINE STARTING...
2026-04-17 18:28:57 | WARNING  | cache_service:connect:28 - Redis unavailable, using in-memory fallback: Timeout connecting to server
2026-04-17 18:28:57 | INFO     | __main__:startup_event:92 - ModelManager: 11 providers configured
2026-04-17 18:28:57 | INFO     | __main__:shutdown_event:96 - SciAI SHUTTING DOWN...
2026-04-17 19:38:49 | INFO     | model_manager:_setup_providers:435 - ModelManager: Configured providers: Groq (5 keys), Gemini Flash (5 keys), Gemini Pro (5 keys), Qwen (OpenRouter) (10 keys), OpenRouter Hub (10 keys), Mistral (1 keys), Together AI (1 keys), NVIDIA NIM (1 keys), Cohere (1 keys), Cerebras (1 keys), Hugging Face (1 keys)
2026-04-17 19:38:50 | INFO     | __main__:startup_event:89 - SciAI PRODUCTION ENGINE STARTING...
2026-04-17 19:39:06 | WARNING  | cache_service:connect:28 - Redis unavailable, using in-memory fallback: Timeout connecting to server
2026-04-17 19:39:06 | INFO     | __main__:startup_event:92 - ModelManager: 11 providers configured
2026-04-17 19:45:14 | INFO     | model_manager:generate:714 - ModelManager: Trying Groq (Tier 1) [key …DURcU2]
2026-04-17 19:45:15 | INFO     | model_manager:generate:741 - ModelManager: ✅ Groq succeeded (159 chars)
2026-04-17 19:45:55 | INFO     | live_articles:fetch_trending:320 - Fetching trending for topics: ['artificial intelligence drug discovery', 'graphene applications', 'dark matter detection']
2026-04-17 19:45:55 | INFO     | live_articles:fetch_trending:324 - Trending: Starting parallel fetch for topics...
2026-04-17 19:45:55 | INFO     | live_articles:fetch_pubmed:106 - PubMed: Searching for 'artificial intelligence drug discovery' (retmax=10)
2026-04-17 19:45:55 | INFO     | live_articles:fetch_pubmed:106 - PubMed: Searching for 'graphene applications' (retmax=10)
2026-04-17 19:45:55 | INFO     | live_articles:fetch_pubmed:106 - PubMed: Searching for 'dark matter detection' (retmax=10)
2026-04-17 19:45:57 | INFO     | live_articles:fetch_pubmed:124 - PubMed search returned 10 IDs (Total: 1043)
2026-04-17 19:45:57 | INFO     | live_articles:fetch_pubmed:124 - PubMed search returned 10 IDs (Total: 9722)
2026-04-17 19:45:57 | INFO     | live_articles:fetch_pubmed:124 - PubMed search returned 10 IDs (Total: 35103)
2026-04-17 19:45:57 | WARNING  | live_articles:fetch_pubmed:136 - PubMed efetch hit 429 Rate Limit. Retrying after 2s...
2026-04-17 19:45:57 | WARNING  | live_articles:fetch_pubmed:136 - PubMed efetch hit 429 Rate Limit. Retrying after 2s...
2026-04-17 19:45:58 | INFO     | live_articles:fetch_pubmed:180 - PubMed: Successfully parsed 10 articles.
2026-04-17 19:46:00 | INFO     | live_articles:fetch_pubmed:180 - PubMed: Successfully parsed 10 articles.
2026-04-17 19:46:01 | INFO     | live_articles:fetch_pubmed:180 - PubMed: Successfully parsed 10 articles.
2026-04-17 19:46:01 | INFO     | live_articles:fetch_trending:340 - Trending: Total fetched 45 articles.
2026-04-17 19:47:03 | INFO     | model_manager:generate:714 - ModelManager: Trying Groq (Tier 1) [key …l8NUH9]
2026-04-17 19:47:04 | INFO     | model_manager:generate:741 - ModelManager: ✅ Groq succeeded (134 chars)
2026-04-17 19:47:04 | INFO     | controller_prompt:classify:153 - Controller: Routing via Groq
2026-04-17 19:47:04 | INFO     | __main__:ask_question:182 - Question: CELL CYCLE | Hybrid: True | Book: None
2026-04-17 19:47:05 | INFO     | faiss_store:load:73 - FAISS: Loaded 19803 vectors of type IndexIDMap2.
2026-04-17 19:47:05 | INFO     | faiss_store:get_model:15 - Loading embedding model...
2026-04-17 19:47:11 | INFO     | faiss_store:search:202 - FAISS Search: query='CELL CYCLE...', search_k=25, ntotal=19803
2026-04-17 19:47:11 | INFO     | faiss_store:search:230 - FAISS Search: Matches for book_id=None: 0
2026-04-17 19:47:11 | INFO     | live_articles:search_articles:244 - Article Search: 'CELL CYCLE' | Page: 1
2026-04-17 19:47:11 | INFO     | live_articles:search_articles:253 - Adding PubMed task for 'CELL CYCLE'
2026-04-17 19:47:11 | INFO     | live_articles:search_articles:256 - Adding arXiv task for 'CELL CYCLE'
2026-04-17 19:47:11 | INFO     | live_articles:search_articles:263 - Adding Wikipedia task for 'CELL CYCLE'
2026-04-17 19:47:11 | INFO     | live_articles:fetch_pubmed:106 - PubMed: Searching for 'CELL CYCLE' (retmax=10)
2026-04-17 19:47:12 | INFO     | live_articles:fetch_pubmed:124 - PubMed search returned 10 IDs (Total: 601878)
2026-04-17 19:47:14 | INFO     | live_articles:fetch_pubmed:180 - PubMed: Successfully parsed 10 articles.
2026-04-17 19:47:14 | INFO     | live_articles:search_articles:289 - Source 0 returned 10 articles (Total in source: 601878)
2026-04-17 19:47:14 | INFO     | live_articles:search_articles:289 - Source 1 returned 10 articles (Total in source: 95887)
2026-04-17 19:47:14 | INFO     | live_articles:search_articles:293 - Wikipedia returned 0 articles
2026-04-17 19:47:14 | INFO     | model_manager:generate:714 - ModelManager: Trying Gemini Flash (Tier 2) [key …rBrkTk]
2026-04-17 19:47:14 | ERROR    | model_manager:generate:754 - ModelManager: ❌ Gemini Flash error: Gemini Flash: HTTP 404 — {
  "error": {
    "code": 404,
    "message": "models/gemini-1.5-flash is not found for API version v1beta, or is not supported for generateContent. Call ListModels to see the list of available models and their supported methods.",
    "status": "NOT_FOUND"
  }
}

2026-04-17 19:47:14 | INFO     | model_manager:generate:714 - ModelManager: Trying Groq (Tier 1) [key …1ls9p2]
2026-04-17 19:47:16 | INFO     | model_manager:generate:741 - ModelManager: ✅ Groq succeeded (2291 chars)
2026-04-17 19:47:16 | INFO     | llm_engine:generate_hybrid_answer:67 - LLM: Hybrid generation via Groq
2026-04-17 19:50:51 | INFO     | model_manager:generate:714 - ModelManager: Trying Groq (Tier 1) [key …9pzhKT]
2026-04-17 19:50:52 | INFO     | model_manager:generate:741 - ModelManager: ✅ Groq succeeded (158 chars)
2026-04-18 20:45:48 | INFO     | model_manager:_setup_providers:435 - ModelManager: Configured providers: Groq (5 keys), Gemini Flash (5 keys), Gemini Pro (5 keys), Qwen (OpenRouter) (10 keys), OpenRouter Hub (10 keys), Mistral (1 keys), Together AI (1 keys), NVIDIA NIM (1 keys), Cohere (1 keys), Cerebras (1 keys), Hugging Face (1 keys)
2026-04-18 20:45:49 | INFO     | __main__:startup_event:89 - SciAI PRODUCTION ENGINE STARTING...
2026-04-18 20:46:02 | WARNING  | cache_service:connect:28 - Redis unavailable, using in-memory fallback: Timeout connecting to server
2026-04-18 20:46:02 | INFO     | __main__:startup_event:92 - ModelManager: 11 providers configured
2026-04-18 20:54:06 | INFO     | model_manager:_setup_providers:435 - ModelManager: Configured providers: Groq (5 keys), Gemini Flash (5 keys), Gemini Pro (5 keys), Qwen (OpenRouter) (10 keys), OpenRouter Hub (10 keys), Mistral (1 keys), Together AI (1 keys), NVIDIA NIM (1 keys), Cohere (1 keys), Cerebras (1 keys), Hugging Face (1 keys)
2026-04-18 20:54:07 | INFO     | __main__:startup_event:89 - SciAI PRODUCTION ENGINE STARTING...
2026-04-18 20:54:07 | INFO     | cache_service:connect:26 - Redis cache connected successfully
2026-04-18 20:54:07 | INFO     | __main__:startup_event:92 - ModelManager: 11 providers configured
2026-04-18 21:07:34 | INFO     | faiss_store:load:73 - FAISS: Loaded 19803 vectors of type IndexIDMap2.
2026-04-18 21:09:15 | INFO     | live_articles:fetch_trending:320 - Fetching trending for topics: ['mRNA vaccine', 'artificial intelligence drug discovery', 'graphene applications']
2026-04-18 21:09:16 | INFO     | live_articles:fetch_trending:324 - Trending: Starting parallel fetch for topics...
2026-04-18 21:09:16 | INFO     | live_articles:fetch_pubmed:106 - PubMed: Searching for 'mRNA vaccine' (retmax=10)
2026-04-18 21:09:16 | INFO     | live_articles:fetch_pubmed:106 - PubMed: Searching for 'artificial intelligence drug discovery' (retmax=10)
2026-04-18 21:09:16 | INFO     | live_articles:fetch_pubmed:106 - PubMed: Searching for 'graphene applications' (retmax=10)
2026-04-18 21:09:17 | INFO     | live_articles:fetch_pubmed:124 - PubMed search returned 10 IDs (Total: 9725)
2026-04-18 21:09:17 | INFO     | live_articles:fetch_pubmed:124 - PubMed search returned 10 IDs (Total: 21329)
2026-04-18 21:09:18 | INFO     | live_articles:fetch_pubmed:124 - PubMed search returned 10 IDs (Total: 35110)
2026-04-18 21:09:18 | WARNING  | live_articles:fetch_pubmed:136 - PubMed efetch hit 429 Rate Limit. Retrying after 2s...
2026-04-18 21:09:18 | WARNING  | live_articles:fetch_pubmed:136 - PubMed efetch hit 429 Rate Limit. Retrying after 2s...
2026-04-18 21:09:19 | INFO     | live_articles:fetch_pubmed:180 - PubMed: Successfully parsed 10 articles.
2026-04-18 21:09:21 | INFO     | live_articles:fetch_pubmed:180 - PubMed: Successfully parsed 10 articles.
2026-04-18 21:09:22 | INFO     | live_articles:fetch_pubmed:180 - PubMed: Successfully parsed 10 articles.
2026-04-18 21:09:22 | INFO     | live_articles:fetch_trending:340 - Trending: Total fetched 45 articles.
2026-04-18 21:09:32 | INFO     | __main__:ask_question:182 - Question: Extract 4 brief key bullet points for the article titled 'Modeling the cost-effectiveness of the next-generation COVID-19 mRNA-1283 vaccine in the United States.'. | Hybrid: False | Book: None
2026-04-18 21:09:32 | INFO     | model_manager:generate:690 - ModelManager: Auto-classified as 'speed'
2026-04-18 21:09:32 | INFO     | model_manager:generate:714 - ModelManager: Trying Groq (Tier 1) [key …DURcU2]
2026-04-18 21:09:34 | INFO     | model_manager:generate:741 - ModelManager: ✅ Groq succeeded (617 chars)
2026-04-18 21:09:34 | INFO     | llm_engine:generate_llm_only:43 - LLM: Pure generation via Groq
2026-04-18 21:09:42 | INFO     | __main__:ask_question:182 - Question: Modeling the cost-effectiveness of the next-generation COVID-19 mRNA-1283 vaccine in the United States. | Hybrid: True | Book: None
2026-04-18 21:09:42 | INFO     | faiss_store:get_model:15 - Loading embedding model...
2026-04-18 21:09:49 | INFO     | faiss_store:search:202 - FAISS Search: query='Modeling the cost-effectivenes...', search_k=25, ntotal=19398
2026-04-18 21:09:49 | INFO     | faiss_store:search:230 - FAISS Search: Matches for book_id=None: 6
2026-04-18 21:09:49 | INFO     | live_articles:search_articles:244 - Article Search: 'Modeling the cost-effectiveness of the next-generation COVID-19 mRNA-1283 vaccine in the United States.' | Page: 1
2026-04-18 21:09:49 | INFO     | live_articles:search_articles:253 - Adding PubMed task for 'Modeling the cost-effectiveness of the next-generation COVID-19 mRNA-1283 vaccine in the United States.'
2026-04-18 21:09:49 | INFO     | live_articles:search_articles:256 - Adding arXiv task for 'Modeling the cost-effectiveness of the next-generation COVID-19 mRNA-1283 vaccine in the United States.'
2026-04-18 21:09:49 | INFO     | live_articles:search_articles:263 - Adding Wikipedia task for 'Modeling the cost-effectiveness of the next-generation COVID-19 mRNA-1283 vaccine in the United States.'
2026-04-18 21:09:49 | INFO     | live_articles:fetch_pubmed:106 - PubMed: Searching for 'Modeling the cost-effectiveness of the next-generation COVID-19 mRNA-1283 vaccine in the United States.' (retmax=10)
2026-04-18 21:09:51 | INFO     | live_articles:fetch_pubmed:124 - PubMed search returned 1 IDs (Total: 1)
2026-04-18 21:09:52 | INFO     | live_articles:fetch_pubmed:180 - PubMed: Successfully parsed 1 articles.
2026-04-18 21:09:52 | INFO     | live_articles:search_articles:289 - Source 0 returned 1 articles (Total in source: 1)
2026-04-18 21:09:52 | INFO     | live_articles:search_articles:289 - Source 1 returned 10 articles (Total in source: 1548757)
2026-04-18 21:09:52 | INFO     | live_articles:search_articles:293 - Wikipedia returned 0 articles
2026-04-18 21:09:52 | INFO     | model_manager:generate:714 - ModelManager: Trying Gemini Flash (Tier 2) [key …rBrkTk]
2026-04-18 21:09:53 | ERROR    | model_manager:generate:754 - ModelManager: ❌ Gemini Flash error: Gemini Flash: HTTP 404 — {
  "error": {
    "code": 404,
    "message": "models/gemini-1.5-flash is not found for API version v1beta, or is not supported for generateContent. Call ListModels to see the list of available models and their supported methods.",
    "status": "NOT_FOUND"
  }
}

2026-04-18 21:09:53 | INFO     | model_manager:generate:714 - ModelManager: Trying Groq (Tier 1) [key …l8NUH9]
2026-04-18 21:09:56 | INFO     | model_manager:generate:741 - ModelManager: ✅ Groq succeeded (2085 chars)
2026-04-18 21:09:56 | INFO     | llm_engine:generate_hybrid_answer:67 - LLM: Hybrid generation via Groq
2026-04-18 21:13:56 | INFO     | live_articles:fetch_trending:320 - Fetching trending for topics: ['neuroscience consciousness', 'stem cell therapy', 'CRISPR gene editing']
2026-04-18 21:13:56 | INFO     | live_articles:fetch_trending:324 - Trending: Starting parallel fetch for topics...
2026-04-18 21:13:56 | INFO     | live_articles:fetch_pubmed:106 - PubMed: Searching for 'neuroscience consciousness' (retmax=10)
2026-04-18 21:13:56 | INFO     | live_articles:fetch_pubmed:106 - PubMed: Searching for 'stem cell therapy' (retmax=10)
2026-04-18 21:13:56 | INFO     | live_articles:fetch_pubmed:106 - PubMed: Searching for 'CRISPR gene editing' (retmax=10)
2026-04-18 21:13:58 | INFO     | live_articles:fetch_pubmed:124 - PubMed search returned 10 IDs (Total: 198186)
2026-04-18 21:13:58 | INFO     | live_articles:fetch_pubmed:124 - PubMed search returned 10 IDs (Total: 24160)
2026-04-18 21:13:58 | INFO     | live_articles:fetch_pubmed:124 - PubMed search returned 10 IDs (Total: 6717)
2026-04-18 21:13:58 | WARNING  | live_articles:fetch_pubmed:136 - PubMed efetch hit 429 Rate Limit. Retrying after 2s...
2026-04-18 21:13:58 | ERROR    | live_articles:fetch_pubmed:187 - PubMed final error: RemoteProtocolError: Server disconnected without sending a response.
2026-04-18 21:13:59 | INFO     | live_articles:fetch_pubmed:180 - PubMed: Successfully parsed 10 articles.
2026-04-18 21:14:02 | INFO     | live_articles:fetch_pubmed:180 - PubMed: Successfully parsed 10 articles.
2026-04-18 21:14:02 | INFO     | live_articles:fetch_trending:340 - Trending: Total fetched 35 articles.
2026-04-18 21:14:27 | INFO     | __main__:save_article:341 - DB: Saving article f4eea9ca874f06f5a34471c7acd4fa77 for user dc074a61-c488-4fca-afff-eaa39ed429a0
2026-04-18 21:14:27 | INFO     | __main__:save_article:353 - DB: Successfully saved article f4eea9ca874f06f5a34471c7acd4fa77
2026-04-18 21:14:42 | INFO     | live_articles:fetch_trending:320 - Fetching trending for topics: ['protein folding', 'artificial intelligence drug discovery', 'mRNA vaccine']
2026-04-18 21:14:42 | INFO     | live_articles:fetch_trending:324 - Trending: Starting parallel fetch for topics...
2026-04-18 21:14:42 | INFO     | live_articles:fetch_pubmed:106 - PubMed: Searching for 'protein folding' (retmax=10)
2026-04-18 21:14:43 | INFO     | live_articles:fetch_pubmed:124 - PubMed search returned 10 IDs (Total: 98840)
2026-04-18 21:14:45 | INFO     | live_articles:fetch_pubmed:180 - PubMed: Successfully parsed 10 articles.
2026-04-18 21:14:45 | INFO     | live_articles:fetch_trending:340 - Trending: Total fetched 45 articles.
2026-04-18 21:14:49 | INFO     | live_articles:fetch_trending:320 - Fetching trending for topics: ['stem cell therapy', 'protein folding', 'cancer immunotherapy']
2026-04-18 21:14:49 | INFO     | live_articles:fetch_trending:324 - Trending: Starting parallel fetch for topics...
2026-04-18 21:14:49 | INFO     | live_articles:fetch_pubmed:106 - PubMed: Searching for 'cancer immunotherapy' (retmax=10)
2026-04-18 21:14:51 | INFO     | live_articles:fetch_pubmed:124 - PubMed search returned 10 IDs (Total: 225427)
2026-04-18 21:14:52 | INFO     | live_articles:fetch_pubmed:180 - PubMed: Successfully parsed 10 articles.
2026-04-18 21:14:52 | INFO     | live_articles:fetch_trending:340 - Trending: Total fetched 45 articles.
2026-04-18 21:15:14 | INFO     | live_articles:fetch_trending:320 - Fetching trending for topics: ['neuroscience consciousness', 'climate change mitigation', 'graphene applications']
2026-04-18 21:15:14 | INFO     | live_articles:fetch_trending:324 - Trending: Starting parallel fetch for topics...
2026-04-18 21:15:14 | INFO     | live_articles:fetch_pubmed:106 - PubMed: Searching for 'neuroscience consciousness' (retmax=10)
2026-04-18 21:15:14 | INFO     | live_articles:fetch_pubmed:106 - PubMed: Searching for 'climate change mitigation' (retmax=10)
2026-04-18 21:15:15 | INFO     | live_articles:fetch_pubmed:124 - PubMed search returned 10 IDs (Total: 16018)
2026-04-18 21:15:15 | INFO     | live_articles:fetch_pubmed:124 - PubMed search returned 10 IDs (Total: 6717)
2026-04-18 21:15:17 | INFO     | live_articles:fetch_pubmed:180 - PubMed: Successfully parsed 10 articles.
2026-04-18 21:15:17 | INFO     | live_articles:fetch_pubmed:180 - PubMed: Successfully parsed 10 articles.
2026-04-18 21:15:17 | INFO     | live_articles:fetch_trending:340 - Trending: Total fetched 45 articles.
2026-04-18 21:15:44 | INFO     | live_articles:fetch_trending:320 - Fetching trending for topics: ['quantum computing', 'cancer immunotherapy', 'graphene applications']
2026-04-18 21:15:44 | INFO     | live_articles:fetch_trending:324 - Trending: Starting parallel fetch for topics...
2026-04-18 21:15:44 | INFO     | live_articles:fetch_pubmed:106 - PubMed: Searching for 'quantum computing' (retmax=10)
2026-04-18 21:15:45 | INFO     | live_articles:fetch_pubmed:124 - PubMed search returned 10 IDs (Total: 51322)
2026-04-18 21:15:47 | INFO     | live_articles:fetch_pubmed:180 - PubMed: Successfully parsed 10 articles.
2026-04-18 21:15:47 | INFO     | live_articles:fetch_trending:340 - Trending: Total fetched 45 articles.
2026-04-18 21:16:12 | INFO     | live_articles:search_articles:244 - Article Search: 'scnt' | Page: 1
2026-04-18 21:16:12 | INFO     | live_articles:search_articles:253 - Adding PubMed task for 'scnt'
2026-04-18 21:16:12 | INFO     | live_articles:search_articles:256 - Adding arXiv task for 'scnt'
2026-04-18 21:16:12 | INFO     | live_articles:search_articles:263 - Adding Wikipedia task for 'scnt'
2026-04-18 21:16:12 | INFO     | live_articles:fetch_pubmed:106 - PubMed: Searching for 'scnt AND ("Biology"[MeSH Major Topic] OR "Biology"[Title/Abstract])' (retmax=10)
2026-04-18 21:16:13 | INFO     | live_articles:fetch_pubmed:124 - PubMed search returned 10 IDs (Total: 57)
2026-04-18 21:16:16 | INFO     | live_articles:fetch_pubmed:180 - PubMed: Successfully parsed 10 articles.
2026-04-18 21:16:16 | INFO     | live_articles:search_articles:289 - Source 0 returned 10 articles (Total in source: 57)
2026-04-18 21:16:16 | INFO     | live_articles:search_articles:289 - Source 1 returned 0 articles (Total in source: 0)
2026-04-18 21:16:16 | INFO     | live_articles:search_articles:293 - Wikipedia returned 0 articles
2026-04-18 21:16:24 | INFO     | live_articles:search_articles:244 - Article Search: 'scnt' | Page: 1
2026-04-18 21:16:24 | INFO     | live_articles:search_articles:253 - Adding PubMed task for 'scnt'
2026-04-18 21:16:24 | INFO     | live_articles:search_articles:256 - Adding arXiv task for 'scnt'
2026-04-18 21:16:24 | INFO     | live_articles:search_articles:263 - Adding Wikipedia task for 'scnt'
2026-04-18 21:16:24 | INFO     | live_articles:fetch_pubmed:106 - PubMed: Searching for 'scnt AND ("Biology"[MeSH Major Topic] OR "Biology"[Title/Abstract])' (retmax=10)
2026-04-18 21:16:25 | INFO     | live_articles:fetch_pubmed:124 - PubMed search returned 10 IDs (Total: 57)
2026-04-18 21:16:26 | INFO     | live_articles:fetch_pubmed:180 - PubMed: Successfully parsed 10 articles.
2026-04-18 21:16:26 | INFO     | live_articles:search_articles:289 - Source 0 returned 10 articles (Total in source: 57)
2026-04-18 21:16:26 | INFO     | live_articles:search_articles:289 - Source 1 returned 0 articles (Total in source: 0)
2026-04-18 21:16:26 | INFO     | live_articles:search_articles:293 - Wikipedia returned 0 articles
2026-04-18 21:16:32 | INFO     | live_articles:search_articles:244 - Article Search: 'scnt' | Page: 1
2026-04-18 21:16:32 | INFO     | live_articles:search_articles:253 - Adding PubMed task for 'scnt'
2026-04-18 21:16:32 | INFO     | live_articles:search_articles:256 - Adding arXiv task for 'scnt'
2026-04-18 21:16:32 | INFO     | live_articles:search_articles:263 - Adding Wikipedia task for 'scnt'
2026-04-18 21:16:32 | INFO     | live_articles:fetch_pubmed:106 - PubMed: Searching for 'scnt AND ("Biology"[MeSH Major Topic] OR "Biology"[Title/Abstract])' (retmax=10)
2026-04-18 21:16:34 | INFO     | live_articles:fetch_pubmed:124 - PubMed search returned 10 IDs (Total: 57)
2026-04-18 21:16:36 | INFO     | live_articles:fetch_pubmed:180 - PubMed: Successfully parsed 10 articles.
2026-04-18 21:16:36 | INFO     | live_articles:search_articles:289 - Source 0 returned 10 articles (Total in source: 57)
2026-04-18 21:16:36 | INFO     | live_articles:search_articles:289 - Source 1 returned 0 articles (Total in source: 0)
2026-04-18 21:16:36 | INFO     | live_articles:search_articles:293 - Wikipedia returned 0 articles
2026-04-18 21:37:15 | INFO     | model_manager:_setup_providers:435 - ModelManager: Configured providers: Groq (5 keys), Gemini Flash (5 keys), Gemini Pro (5 keys), Qwen (OpenRouter) (10 keys), OpenRouter Hub (10 keys), Mistral (1 keys), Together AI (1 keys), NVIDIA NIM (1 keys), Cohere (1 keys), Cerebras (1 keys), Hugging Face (1 keys)
2026-04-18 21:37:17 | INFO     | __main__:startup_event:89 - SciAI PRODUCTION ENGINE STARTING...
2026-04-18 21:37:17 | INFO     | cache_service:connect:26 - Redis cache connected successfully
2026-04-18 21:37:17 | INFO     | __main__:startup_event:92 - ModelManager: 11 providers configured
2026-04-18 21:46:49 | INFO     | model_manager:_setup_providers:435 - ModelManager: Configured providers: Groq (5 keys), Gemini Flash (5 keys), Gemini Pro (5 keys), Qwen (OpenRouter) (10 keys), OpenRouter Hub (10 keys), Mistral (1 keys), Together AI (1 keys), NVIDIA NIM (1 keys), Cohere (1 keys), Cerebras (1 keys), Hugging Face (1 keys)
2026-04-18 21:46:50 | INFO     | __main__:startup_event:100 - SciAI PRODUCTION ENGINE STARTING...
2026-04-18 21:46:50 | INFO     | cache_service:connect:26 - Redis cache connected successfully
2026-04-18 21:46:50 | INFO     | __main__:startup_event:103 - ModelManager: 11 providers configured
2026-04-18 21:47:35 | ERROR    | __main__:validation_exception_handler:83 - 422 Validation Error at /api/v1/ask: [{'type': 'string_pattern_mismatch', 'loc': ('body', 'mode'), 'msg': "String should match pattern '^(Concept|Exam|Expert|Quiz)$'", 'input': 'Library', 'ctx': {'pattern': '^(Concept|Exam|Expert|Quiz)$'}}]
2026-04-18 21:47:35 | ERROR    | __main__:validation_exception_handler:84 - Body: b'{"book_id":"c651b11c-b762-4418-ac21-846518dd4c81","domain":"Biology","hybrid":true,"mode":"Library","question":"about this pdf","user_id":"dc074a61-c488-4fca-afff-eaa39ed429a0"}'
2026-04-18 21:50:20 | INFO     | model_manager:_setup_providers:435 - ModelManager: Configured providers: Groq (5 keys), Gemini Flash (5 keys), Gemini Pro (5 keys), Qwen (OpenRouter) (10 keys), OpenRouter Hub (10 keys), Mistral (1 keys), Together AI (1 keys), NVIDIA NIM (1 keys), Cohere (1 keys), Cerebras (1 keys), Hugging Face (1 keys)
2026-04-18 21:50:20 | INFO     | __main__:startup_event:100 - SciAI PRODUCTION ENGINE STARTING...
2026-04-18 21:50:20 | INFO     | cache_service:connect:26 - Redis cache connected successfully
2026-04-18 21:50:20 | INFO     | __main__:startup_event:103 - ModelManager: 11 providers configured
2026-04-18 21:51:42 | INFO     | model_manager:_setup_providers:435 - ModelManager: Configured providers: Groq (5 keys), Gemini Flash (5 keys), Gemini Pro (5 keys), Qwen (OpenRouter) (10 keys), OpenRouter Hub (10 keys), Mistral (1 keys), Together AI (1 keys), NVIDIA NIM (1 keys), Cohere (1 keys), Cerebras (1 keys), Hugging Face (1 keys)
2026-04-18 21:51:44 | INFO     | __main__:startup_event:100 - SciAI PRODUCTION ENGINE STARTING...
2026-04-18 21:51:44 | INFO     | cache_service:connect:26 - Redis cache connected successfully
2026-04-18 21:51:44 | INFO     | __main__:startup_event:103 - ModelManager: 11 providers configured
2026-04-18 21:52:07 | INFO     | __main__:ask_question:193 - Question: summary | Hybrid: True | Book: 85ec315c-223c-47b5-946c-872f04e0175e
2026-04-18 21:52:08 | INFO     | faiss_store:load:73 - FAISS: Loaded 19803 vectors of type IndexIDMap2.
2026-04-18 21:52:08 | INFO     | faiss_store:get_model:15 - Loading embedding model...
2026-04-18 21:52:15 | INFO     | faiss_store:search:202 - FAISS Search: query='summary...', search_k=19803, ntotal=19803
2026-04-18 21:52:15 | INFO     | faiss_store:search:230 - FAISS Search: Matches for book_id=85ec315c-223c-47b5-946c-872f04e0175e: 12
2026-04-18 21:52:15 | INFO     | model_manager:generate:714 - ModelManager: Trying Qwen (OpenRouter) (Tier 3) [key …8fb9ad]
2026-04-18 21:52:37 | INFO     | model_manager:generate:741 - ModelManager: ✅ Qwen (OpenRouter) succeeded (4218 chars)
2026-04-18 21:52:37 | INFO     | llm_engine:generate_book_answer:92 - LLM: Book generation via Qwen (OpenRouter)
2026-04-18 21:53:18 | INFO     | __main__:ask_question:193 - Question: summary | Hybrid: True | Book: c651b11c-b762-4418-ac21-846518dd4c81
2026-04-18 21:53:18 | INFO     | faiss_store:search:202 - FAISS Search: query='summary...', search_k=19803, ntotal=19803
2026-04-18 21:53:18 | INFO     | faiss_store:search:230 - FAISS Search: Matches for book_id=c651b11c-b762-4418-ac21-846518dd4c81: 0
2026-04-18 22:00:36 | INFO     | model_manager:_setup_providers:435 - ModelManager: Configured providers: Groq (5 keys), Gemini Flash (5 keys), Gemini Pro (5 keys), Qwen (OpenRouter) (10 keys), OpenRouter Hub (10 keys), Mistral (1 keys), Together AI (1 keys), NVIDIA NIM (1 keys), Cohere (1 keys), Cerebras (1 keys), Hugging Face (1 keys)
2026-04-18 22:00:37 | INFO     | __main__:startup_event:100 - SciAI PRODUCTION ENGINE STARTING...
2026-04-18 22:00:37 | INFO     | cache_service:connect:26 - Redis cache connected successfully
2026-04-18 22:00:37 | INFO     | __main__:startup_event:103 - ModelManager: 11 providers configured
2026-04-18 22:04:13 | INFO     | model_manager:_setup_providers:435 - ModelManager: Configured providers: Groq (5 keys), Gemini Flash (5 keys), Gemini Pro (5 keys), Qwen (OpenRouter) (10 keys), OpenRouter Hub (10 keys), Mistral (1 keys), Together AI (1 keys), NVIDIA NIM (1 keys), Cohere (1 keys), Cerebras (1 keys), Hugging Face (1 keys)
2026-04-18 22:04:13 | INFO     | __main__:startup_event:100 - SciAI PRODUCTION ENGINE STARTING...
2026-04-18 22:04:13 | INFO     | cache_service:connect:26 - Redis cache connected successfully
2026-04-18 22:04:13 | INFO     | __main__:startup_event:103 - ModelManager: 11 providers configured
2026-04-18 22:04:34 | INFO     | live_articles:fetch_trending:320 - Fetching trending for topics: ['neuroscience consciousness', 'dark matter detection', 'protein folding']
2026-04-18 22:04:35 | INFO     | live_articles:fetch_trending:324 - Trending: Starting parallel fetch for topics...
2026-04-18 22:04:35 | INFO     | live_articles:fetch_pubmed:106 - PubMed: Searching for 'dark matter detection' (retmax=10)
2026-04-18 22:04:37 | INFO     | live_articles:fetch_pubmed:124 - PubMed search returned 10 IDs (Total: 1044)
2026-04-18 22:04:38 | INFO     | live_articles:fetch_pubmed:180 - PubMed: Successfully parsed 10 articles.
2026-04-18 22:04:38 | INFO     | live_articles:fetch_trending:340 - Trending: Total fetched 45 articles.
2026-04-18 22:04:41 | INFO     | faiss_store:load:73 - FAISS: Loaded 19803 vectors of type IndexIDMap2.
2026-04-18 22:08:16 | INFO     | __main__:ask_question:193 - Question: about this pdf  | Hybrid: True | Book: e0208db6-7fd8-4c2d-bfe5-580b1161ebc9
2026-04-18 22:08:16 | INFO     | faiss_store:get_model:15 - Loading embedding model...
2026-04-18 22:08:22 | INFO     | faiss_store:search:202 - FAISS Search: query='about this pdf ...', search_k=19803, ntotal=19803
2026-04-18 22:08:22 | INFO     | faiss_store:search:230 - FAISS Search: Matches for book_id=e0208db6-7fd8-4c2d-bfe5-580b1161ebc9: 0
2026-04-18 22:12:25 | INFO     | model_manager:_setup_providers:435 - ModelManager: Configured providers: Groq (5 keys), Gemini Flash (5 keys), Gemini Pro (5 keys), Qwen (OpenRouter) (10 keys), OpenRouter Hub (10 keys), Mistral (1 keys), Together AI (1 keys), NVIDIA NIM (1 keys), Cohere (1 keys), Cerebras (1 keys), Hugging Face (1 keys)
2026-04-18 22:12:26 | INFO     | __main__:startup_event:100 - SciAI PRODUCTION ENGINE STARTING...
2026-04-18 22:12:26 | INFO     | cache_service:connect:26 - Redis cache connected successfully
2026-04-18 22:12:26 | INFO     | __main__:startup_event:103 - ModelManager: 11 providers configured
2026-04-18 22:13:12 | INFO     | live_articles:fetch_trending:320 - Fetching trending for topics: ['neuroscience consciousness', 'CRISPR gene editing', 'quantum computing']
2026-04-18 22:13:13 | INFO     | live_articles:fetch_trending:324 - Trending: Starting parallel fetch for topics...
2026-04-18 22:13:13 | INFO     | live_articles:fetch_pubmed:106 - PubMed: Searching for 'neuroscience consciousness' (retmax=10)
2026-04-18 22:13:13 | INFO     | live_articles:fetch_pubmed:106 - PubMed: Searching for 'CRISPR gene editing' (retmax=10)
2026-04-18 22:13:13 | INFO     | live_articles:fetch_pubmed:106 - PubMed: Searching for 'quantum computing' (retmax=10)
2026-04-18 22:13:14 | INFO     | live_articles:fetch_pubmed:124 - PubMed search returned 10 IDs (Total: 6717)
2026-04-18 22:13:14 | INFO     | live_articles:fetch_pubmed:124 - PubMed search returned 10 IDs (Total: 24160)
2026-04-18 22:13:14 | INFO     | live_articles:fetch_pubmed:124 - PubMed search returned 10 IDs (Total: 51322)
2026-04-18 22:13:15 | WARNING  | live_articles:fetch_pubmed:136 - PubMed efetch hit 429 Rate Limit. Retrying after 2s...
2026-04-18 22:13:15 | WARNING  | live_articles:fetch_pubmed:136 - PubMed efetch hit 429 Rate Limit. Retrying after 2s...
2026-04-18 22:13:15 | WARNING  | live_articles:fetch_pubmed:136 - PubMed efetch hit 429 Rate Limit. Retrying after 2s...
2026-04-18 22:13:18 | INFO     | live_articles:fetch_pubmed:180 - PubMed: Successfully parsed 10 articles.
2026-04-18 22:13:18 | INFO     | live_articles:fetch_pubmed:180 - PubMed: Successfully parsed 10 articles.
2026-04-18 22:13:19 | INFO     | live_articles:fetch_pubmed:180 - PubMed: Successfully parsed 10 articles.
2026-04-18 22:13:19 | INFO     | live_articles:fetch_trending:340 - Trending: Total fetched 45 articles.
2026-04-18 22:13:26 | INFO     | faiss_store:load:73 - FAISS: Loaded 405 vectors of type IndexFlatIP.
2026-04-18 22:13:26 | INFO     | faiss_store:load:77 - FAISS: Migrating IndexFlatIP to IndexIDMap2...
2026-04-18 22:13:26 | INFO     | faiss_store:load:87 - FAISS: Migration successful.
2026-04-18 22:13:26 | INFO     | faiss_store:remove_document:177 - FAISS: Removed 405 chunks for book_id=03c42a23-4537-4faf-aa67-0dfeb668b261 (Fast Rebuild)
2026-04-18 22:15:16 | INFO     | __main__:ask_question:193 - Question: about this pdf | Hybrid: True | Book: a7e81afc-7b96-4645-97c1-065cb84c3583
2026-04-18 22:15:25 | INFO     | __main__:ask_question:193 - Question: rti | Hybrid: True | Book: a7e81afc-7b96-4645-97c1-065cb84c3583
2026-04-18 22:15:28 | INFO     | __main__:ask_question:193 - Question: rti | Hybrid: True | Book: a7e81afc-7b96-4645-97c1-065cb84c3583
2026-04-18 22:15:39 | INFO     | __main__:ask_question:193 - Question: rti | Hybrid: True | Book: 52bbd332-4fd1-4e19-aa16-da5b197cf893
2026-04-18 22:15:42 | INFO     | __main__:ask_question:193 - Question: rti | Hybrid: True | Book: 52bbd332-4fd1-4e19-aa16-da5b197cf893
2026-04-18 22:16:11 | INFO     | __main__:ask_question:193 - Question: indian media | Hybrid: True | Book: a7e81afc-7b96-4645-97c1-065cb84c3583
2026-04-18 22:16:15 | INFO     | __main__:ask_question:193 - Question: indian media | Hybrid: True | Book: a7e81afc-7b96-4645-97c1-065cb84c3583
2026-04-18 22:16:17 | INFO     | __main__:ask_question:193 - Question: indian media | Hybrid: True | Book: a7e81afc-7b96-4645-97c1-065cb84c3583
2026-04-18 22:17:21 | INFO     | __main__:ask_question:193 - Question: important points | Hybrid: True | Book: a7e81afc-7b96-4645-97c1-065cb84c3583
2026-04-18 22:17:40 | INFO     | __main__:ask_question:193 - Question: important points | Hybrid: True | Book: a7e81afc-7b96-4645-97c1-065cb84c3583
2026-04-18 22:17:41 | INFO     | __main__:ask_question:193 - Question: important points | Hybrid: True | Book: a7e81afc-7b96-4645-97c1-065cb84c3583
2026-04-18 22:17:43 | INFO     | __main__:ask_question:193 - Question: important points | Hybrid: True | Book: a7e81afc-7b96-4645-97c1-065cb84c3583
2026-04-18 22:17:45 | INFO     | __main__:ask_question:193 - Question: important points | Hybrid: True | Book: a7e81afc-7b96-4645-97c1-065cb84c3583
2026-04-18 22:18:05 | INFO     | __main__:ask_question:193 - Question: important points | Hybrid: True | Book: a7e81afc-7b96-4645-97c1-065cb84c3583
2026-04-18 22:18:07 | INFO     | __main__:ask_question:193 - Question: important points | Hybrid: True | Book: a7e81afc-7b96-4645-97c1-065cb84c3583
2026-04-18 22:18:26 | INFO     | __main__:ask_question:193 - Question: important points | Hybrid: True | Book: a7e81afc-7b96-4645-97c1-065cb84c3583
2026-04-18 22:18:42 | INFO     | __main__:ask_question:193 - Question: anti defection | Hybrid: True | Book: 52bbd332-4fd1-4e19-aa16-da5b197cf893
2026-04-18 22:18:45 | INFO     | __main__:ask_question:193 - Question: anti defection | Hybrid: True | Book: 52bbd332-4fd1-4e19-aa16-da5b197cf893
2026-04-18 22:18:58 | INFO     | __main__:ask_question:193 - Question: anti defection | Hybrid: True | Book: 52bbd332-4fd1-4e19-aa16-da5b197cf893
2026-04-18 22:18:59 | INFO     | __main__:ask_question:193 - Question: anti defection | Hybrid: True | Book: 52bbd332-4fd1-4e19-aa16-da5b197cf893
2026-04-18 22:25:01 | INFO     | __main__:ask_question:193 - Question: summary | Hybrid: True | Book: a7e81afc-7b96-4645-97c1-065cb84c3583
2026-04-18 22:25:06 | INFO     | __main__:ask_question:193 - Question: summary | Hybrid: True | Book: a7e81afc-7b96-4645-97c1-065cb84c3583
2026-04-18 22:27:36 | INFO     | model_manager:_setup_providers:435 - ModelManager: Configured providers: Groq (5 keys), Gemini Flash (5 keys), Gemini Pro (5 keys), Qwen (OpenRouter) (10 keys), OpenRouter Hub (10 keys), Mistral (1 keys), Together AI (1 keys), NVIDIA NIM (1 keys), Cohere (1 keys), Cerebras (1 keys), Hugging Face (1 keys)
2026-04-18 22:27:37 | INFO     | __main__:startup_event:100 - SciAI PRODUCTION ENGINE STARTING...
2026-04-18 22:27:37 | INFO     | cache_service:connect:26 - Redis cache connected successfully
2026-04-18 22:27:37 | INFO     | __main__:startup_event:103 - ModelManager: 11 providers configured
2026-04-18 22:27:58 | INFO     | __main__:ask_question:193 - Question: summary | Hybrid: True | Book: a7e81afc-7b96-4645-97c1-065cb84c3583
2026-04-18 22:28:02 | INFO     | __main__:ask_question:193 - Question: summary | Hybrid: True | Book: a7e81afc-7b96-4645-97c1-065cb84c3583
2026-04-18 22:28:16 | INFO     | __main__:ask_question:193 - Question: summary | Hybrid: True | Book: a7e81afc-7b96-4645-97c1-065cb84c3583
2026-04-18 22:28:36 | INFO     | __main__:ask_question:193 - Question: summary | Hybrid: True | Book: a7e81afc-7b96-4645-97c1-065cb84c3583
2026-04-18 22:28:56 | INFO     | __main__:ask_question:193 - Question: summary | Hybrid: True | Book: a7e81afc-7b96-4645-97c1-065cb84c3583
2026-04-18 22:29:19 | INFO     | __main__:ask_question:193 - Question: summary of this book | Hybrid: True | Book: a7e81afc-7b96-4645-97c1-065cb84c3583
2026-04-18 22:29:19 | INFO     | faiss_store:ensure_loaded:52 - FAISS: Loading index from disk (mtime changed)...
2026-04-18 22:29:19 | INFO     | faiss_store:load:87 - FAISS: Loaded 1461 vectors of type IndexIDMap2.
2026-04-18 22:29:19 | INFO     | faiss_store:get_model:15 - Loading embedding model...
2026-04-18 22:29:25 | INFO     | faiss_store:search:199 - FAISS Search: query='summary of this book...', search_k=1461, ntotal=1461
2026-04-18 22:29:25 | INFO     | faiss_store:search:227 - FAISS Search: Matches for book_id=a7e81afc-7b96-4645-97c1-065cb84c3583: 528
2026-04-18 22:29:25 | INFO     | model_manager:generate:714 - ModelManager: Trying Qwen (OpenRouter) (Tier 3) [key …8fb9ad]
2026-04-18 22:29:43 | INFO     | model_manager:generate:741 - ModelManager: ✅ Qwen (OpenRouter) succeeded (3607 chars)
2026-04-18 22:29:43 | INFO     | llm_engine:generate_book_answer:92 - LLM: Book generation via Qwen (OpenRouter)
2026-04-18 22:30:48 | INFO     | __main__:ask_question:193 - Question: anti defection | Hybrid: True | Book: 52bbd332-4fd1-4e19-aa16-da5b197cf893
2026-04-18 22:30:48 | INFO     | faiss_store:search:199 - FAISS Search: query='anti defection...', search_k=1461, ntotal=1461
2026-04-18 22:30:48 | INFO     | faiss_store:search:227 - FAISS Search: Matches for book_id=52bbd332-4fd1-4e19-aa16-da5b197cf893: 528
2026-04-18 22:30:48 | INFO     | model_manager:generate:714 - ModelManager: Trying Qwen (OpenRouter) (Tier 3) [key …cb12eb]
2026-04-18 22:31:17 | INFO     | model_manager:generate:741 - ModelManager: ✅ Qwen (OpenRouter) succeeded (4997 chars)
2026-04-18 22:31:17 | INFO     | llm_engine:generate_book_answer:92 - LLM: Book generation via Qwen (OpenRouter)
2026-04-18 22:32:16 | INFO     | __main__:ask_question:193 - Question: summary  | Hybrid: True | Book: a7e81afc-7b96-4645-97c1-065cb84c3583
2026-04-18 22:32:16 | INFO     | faiss_store:search:199 - FAISS Search: query='summary ...', search_k=1461, ntotal=1461
2026-04-18 22:32:16 | INFO     | faiss_store:search:227 - FAISS Search: Matches for book_id=a7e81afc-7b96-4645-97c1-065cb84c3583: 528
2026-04-18 22:32:16 | INFO     | model_manager:generate:714 - ModelManager: Trying Qwen (OpenRouter) (Tier 3) [key …0f9f0f]
2026-04-18 22:32:46 | INFO     | model_manager:generate:741 - ModelManager: ✅ Qwen (OpenRouter) succeeded (4072 chars)
2026-04-18 22:32:46 | INFO     | llm_engine:generate_book_answer:92 - LLM: Book generation via Qwen (OpenRouter)
2026-04-18 22:39:57 | INFO     | __main__:ask_question:193 - Question: important topics | Hybrid: True | Book: a7e81afc-7b96-4645-97c1-065cb84c3583
2026-04-18 22:39:57 | INFO     | faiss_store:search:199 - FAISS Search: query='important topics...', search_k=1461, ntotal=1461
2026-04-18 22:39:57 | INFO     | faiss_store:search:227 - FAISS Search: Matches for book_id=a7e81afc-7b96-4645-97c1-065cb84c3583: 528
2026-04-18 22:39:57 | INFO     | model_manager:generate:714 - ModelManager: Trying Qwen (OpenRouter) (Tier 3) [key …26dc10]
2026-04-18 22:40:30 | INFO     | model_manager:generate:741 - ModelManager: ✅ Qwen (OpenRouter) succeeded (5478 chars)
2026-04-18 22:40:30 | INFO     | llm_engine:generate_book_answer:92 - LLM: Book generation via Qwen (OpenRouter)
2026-04-18 22:41:29 | INFO     | model_manager:_setup_providers:435 - ModelManager: Configured providers: Groq (5 keys), Gemini Flash (5 keys), Gemini Pro (5 keys), Qwen (OpenRouter) (10 keys), OpenRouter Hub (10 keys), Mistral (1 keys), Together AI (1 keys), NVIDIA NIM (1 keys), Cohere (1 keys), Cerebras (1 keys), Hugging Face (1 keys)
2026-04-18 22:41:29 | INFO     | __main__:startup_event:100 - SciAI PRODUCTION ENGINE STARTING...
2026-04-18 22:41:29 | INFO     | cache_service:connect:26 - Redis cache connected successfully
2026-04-18 22:41:29 | INFO     | __main__:startup_event:103 - ModelManager: 11 providers configured
2026-04-18 22:41:45 | INFO     | __main__:ask_question:193 - Question: tell me points on rti | Hybrid: True | Book: a7e81afc-7b96-4645-97c1-065cb84c3583
2026-04-18 22:41:45 | INFO     | faiss_store:ensure_loaded:52 - FAISS: Loading index from disk (mtime changed)...
2026-04-18 22:41:45 | INFO     | faiss_store:load:87 - FAISS: Loaded 1461 vectors of type IndexIDMap2.
2026-04-18 22:41:45 | INFO     | faiss_store:get_model:15 - Loading embedding model...
2026-04-18 22:41:52 | INFO     | faiss_store:search:199 - FAISS Search: query='tell me points on rti...', search_k=1461, ntotal=1461
2026-04-18 22:41:52 | INFO     | faiss_store:search:227 - FAISS Search: Matches for book_id=a7e81afc-7b96-4645-97c1-065cb84c3583: 528
2026-04-18 22:41:52 | INFO     | model_manager:generate:714 - ModelManager: Trying Qwen (OpenRouter) (Tier 3) [key …8fb9ad]
2026-04-18 22:42:17 | INFO     | model_manager:generate:741 - ModelManager: ✅ Qwen (OpenRouter) succeeded (4094 chars)
2026-04-18 22:42:17 | INFO     | llm_engine:generate_book_answer:92 - LLM: Book generation via Qwen (OpenRouter)
2026-04-18 22:43:50 | INFO     | model_manager:generate:714 - ModelManager: Trying Groq (Tier 1) [key …DURcU2]
2026-04-18 22:43:51 | INFO     | model_manager:generate:741 - ModelManager: ✅ Groq succeeded (142 chars)
2026-04-18 22:43:51 | INFO     | controller_prompt:classify:153 - Controller: Routing via Groq
2026-04-18 22:44:01 | INFO     | model_manager:generate:714 - ModelManager: Trying Groq (Tier 1) [key …l8NUH9]
2026-04-18 22:44:01 | INFO     | model_manager:generate:741 - ModelManager: ✅ Groq succeeded (143 chars)
2026-04-18 22:44:01 | INFO     | controller_prompt:classify:153 - Controller: Routing via Groq
2026-04-18 22:44:04 | INFO     | model_manager:generate:714 - ModelManager: Trying Groq (Tier 1) [key …1ls9p2]
2026-04-18 22:44:04 | INFO     | model_manager:generate:741 - ModelManager: ✅ Groq succeeded (131 chars)
2026-04-18 22:44:04 | INFO     | controller_prompt:classify:153 - Controller: Routing via Groq
2026-04-18 22:44:05 | INFO     | __main__:ask_question:193 - Question: cell cycle | Hybrid: True | Book: None
2026-04-18 22:44:05 | INFO     | faiss_store:search:199 - FAISS Search: query='cell cycle...', search_k=25, ntotal=1461
2026-04-18 22:44:05 | INFO     | faiss_store:search:227 - FAISS Search: Matches for book_id=None: 6
2026-04-18 22:44:05 | INFO     | live_articles:search_articles:244 - Article Search: 'cell cycle' | Page: 1
2026-04-18 22:44:06 | INFO     | live_articles:search_articles:253 - Adding PubMed task for 'cell cycle'
2026-04-18 22:44:06 | INFO     | live_articles:search_articles:256 - Adding arXiv task for 'cell cycle'
2026-04-18 22:44:06 | INFO     | live_articles:search_articles:263 - Adding Wikipedia task for 'cell cycle'
2026-04-18 22:44:06 | INFO     | live_articles:fetch_pubmed:106 - PubMed: Searching for 'cell cycle' (retmax=10)
2026-04-18 22:44:07 | INFO     | live_articles:fetch_pubmed:124 - PubMed search returned 10 IDs (Total: 601921)
2026-04-18 22:44:09 | INFO     | live_articles:fetch_pubmed:180 - PubMed: Successfully parsed 10 articles.
2026-04-18 22:44:09 | INFO     | live_articles:search_articles:289 - Source 0 returned 10 articles (Total in source: 601921)
2026-04-18 22:44:09 | INFO     | live_articles:search_articles:289 - Source 1 returned 10 articles (Total in source: 95887)
2026-04-18 22:44:09 | INFO     | live_articles:search_articles:293 - Wikipedia returned 0 articles
2026-04-18 22:44:09 | INFO     | model_manager:generate:714 - ModelManager: Trying Gemini Flash (Tier 2) [key …rBrkTk]
2026-04-18 22:44:17 | INFO     | model_manager:generate:741 - ModelManager: ✅ Gemini Flash succeeded (2966 chars)
2026-04-18 22:44:17 | INFO     | llm_engine:generate_hybrid_answer:67 - LLM: Hybrid generation via Gemini Flash
2026-04-18 22:44:25 | INFO     | controller_prompt:classify:129 - Controller: Cache hit for 'cell cycle...'
2026-04-18 22:44:41 | INFO     | model_manager:generate:714 - ModelManager: Trying Groq (Tier 1) [key …9pzhKT]
2026-04-18 22:44:41 | INFO     | model_manager:generate:741 - ModelManager: ✅ Groq succeeded (149 chars)
2026-04-18 22:44:41 | INFO     | controller_prompt:classify:153 - Controller: Routing via Groq
2026-04-18 22:44:42 | INFO     | model_manager:generate:714 - ModelManager: Trying Groq (Tier 1) [key …Q27Y0X]
2026-04-18 22:44:42 | INFO     | model_manager:generate:741 - ModelManager: ✅ Groq succeeded (146 chars)
2026-04-18 22:44:42 | INFO     | controller_prompt:classify:153 - Controller: Routing via Groq
2026-04-18 22:44:46 | INFO     | controller_prompt:classify:129 - Controller: Cache hit for 'cell cycle...'
2026-04-18 22:44:48 | INFO     | model_manager:generate:714 - ModelManager: Trying Groq (Tier 1) [key …DURcU2]
2026-04-18 22:44:49 | INFO     | model_manager:generate:741 - ModelManager: ✅ Groq succeeded (139 chars)
2026-04-18 22:44:49 | INFO     | controller_prompt:classify:153 - Controller: Routing via Groq
2026-04-18 22:44:53 | INFO     | model_manager:generate:714 - ModelManager: Trying Groq (Tier 1) [key …l8NUH9]
2026-04-18 22:44:57 | INFO     | model_manager:generate:741 - ModelManager: ✅ Groq succeeded (144 chars)
2026-04-18 22:44:57 | INFO     | controller_prompt:classify:153 - Controller: Routing via Groq
2026-04-18 22:45:04 | INFO     | __main__:ask_question:193 - Question: cell cycle research | Hybrid: True | Book: None
2026-04-18 22:45:04 | INFO     | faiss_store:search:199 - FAISS Search: query='cell cycle research...', search_k=25, ntotal=1461
2026-04-18 22:45:04 | INFO     | faiss_store:search:227 - FAISS Search: Matches for book_id=None: 16
2026-04-18 22:45:04 | INFO     | live_articles:search_articles:244 - Article Search: 'cell cycle research' | Page: 1
2026-04-18 22:45:04 | INFO     | live_articles:search_articles:253 - Adding PubMed task for 'cell cycle research'
2026-04-18 22:45:04 | INFO     | live_articles:search_articles:256 - Adding arXiv task for 'cell cycle research'
2026-04-18 22:45:04 | INFO     | live_articles:search_articles:263 - Adding Wikipedia task for 'cell cycle research'
2026-04-18 22:45:04 | INFO     | live_articles:fetch_pubmed:106 - PubMed: Searching for 'cell cycle research' (retmax=10)
2026-04-18 22:45:06 | INFO     | live_articles:fetch_pubmed:124 - PubMed search returned 10 IDs (Total: 413380)
2026-04-18 22:45:07 | INFO     | live_articles:fetch_pubmed:180 - PubMed: Successfully parsed 10 articles.
2026-04-18 22:45:07 | INFO     | live_articles:search_articles:289 - Source 0 returned 10 articles (Total in source: 413380)
2026-04-18 22:45:07 | INFO     | live_articles:search_articles:289 - Source 1 returned 10 articles (Total in source: 288561)
2026-04-18 22:45:07 | INFO     | live_articles:search_articles:293 - Wikipedia returned 0 articles
2026-04-18 22:45:07 | INFO     | model_manager:generate:714 - ModelManager: Trying Gemini Flash (Tier 2) [key …nQKpEg]
2026-04-18 22:45:17 | INFO     | model_manager:generate:741 - ModelManager: ✅ Gemini Flash succeeded (3602 chars)
2026-04-18 22:45:17 | INFO     | llm_engine:generate_hybrid_answer:67 - LLM: Hybrid generation via Gemini Flash
2026-04-18 22:54:57 | INFO     | model_manager:_setup_providers:435 - ModelManager: Configured providers: Groq (5 keys), Gemini Flash (5 keys), Gemini Pro (5 keys), Qwen (OpenRouter) (10 keys), OpenRouter Hub (10 keys), Mistral (1 keys), Together AI (1 keys), NVIDIA NIM (1 keys), Cohere (1 keys), Cerebras (1 keys), Hugging Face (1 keys)
2026-04-18 22:54:58 | INFO     | __main__:startup_event:100 - SciAI PRODUCTION ENGINE STARTING...
2026-04-18 22:54:58 | INFO     | cache_service:connect:26 - Redis cache connected successfully
2026-04-18 22:54:58 | INFO     | __main__:startup_event:103 - ModelManager: 11 providers configured
2026-04-18 22:55:58 | INFO     | __main__:ask_question:193 - Question: about this pdf | Hybrid: True | Book: a7e81afc-7b96-4645-97c1-065cb84c3583
2026-04-18 22:55:58 | INFO     | faiss_store:ensure_loaded:52 - FAISS: Loading index from disk (mtime changed)...
2026-04-18 22:55:58 | INFO     | faiss_store:load:87 - FAISS: Loaded 1461 vectors of type IndexIDMap2.
2026-04-18 22:55:58 | INFO     | faiss_store:get_model:15 - Loading embedding model...
2026-04-18 22:56:05 | INFO     | faiss_store:search:199 - FAISS Search: query='about this pdf...', search_k=1461, ntotal=1461
2026-04-18 22:56:05 | INFO     | faiss_store:search:227 - FAISS Search: Matches for book_id=a7e81afc-7b96-4645-97c1-065cb84c3583: 528
2026-04-18 22:56:05 | INFO     | model_manager:generate:714 - ModelManager: Trying Qwen (OpenRouter) (Tier 3) [key …8fb9ad]
2026-04-18 22:56:24 | INFO     | model_manager:generate:741 - ModelManager: ✅ Qwen (OpenRouter) succeeded (3675 chars)
2026-04-18 22:56:24 | INFO     | llm_engine:generate_book_answer:92 - LLM: Book generation via Qwen (OpenRouter)
2026-04-19 21:09:38 | INFO     | model_manager:_setup_providers:435 - ModelManager: Configured providers: Groq (5 keys), Gemini Flash (5 keys), Gemini Pro (5 keys), Qwen (OpenRouter) (10 keys), OpenRouter Hub (10 keys), Mistral (1 keys), Together AI (1 keys), NVIDIA NIM (1 keys), Cohere (1 keys), Cerebras (1 keys), Hugging Face (1 keys)
2026-04-19 21:09:39 | INFO     | __main__:startup_event:100 - SciAI PRODUCTION ENGINE STARTING...
2026-04-19 21:09:39 | INFO     | cache_service:connect:26 - Redis cache connected successfully
2026-04-19 21:09:39 | INFO     | __main__:startup_event:103 - ModelManager: 11 providers configured
2026-04-19 21:10:18 | INFO     | __main__:ask_question:193 - Question: The image provided does not contain a specific scientific question. It is promotional artwork for the video game Punishing: Gray Raven, featuring the character Lamia.

Description:
The image depicts a female character with long pink hair and purple eyes, wearing a black, ornate outfit. She is positioned centrally, reaching out with her left hand while holding a complex, futuristic staff or mechanical device in her right hand. The background is a cosmic or space-themed scene filled with swirling energy, ethereal light, celestial spheres, and metallic structures. The overall aesthetic is science fiction fantasy, characterized by a cool color palette of purples, blues, and blacks with sharp, glowing highlights. In the top right corner, the game logo for Punishing: Gray Raven is visible. | Hybrid: True | Book: None
2026-04-19 21:10:18 | INFO     | faiss_store:ensure_loaded:52 - FAISS: Loading index from disk (mtime changed)...
2026-04-19 21:10:18 | INFO     | faiss_store:load:87 - FAISS: Loaded 1461 vectors of type IndexIDMap2.
2026-04-19 21:10:18 | INFO     | faiss_store:get_model:15 - Loading embedding model...
2026-04-19 21:10:25 | INFO     | faiss_store:search:199 - FAISS Search: query='The image provided does not co...', search_k=25, ntotal=1461
2026-04-19 21:10:25 | INFO     | faiss_store:search:227 - FAISS Search: Matches for book_id=None: 0
2026-04-19 21:10:25 | INFO     | live_articles:search_articles:244 - Article Search: 'The image provided does not contain a specific scientific question. It is promotional artwork for the video game Punishing: Gray Raven, featuring the character Lamia.

Description:
The image depicts a female character with long pink hair and purple eyes, wearing a black, ornate outfit. She is positioned centrally, reaching out with her left hand while holding a complex, futuristic staff or mechanical device in her right hand. The background is a cosmic or space-themed scene filled with swirling energy, ethereal light, celestial spheres, and metallic structures. The overall aesthetic is science fiction fantasy, characterized by a cool color palette of purples, blues, and blacks with sharp, glowing highlights. In the top right corner, the game logo for Punishing: Gray Raven is visible.' | Page: 1
2026-04-19 21:10:25 | INFO     | live_articles:search_articles:253 - Adding PubMed task for 'The image provided does not contain a specific scientific question. It is promotional artwork for the video game Punishing: Gray Raven, featuring the character Lamia.

Description:
The image depicts a female character with long pink hair and purple eyes, wearing a black, ornate outfit. She is positioned centrally, reaching out with her left hand while holding a complex, futuristic staff or mechanical device in her right hand. The background is a cosmic or space-themed scene filled with swirling energy, ethereal light, celestial spheres, and metallic structures. The overall aesthetic is science fiction fantasy, characterized by a cool color palette of purples, blues, and blacks with sharp, glowing highlights. In the top right corner, the game logo for Punishing: Gray Raven is visible.'
2026-04-19 21:10:25 | INFO     | live_articles:search_articles:256 - Adding arXiv task for 'The image provided does not contain a specific scientific question. It is promotional artwork for the video game Punishing: Gray Raven, featuring the character Lamia.

Description:
The image depicts a female character with long pink hair and purple eyes, wearing a black, ornate outfit. She is positioned centrally, reaching out with her left hand while holding a complex, futuristic staff or mechanical device in her right hand. The background is a cosmic or space-themed scene filled with swirling energy, ethereal light, celestial spheres, and metallic structures. The overall aesthetic is science fiction fantasy, characterized by a cool color palette of purples, blues, and blacks with sharp, glowing highlights. In the top right corner, the game logo for Punishing: Gray Raven is visible.'
2026-04-19 21:10:25 | INFO     | live_articles:search_articles:263 - Adding Wikipedia task for 'The image provided does not contain a specific scientific question. It is promotional artwork for the video game Punishing: Gray Raven, featuring the character Lamia.

Description:
The image depicts a female character with long pink hair and purple eyes, wearing a black, ornate outfit. She is positioned centrally, reaching out with her left hand while holding a complex, futuristic staff or mechanical device in her right hand. The background is a cosmic or space-themed scene filled with swirling energy, ethereal light, celestial spheres, and metallic structures. The overall aesthetic is science fiction fantasy, characterized by a cool color palette of purples, blues, and blacks with sharp, glowing highlights. In the top right corner, the game logo for Punishing: Gray Raven is visible.'
2026-04-19 21:10:25 | INFO     | live_articles:fetch_pubmed:106 - PubMed: Searching for 'The image provided does not contain a specific scientific question. It is promotional artwork for the video game Punishing: Gray Raven, featuring the character Lamia.

Description:
The image depicts a female character with long pink hair and purple eyes, wearing a black, ornate outfit. She is positioned centrally, reaching out with her left hand while holding a complex, futuristic staff or mechanical device in her right hand. The background is a cosmic or space-themed scene filled with swirling energy, ethereal light, celestial spheres, and metallic structures. The overall aesthetic is science fiction fantasy, characterized by a cool color palette of purples, blues, and blacks with sharp, glowing highlights. In the top right corner, the game logo for Punishing: Gray Raven is visible.' (retmax=10)
2026-04-19 21:10:25 | ERROR    | live_articles:fetch_arxiv:238 - arXiv API error: Invalid non-printable ASCII character in URL, '\n' at position 217.
2026-04-19 21:10:26 | ERROR    | live_articles:fetch_pubmed:187 - PubMed final error: InvalidURL: Invalid non-printable ASCII character in URL, '\n' at position 240.
2026-04-19 21:10:26 | INFO     | live_articles:search_articles:289 - Source 0 returned 0 articles (Total in source: 0)
2026-04-19 21:10:26 | INFO     | live_articles:search_articles:289 - Source 1 returned 0 articles (Total in source: 0)
2026-04-19 21:10:26 | INFO     | live_articles:search_articles:293 - Wikipedia returned 0 articles
2026-04-19 21:10:26 | INFO     | model_manager:generate:690 - ModelManager: Auto-classified as 'scale'
2026-04-19 21:10:26 | INFO     | model_manager:generate:714 - ModelManager: Trying Gemini Flash (Tier 2) [key …rBrkTk]
2026-04-19 21:10:35 | INFO     | model_manager:generate:741 - ModelManager: ✅ Gemini Flash succeeded (805 chars)
2026-04-19 21:10:35 | INFO     | llm_engine:generate_llm_only:43 - LLM: Pure generation via Gemini Flash
2026-04-19 21:17:10 | INFO     | model_manager:_setup_providers:435 - ModelManager: Configured providers: Groq (5 keys), Gemini Flash (5 keys), Gemini Pro (5 keys), Qwen (OpenRouter) (10 keys), OpenRouter Hub (10 keys), Mistral (1 keys), Together AI (1 keys), NVIDIA NIM (1 keys), Cohere (1 keys), Cerebras (1 keys), Hugging Face (1 keys)
2026-04-19 21:17:11 | INFO     | __main__:startup_event:100 - SciAI PRODUCTION ENGINE STARTING...
2026-04-19 21:17:11 | INFO     | cache_service:connect:26 - Redis cache connected successfully
2026-04-19 21:17:11 | INFO     | __main__:startup_event:103 - ModelManager: 11 providers configured
2026-04-19 22:09:29 | INFO     | model_manager:_setup_providers:435 - ModelManager: Configured providers: Groq (5 keys), Gemini Flash (5 keys), Gemini Pro (5 keys), Qwen (OpenRouter) (10 keys), OpenRouter Hub (10 keys), Mistral (1 keys), Together AI (1 keys), NVIDIA NIM (1 keys), Cohere (1 keys), Cerebras (1 keys), Hugging Face (1 keys)
2026-04-19 22:09:29 | INFO     | __main__:startup_event:104 - SciAI PRODUCTION ENGINE STARTING...
2026-04-19 22:09:29 | INFO     | cache_service:connect:26 - Redis cache connected successfully
2026-04-19 22:09:29 | INFO     | __main__:startup_event:107 - ModelManager: 11 providers configured
2026-04-19 22:09:29 | INFO     | tts_engine:initialize:316 - TTS Engine: Initializing...
2026-04-19 22:09:29 | WARNING  | tts_engine:_init_kyutai:188 - TTS: pocket-tts not installed — Kyutai unavailable
2026-04-19 22:09:29 | WARNING  | tts_engine:initialize:322 - TTS Engine: Kyutai unavailable, will use HuggingFace fallback
2026-04-19 22:09:30 | WARNING  | tts_engine:_init_hf:258 - TTS: transformers/datasets not installed — HF unavailable (No module named 'datasets')
2026-04-19 22:09:30 | WARNING  | tts_engine:initialize:327 - TTS Engine: No TTS backend available — client must use Android TTS
2026-04-19 22:09:30 | INFO     | __main__:startup_event:111 - TTS Engine: Initialized
2026-04-19 22:11:11 | INFO     | model_manager:_setup_providers:435 - ModelManager: Configured providers: Groq (5 keys), Gemini Flash (5 keys), Gemini Pro (5 keys), Qwen (OpenRouter) (10 keys), OpenRouter Hub (10 keys), Mistral (1 keys), Together AI (1 keys), NVIDIA NIM (1 keys), Cohere (1 keys), Cerebras (1 keys), Hugging Face (1 keys)
2026-04-19 22:11:12 | INFO     | __main__:startup_event:104 - SciAI PRODUCTION ENGINE STARTING...
2026-04-19 22:11:12 | INFO     | cache_service:connect:26 - Redis cache connected successfully
2026-04-19 22:11:12 | INFO     | __main__:startup_event:107 - ModelManager: 11 providers configured
2026-04-19 22:11:12 | INFO     | tts_engine:initialize:316 - TTS Engine: Initializing...
2026-04-19 22:11:12 | WARNING  | tts_engine:_init_kyutai:188 - TTS: pocket-tts not installed — Kyutai unavailable
2026-04-19 22:11:12 | WARNING  | tts_engine:initialize:322 - TTS Engine: Kyutai unavailable, will use HuggingFace fallback
2026-04-19 22:11:12 | WARNING  | tts_engine:_init_hf:258 - TTS: transformers/datasets not installed — HF unavailable (No module named 'datasets')
2026-04-19 22:11:12 | WARNING  | tts_engine:initialize:327 - TTS Engine: No TTS backend available — client must use Android TTS
2026-04-19 22:11:12 | INFO     | __main__:startup_event:111 - TTS Engine: Initialized
2026-04-19 22:14:18 | INFO     | model_manager:_setup_providers:435 - ModelManager: Configured providers: Groq (5 keys), Gemini Flash (5 keys), Gemini Pro (5 keys), Qwen (OpenRouter) (10 keys), OpenRouter Hub (10 keys), Mistral (1 keys), Together AI (1 keys), NVIDIA NIM (1 keys), Cohere (1 keys), Cerebras (1 keys), Hugging Face (1 keys)
2026-04-19 22:14:19 | INFO     | __main__:startup_event:104 - SciAI PRODUCTION ENGINE STARTING...
2026-04-19 22:14:19 | INFO     | cache_service:connect:26 - Redis cache connected successfully
2026-04-19 22:14:19 | INFO     | __main__:startup_event:107 - ModelManager: 11 providers configured
2026-04-19 22:14:19 | INFO     | tts_engine:initialize:316 - TTS Engine: Initializing...
2026-04-19 22:14:20 | INFO     | tts_engine:_init_kyutai:173 - TTS: Loading Kyutai Pocket-TTS model...
2026-04-19 22:14:39 | INFO     | tts_engine:_init_kyutai:175 - TTS: Kyutai model loaded (sample_rate=24000)
2026-04-19 22:14:39 | WARNING  | tts_engine:_init_kyutai:183 - TTS: Failed to load Kyutai voice 'professor': We could not download the weights for the model with voice cloning, but you're trying to use voice cloning. Without voice cloning, you can use our catalog of voices ['alba', 'marius', 'javert', 'jean', 'fantine', 'cosette', 'eponine', 'azelma']. If you want access to the model with voice cloning, go to https://huggingface.co/kyutai/pocket-tts and accept the terms, then make sure you're logged in locally with `uvx hf auth login`.
2026-04-19 22:14:39 | WARNING  | tts_engine:_init_kyutai:183 - TTS: Failed to load Kyutai voice 'energetic': We could not download the weights for the model with voice cloning, but you're trying to use voice cloning. Without voice cloning, you can use our catalog of voices ['alba', 'marius', 'javert', 'jean', 'fantine', 'cosette', 'eponine', 'azelma']. If you want access to the model with voice cloning, go to https://huggingface.co/kyutai/pocket-tts and accept the terms, then make sure you're logged in locally with `uvx hf auth login`.
2026-04-19 22:14:39 | WARNING  | tts_engine:_init_kyutai:183 - TTS: Failed to load Kyutai voice 'storyteller': We could not download the weights for the model with voice cloning, but you're trying to use voice cloning. Without voice cloning, you can use our catalog of voices ['alba', 'marius', 'javert', 'jean', 'fantine', 'cosette', 'eponine', 'azelma']. If you want access to the model with voice cloning, go to https://huggingface.co/kyutai/pocket-tts and accept the terms, then make sure you're logged in locally with `uvx hf auth login`.
2026-04-19 22:14:39 | WARNING  | tts_engine:_init_kyutai:183 - TTS: Failed to load Kyutai voice 'formal_male': We could not download the weights for the model with voice cloning, but you're trying to use voice cloning. Without voice cloning, you can use our catalog of voices ['alba', 'marius', 'javert', 'jean', 'fantine', 'cosette', 'eponine', 'azelma']. If you want access to the model with voice cloning, go to https://huggingface.co/kyutai/pocket-tts and accept the terms, then make sure you're logged in locally with `uvx hf auth login`.
2026-04-19 22:14:39 | WARNING  | tts_engine:_init_kyutai:183 - TTS: Failed to load Kyutai voice 'casual_female': We could not download the weights for the model with voice cloning, but you're trying to use voice cloning. Without voice cloning, you can use our catalog of voices ['alba', 'marius', 'javert', 'jean', 'fantine', 'cosette', 'eponine', 'azelma']. If you want access to the model with voice cloning, go to https://huggingface.co/kyutai/pocket-tts and accept the terms, then make sure you're logged in locally with `uvx hf auth login`.
2026-04-19 22:14:39 | WARNING  | tts_engine:_init_kyutai:183 - TTS: Failed to load Kyutai voice 'deep_male': We could not download the weights for the model with voice cloning, but you're trying to use voice cloning. Without voice cloning, you can use our catalog of voices ['alba', 'marius', 'javert', 'jean', 'fantine', 'cosette', 'eponine', 'azelma']. If you want access to the model with voice cloning, go to https://huggingface.co/kyutai/pocket-tts and accept the terms, then make sure you're logged in locally with `uvx hf auth login`.
2026-04-19 22:14:39 | WARNING  | tts_engine:_init_kyutai:183 - TTS: Failed to load Kyutai voice 'warm_female': We could not download the weights for the model with voice cloning, but you're trying to use voice cloning. Without voice cloning, you can use our catalog of voices ['alba', 'marius', 'javert', 'jean', 'fantine', 'cosette', 'eponine', 'azelma']. If you want access to the model with voice cloning, go to https://huggingface.co/kyutai/pocket-tts and accept the terms, then make sure you're logged in locally with `uvx hf auth login`.
2026-04-19 22:14:39 | WARNING  | tts_engine:initialize:322 - TTS Engine: Kyutai unavailable, will use HuggingFace fallback
2026-04-19 22:14:39 | INFO     | tts_engine:_init_hf:239 - TTS: Loading HuggingFace SpeechT5 model...
2026-04-19 22:15:51 | ERROR    | tts_engine:_init_hf:261 - TTS: HuggingFace initialization failed: Dataset scripts are no longer supported, but found cmu-arctic-xvectors.py
2026-04-19 22:15:51 | WARNING  | tts_engine:initialize:327 - TTS Engine: No TTS backend available — client must use Android TTS
2026-04-19 22:15:51 | INFO     | __main__:startup_event:111 - TTS Engine: Initialized
2026-04-19 22:40:55 | INFO     | model_manager:_setup_providers:435 - ModelManager: Configured providers: Groq (5 keys), Gemini Flash (5 keys), Gemini Pro (5 keys), Qwen (OpenRouter) (10 keys), OpenRouter Hub (10 keys), Mistral (1 keys), Together AI (1 keys), NVIDIA NIM (1 keys), Cohere (1 keys), Cerebras (1 keys), Hugging Face (1 keys)
2026-04-19 22:40:56 | INFO     | __main__:startup_event:104 - SciAI PRODUCTION ENGINE STARTING...
2026-04-19 22:40:56 | INFO     | cache_service:connect:26 - Redis cache connected successfully
2026-04-19 22:40:56 | INFO     | __main__:startup_event:107 - ModelManager: 11 providers configured
2026-04-19 22:40:56 | INFO     | tts_engine:initialize:316 - TTS Engine: Initializing...
2026-04-19 22:40:56 | INFO     | tts_engine:_init_kyutai:173 - TTS: Loading Kyutai Pocket-TTS model...
2026-04-19 22:40:58 | INFO     | tts_engine:_init_kyutai:175 - TTS: Kyutai model loaded (sample_rate=24000)
2026-04-19 22:40:58 | WARNING  | tts_engine:_init_kyutai:183 - TTS: Failed to load Kyutai voice 'professor': We could not download the weights for the model with voice cloning, but you're trying to use voice cloning. Without voice cloning, you can use our catalog of voices ['alba', 'marius', 'javert', 'jean', 'fantine', 'cosette', 'eponine', 'azelma']. If you want access to the model with voice cloning, go to https://huggingface.co/kyutai/pocket-tts and accept the terms, then make sure you're logged in locally with `uvx hf auth login`.
2026-04-19 22:40:58 | WARNING  | tts_engine:_init_kyutai:183 - TTS: Failed to load Kyutai voice 'energetic': We could not download the weights for the model with voice cloning, but you're trying to use voice cloning. Without voice cloning, you can use our catalog of voices ['alba', 'marius', 'javert', 'jean', 'fantine', 'cosette', 'eponine', 'azelma']. If you want access to the model with voice cloning, go to https://huggingface.co/kyutai/pocket-tts and accept the terms, then make sure you're logged in locally with `uvx hf auth login`.
2026-04-19 22:40:58 | WARNING  | tts_engine:_init_kyutai:183 - TTS: Failed to load Kyutai voice 'storyteller': We could not download the weights for the model with voice cloning, but you're trying to use voice cloning. Without voice cloning, you can use our catalog of voices ['alba', 'marius', 'javert', 'jean', 'fantine', 'cosette', 'eponine', 'azelma']. If you want access to the model with voice cloning, go to https://huggingface.co/kyutai/pocket-tts and accept the terms, then make sure you're logged in locally with `uvx hf auth login`.
2026-04-19 22:40:58 | WARNING  | tts_engine:_init_kyutai:183 - TTS: Failed to load Kyutai voice 'formal_male': We could not download the weights for the model with voice cloning, but you're trying to use voice cloning. Without voice cloning, you can use our catalog of voices ['alba', 'marius', 'javert', 'jean', 'fantine', 'cosette', 'eponine', 'azelma']. If you want access to the model with voice cloning, go to https://huggingface.co/kyutai/pocket-tts and accept the terms, then make sure you're logged in locally with `uvx hf auth login`.
2026-04-19 22:40:58 | WARNING  | tts_engine:_init_kyutai:183 - TTS: Failed to load Kyutai voice 'casual_female': We could not download the weights for the model with voice cloning, but you're trying to use voice cloning. Without voice cloning, you can use our catalog of voices ['alba', 'marius', 'javert', 'jean', 'fantine', 'cosette', 'eponine', 'azelma']. If you want access to the model with voice cloning, go to https://huggingface.co/kyutai/pocket-tts and accept the terms, then make sure you're logged in locally with `uvx hf auth login`.
2026-04-19 22:40:58 | WARNING  | tts_engine:_init_kyutai:183 - TTS: Failed to load Kyutai voice 'deep_male': We could not download the weights for the model with voice cloning, but you're trying to use voice cloning. Without voice cloning, you can use our catalog of voices ['alba', 'marius', 'javert', 'jean', 'fantine', 'cosette', 'eponine', 'azelma']. If you want access to the model with voice cloning, go to https://huggingface.co/kyutai/pocket-tts and accept the terms, then make sure you're logged in locally with `uvx hf auth login`.
2026-04-19 22:40:58 | WARNING  | tts_engine:_init_kyutai:183 - TTS: Failed to load Kyutai voice 'warm_female': We could not download the weights for the model with voice cloning, but you're trying to use voice cloning. Without voice cloning, you can use our catalog of voices ['alba', 'marius', 'javert', 'jean', 'fantine', 'cosette', 'eponine', 'azelma']. If you want access to the model with voice cloning, go to https://huggingface.co/kyutai/pocket-tts and accept the terms, then make sure you're logged in locally with `uvx hf auth login`.
2026-04-19 22:40:58 | WARNING  | tts_engine:initialize:322 - TTS Engine: Kyutai unavailable, will use HuggingFace fallback
2026-04-19 22:40:58 | INFO     | tts_engine:_init_hf:239 - TTS: Loading HuggingFace SpeechT5 model...
2026-04-19 22:41:07 | ERROR    | tts_engine:_init_hf:261 - TTS: HuggingFace initialization failed: Dataset scripts are no longer supported, but found cmu-arctic-xvectors.py
2026-04-19 22:41:07 | WARNING  | tts_engine:initialize:327 - TTS Engine: No TTS backend available — client must use Android TTS
2026-04-19 22:41:07 | INFO     | __main__:startup_event:111 - TTS Engine: Initialized
2026-04-19 22:45:32 | INFO     | model_manager:_setup_providers:435 - ModelManager: Configured providers: Groq (5 keys), Gemini Flash (5 keys), Gemini Pro (5 keys), Qwen (OpenRouter) (10 keys), OpenRouter Hub (10 keys), Mistral (1 keys), Together AI (1 keys), NVIDIA NIM (1 keys), Cohere (1 keys), Cerebras (1 keys), Hugging Face (1 keys)
2026-04-19 22:45:32 | INFO     | __main__:startup_event:104 - SciAI PRODUCTION ENGINE STARTING...
2026-04-19 22:45:32 | INFO     | cache_service:connect:26 - Redis cache connected successfully
2026-04-19 22:45:32 | INFO     | __main__:startup_event:107 - ModelManager: 11 providers configured
2026-04-19 22:45:32 | INFO     | tts_engine:initialize:316 - TTS Engine: Initializing...
2026-04-19 22:45:32 | INFO     | tts_engine:_init_kyutai:173 - TTS: Loading Kyutai Pocket-TTS model...
2026-04-19 22:45:33 | INFO     | tts_engine:_init_kyutai:175 - TTS: Kyutai model loaded (sample_rate=24000)
2026-04-19 22:45:33 | WARNING  | tts_engine:_init_kyutai:183 - TTS: Failed to load Kyutai voice 'professor': We could not download the weights for the model with voice cloning, but you're trying to use voice cloning. Without voice cloning, you can use our catalog of voices ['alba', 'marius', 'javert', 'jean', 'fantine', 'cosette', 'eponine', 'azelma']. If you want access to the model with voice cloning, go to https://huggingface.co/kyutai/pocket-tts and accept the terms, then make sure you're logged in locally with `uvx hf auth login`.
2026-04-19 22:45:34 | WARNING  | tts_engine:_init_kyutai:183 - TTS: Failed to load Kyutai voice 'energetic': We could not download the weights for the model with voice cloning, but you're trying to use voice cloning. Without voice cloning, you can use our catalog of voices ['alba', 'marius', 'javert', 'jean', 'fantine', 'cosette', 'eponine', 'azelma']. If you want access to the model with voice cloning, go to https://huggingface.co/kyutai/pocket-tts and accept the terms, then make sure you're logged in locally with `uvx hf auth login`.
2026-04-19 22:45:34 | WARNING  | tts_engine:_init_kyutai:183 - TTS: Failed to load Kyutai voice 'storyteller': We could not download the weights for the model with voice cloning, but you're trying to use voice cloning. Without voice cloning, you can use our catalog of voices ['alba', 'marius', 'javert', 'jean', 'fantine', 'cosette', 'eponine', 'azelma']. If you want access to the model with voice cloning, go to https://huggingface.co/kyutai/pocket-tts and accept the terms, then make sure you're logged in locally with `uvx hf auth login`.
2026-04-19 22:45:34 | WARNING  | tts_engine:_init_kyutai:183 - TTS: Failed to load Kyutai voice 'formal_male': We could not download the weights for the model with voice cloning, but you're trying to use voice cloning. Without voice cloning, you can use our catalog of voices ['alba', 'marius', 'javert', 'jean', 'fantine', 'cosette', 'eponine', 'azelma']. If you want access to the model with voice cloning, go to https://huggingface.co/kyutai/pocket-tts and accept the terms, then make sure you're logged in locally with `uvx hf auth login`.
2026-04-19 22:45:34 | WARNING  | tts_engine:_init_kyutai:183 - TTS: Failed to load Kyutai voice 'casual_female': We could not download the weights for the model with voice cloning, but you're trying to use voice cloning. Without voice cloning, you can use our catalog of voices ['alba', 'marius', 'javert', 'jean', 'fantine', 'cosette', 'eponine', 'azelma']. If you want access to the model with voice cloning, go to https://huggingface.co/kyutai/pocket-tts and accept the terms, then make sure you're logged in locally with `uvx hf auth login`.
2026-04-19 22:45:34 | WARNING  | tts_engine:_init_kyutai:183 - TTS: Failed to load Kyutai voice 'deep_male': We could not download the weights for the model with voice cloning, but you're trying to use voice cloning. Without voice cloning, you can use our catalog of voices ['alba', 'marius', 'javert', 'jean', 'fantine', 'cosette', 'eponine', 'azelma']. If you want access to the model with voice cloning, go to https://huggingface.co/kyutai/pocket-tts and accept the terms, then make sure you're logged in locally with `uvx hf auth login`.
2026-04-19 22:45:34 | WARNING  | tts_engine:_init_kyutai:183 - TTS: Failed to load Kyutai voice 'warm_female': We could not download the weights for the model with voice cloning, but you're trying to use voice cloning. Without voice cloning, you can use our catalog of voices ['alba', 'marius', 'javert', 'jean', 'fantine', 'cosette', 'eponine', 'azelma']. If you want access to the model with voice cloning, go to https://huggingface.co/kyutai/pocket-tts and accept the terms, then make sure you're logged in locally with `uvx hf auth login`.
2026-04-19 22:45:34 | WARNING  | tts_engine:initialize:322 - TTS Engine: Kyutai unavailable, will use HuggingFace fallback
2026-04-19 22:45:34 | INFO     | tts_engine:_init_hf:239 - TTS: Loading HuggingFace SpeechT5 model...
2026-04-19 22:45:41 | ERROR    | tts_engine:_init_hf:261 - TTS: HuggingFace initialization failed: Dataset scripts are no longer supported, but found cmu-arctic-xvectors.py
2026-04-19 22:45:41 | WARNING  | tts_engine:initialize:327 - TTS Engine: No TTS backend available — client must use Android TTS
2026-04-19 22:45:42 | INFO     | __main__:startup_event:111 - TTS Engine: Initialized
2026-04-19 22:52:11 | INFO     | model_manager:_setup_providers:435 - ModelManager: Configured providers: Groq (5 keys), Gemini Flash (5 keys), Gemini Pro (5 keys), Qwen (OpenRouter) (10 keys), OpenRouter Hub (10 keys), Mistral (1 keys), Together AI (1 keys), NVIDIA NIM (1 keys), Cohere (1 keys), Cerebras (1 keys), Hugging Face (1 keys)
2026-04-19 22:52:12 | INFO     | __main__:startup_event:104 - SciAI PRODUCTION ENGINE STARTING...
2026-04-19 22:52:12 | INFO     | cache_service:connect:26 - Redis cache connected successfully
2026-04-19 22:52:12 | INFO     | __main__:startup_event:107 - ModelManager: 11 providers configured
2026-04-19 22:52:12 | INFO     | tts_engine:initialize:316 - TTS Engine: Initializing...
2026-04-19 22:52:12 | INFO     | tts_engine:_init_kyutai:173 - TTS: Loading Kyutai Pocket-TTS model...
2026-04-19 22:52:13 | INFO     | tts_engine:_init_kyutai:175 - TTS: Kyutai model loaded (sample_rate=24000)
2026-04-19 22:52:13 | WARNING  | tts_engine:_init_kyutai:183 - TTS: Failed to load Kyutai voice 'professor': We could not download the weights for the model with voice cloning, but you're trying to use voice cloning. Without voice cloning, you can use our catalog of voices ['alba', 'marius', 'javert', 'jean', 'fantine', 'cosette', 'eponine', 'azelma']. If you want access to the model with voice cloning, go to https://huggingface.co/kyutai/pocket-tts and accept the terms, then make sure you're logged in locally with `uvx hf auth login`.
2026-04-19 22:52:13 | WARNING  | tts_engine:_init_kyutai:183 - TTS: Failed to load Kyutai voice 'energetic': We could not download the weights for the model with voice cloning, but you're trying to use voice cloning. Without voice cloning, you can use our catalog of voices ['alba', 'marius', 'javert', 'jean', 'fantine', 'cosette', 'eponine', 'azelma']. If you want access to the model with voice cloning, go to https://huggingface.co/kyutai/pocket-tts and accept the terms, then make sure you're logged in locally with `uvx hf auth login`.
2026-04-19 22:52:13 | WARNING  | tts_engine:_init_kyutai:183 - TTS: Failed to load Kyutai voice 'storyteller': We could not download the weights for the model with voice cloning, but you're trying to use voice cloning. Without voice cloning, you can use our catalog of voices ['alba', 'marius', 'javert', 'jean', 'fantine', 'cosette', 'eponine', 'azelma']. If you want access to the model with voice cloning, go to https://huggingface.co/kyutai/pocket-tts and accept the terms, then make sure you're logged in locally with `uvx hf auth login`.
2026-04-19 22:52:13 | WARNING  | tts_engine:_init_kyutai:183 - TTS: Failed to load Kyutai voice 'formal_male': We could not download the weights for the model with voice cloning, but you're trying to use voice cloning. Without voice cloning, you can use our catalog of voices ['alba', 'marius', 'javert', 'jean', 'fantine', 'cosette', 'eponine', 'azelma']. If you want access to the model with voice cloning, go to https://huggingface.co/kyutai/pocket-tts and accept the terms, then make sure you're logged in locally with `uvx hf auth login`.
2026-04-19 22:52:13 | WARNING  | tts_engine:_init_kyutai:183 - TTS: Failed to load Kyutai voice 'casual_female': We could not download the weights for the model with voice cloning, but you're trying to use voice cloning. Without voice cloning, you can use our catalog of voices ['alba', 'marius', 'javert', 'jean', 'fantine', 'cosette', 'eponine', 'azelma']. If you want access to the model with voice cloning, go to https://huggingface.co/kyutai/pocket-tts and accept the terms, then make sure you're logged in locally with `uvx hf auth login`.
2026-04-19 22:52:13 | WARNING  | tts_engine:_init_kyutai:183 - TTS: Failed to load Kyutai voice 'deep_male': We could not download the weights for the model with voice cloning, but you're trying to use voice cloning. Without voice cloning, you can use our catalog of voices ['alba', 'marius', 'javert', 'jean', 'fantine', 'cosette', 'eponine', 'azelma']. If you want access to the model with voice cloning, go to https://huggingface.co/kyutai/pocket-tts and accept the terms, then make sure you're logged in locally with `uvx hf auth login`.
2026-04-19 22:52:13 | WARNING  | tts_engine:_init_kyutai:183 - TTS: Failed to load Kyutai voice 'warm_female': We could not download the weights for the model with voice cloning, but you're trying to use voice cloning. Without voice cloning, you can use our catalog of voices ['alba', 'marius', 'javert', 'jean', 'fantine', 'cosette', 'eponine', 'azelma']. If you want access to the model with voice cloning, go to https://huggingface.co/kyutai/pocket-tts and accept the terms, then make sure you're logged in locally with `uvx hf auth login`.
2026-04-19 22:52:13 | WARNING  | tts_engine:initialize:322 - TTS Engine: Kyutai unavailable, will use HuggingFace fallback
2026-04-19 22:52:13 | INFO     | tts_engine:_init_hf:239 - TTS: Loading HuggingFace SpeechT5 model...
2026-04-19 22:52:21 | ERROR    | tts_engine:_init_hf:261 - TTS: HuggingFace initialization failed: Dataset scripts are no longer supported, but found cmu-arctic-xvectors.py
2026-04-19 22:52:21 | WARNING  | tts_engine:initialize:327 - TTS Engine: No TTS backend available — client must use Android TTS
2026-04-19 22:52:21 | INFO     | __main__:startup_event:111 - TTS Engine: Initialized
2026-04-19 23:00:41 | INFO     | model_manager:_setup_providers:435 - ModelManager: Configured providers: Groq (5 keys), Gemini Flash (5 keys), Gemini Pro (5 keys), Qwen (OpenRouter) (10 keys), OpenRouter Hub (10 keys), Mistral (1 keys), Together AI (1 keys), NVIDIA NIM (1 keys), Cohere (1 keys), Cerebras (1 keys), Hugging Face (1 keys)
2026-04-19 23:00:42 | INFO     | __main__:startup_event:104 - SciAI PRODUCTION ENGINE STARTING...
2026-04-19 23:00:42 | INFO     | cache_service:connect:26 - Redis cache connected successfully
2026-04-19 23:00:42 | INFO     | __main__:startup_event:107 - ModelManager: 11 providers configured
2026-04-19 23:00:42 | INFO     | tts_engine:initialize:324 - TTS Engine: Initializing...
2026-04-19 23:00:42 | INFO     | tts_engine:_init_kyutai:173 - TTS: Loading Kyutai Pocket-TTS model...
2026-04-19 23:00:43 | INFO     | tts_engine:_init_kyutai:175 - TTS: Kyutai model loaded (sample_rate=24000)
2026-04-19 23:00:43 | INFO     | tts_engine:_init_kyutai:182 - TTS: Loaded Kyutai catalog voice 'professor' (alba)
2026-04-19 23:00:46 | INFO     | tts_engine:_init_kyutai:182 - TTS: Loaded Kyutai catalog voice 'energetic' (cosette)
2026-04-19 23:00:47 | INFO     | tts_engine:_init_kyutai:182 - TTS: Loaded Kyutai catalog voice 'storyteller' (fantine)
2026-04-19 23:00:49 | INFO     | tts_engine:_init_kyutai:182 - TTS: Loaded Kyutai catalog voice 'formal_male' (marius)
2026-04-19 23:00:50 | INFO     | tts_engine:_init_kyutai:182 - TTS: Loaded Kyutai catalog voice 'casual_female' (eponine)
2026-04-19 23:00:52 | INFO     | tts_engine:_init_kyutai:182 - TTS: Loaded Kyutai catalog voice 'deep_male' (javert)
2026-04-19 23:00:53 | INFO     | tts_engine:_init_kyutai:182 - TTS: Loaded Kyutai catalog voice 'warm_female' (azelma)
2026-04-19 23:00:53 | INFO     | tts_engine:initialize:328 - TTS Engine: Kyutai Pocket-TTS ready (Tier 1)
2026-04-19 23:00:53 | INFO     | __main__:startup_event:111 - TTS Engine: Initialized
2026-04-19 23:03:03 | INFO     | __main__:ask_question:210 - Question: cell | Hybrid: True | Book: None
2026-04-19 23:03:03 | INFO     | faiss_store:ensure_loaded:52 - FAISS: Loading index from disk (mtime changed)...
2026-04-19 23:03:03 | INFO     | faiss_store:load:87 - FAISS: Loaded 1461 vectors of type IndexIDMap2.
2026-04-19 23:03:03 | INFO     | faiss_store:get_model:15 - Loading embedding model...
2026-04-19 23:03:11 | INFO     | faiss_store:search:199 - FAISS Search: query='cell...', search_k=25, ntotal=1461
2026-04-19 23:03:11 | INFO     | faiss_store:search:227 - FAISS Search: Matches for book_id=None: 6
2026-04-19 23:03:11 | INFO     | live_articles:search_articles:244 - Article Search: 'cell' | Page: 1
2026-04-19 23:03:12 | INFO     | live_articles:search_articles:253 - Adding PubMed task for 'cell'
2026-04-19 23:03:12 | INFO     | live_articles:search_articles:256 - Adding arXiv task for 'cell'
2026-04-19 23:03:12 | INFO     | live_articles:search_articles:263 - Adding Wikipedia task for 'cell'
2026-04-19 23:03:12 | INFO     | live_articles:fetch_pubmed:106 - PubMed: Searching for 'cell' (retmax=10)
2026-04-19 23:03:14 | INFO     | live_articles:fetch_pubmed:124 - PubMed search returned 10 IDs (Total: 8949086)
2026-04-19 23:03:15 | INFO     | live_articles:fetch_pubmed:180 - PubMed: Successfully parsed 10 articles.
2026-04-19 23:03:15 | INFO     | live_articles:search_articles:289 - Source 0 returned 10 articles (Total in source: 8949086)
2026-04-19 23:03:15 | INFO     | live_articles:search_articles:289 - Source 1 returned 10 articles (Total in source: 52480)
2026-04-19 23:03:15 | INFO     | live_articles:search_articles:293 - Wikipedia returned 0 articles
2026-04-19 23:03:15 | INFO     | model_manager:generate:714 - ModelManager: Trying Gemini Flash (Tier 2) [key …rBrkTk]
2026-04-19 23:03:19 | ERROR    | model_manager:generate:754 - ModelManager: ❌ Gemini Flash error: Gemini Flash: HTTP 503 — {
  "error": {
    "code": 503,
    "message": "This model is currently experiencing high demand. Spikes in demand are usually temporary. Please try again later.",
    "status": "UNAVAILABLE"
  }
}

2026-04-19 23:03:19 | INFO     | model_manager:generate:714 - ModelManager: Trying Groq (Tier 1) [key …DURcU2]
2026-04-19 23:03:23 | INFO     | model_manager:generate:741 - ModelManager: ✅ Groq succeeded (3365 chars)
2026-04-19 23:03:23 | INFO     | llm_engine:generate_hybrid_answer:67 - LLM: Hybrid generation via Groq
2026-04-19 23:03:25 | INFO     | __main__:text_to_speech:476 - TTS: Processing 3289 chars, style=professor, mode=Expert
2026-04-19 23:03:25 | INFO     | model_manager:generate:714 - ModelManager: Trying Groq (Tier 1) [key …l8NUH9]
2026-04-19 23:03:26 | INFO     | model_manager:generate:741 - ModelManager: ✅ Groq succeeded (3490 chars)
2026-04-19 23:03:26 | INFO     | tts_text_processor:optimize_for_speech:279 - TTS: Text optimized via Groq (3289 → 3490 chars)
2026-04-19 23:03:26 | INFO     | tts_engine:generate:361 - TTS: Processing 8 chunks
2026-04-19 23:03:34 | INFO     | __main__:text_to_speech:476 - TTS: Processing 3289 chars, style=professor, mode=Expert
2026-04-19 23:03:34 | INFO     | model_manager:generate:714 - ModelManager: Trying Groq (Tier 1) [key …1ls9p2]
2026-04-19 23:03:34 | INFO     | model_manager:generate:741 - ModelManager: ✅ Groq succeeded (3275 chars)
2026-04-19 23:03:34 | INFO     | tts_text_processor:optimize_for_speech:279 - TTS: Text optimized via Groq (3289 → 3275 chars)
2026-04-19 23:03:34 | INFO     | tts_engine:generate:361 - TTS: Processing 8 chunks
2026-04-19 23:04:06 | INFO     | tts_engine:_kyutai_generate:217 - TTS: Kyutai generated 1251884 bytes (professor)
2026-04-19 23:04:14 | INFO     | tts_engine:_kyutai_generate:217 - TTS: Kyutai generated 1309484 bytes (professor)
2026-04-19 23:04:34 | INFO     | __main__:text_to_speech:476 - TTS: Processing 3289 chars, style=professor, mode=Expert
2026-04-19 23:04:34 | INFO     | model_manager:generate:714 - ModelManager: Trying Groq (Tier 1) [key …9pzhKT]
2026-04-19 23:04:36 | INFO     | model_manager:generate:741 - ModelManager: ✅ Groq succeeded (3465 chars)
2026-04-19 23:04:36 | INFO     | tts_text_processor:optimize_for_speech:279 - TTS: Text optimized via Groq (3289 → 3465 chars)
2026-04-19 23:04:36 | INFO     | tts_engine:generate:361 - TTS: Processing 8 chunks
2026-04-19 23:04:49 | INFO     | tts_engine:_kyutai_generate:217 - TTS: Kyutai generated 1355564 bytes (professor)
2026-04-19 23:04:55 | INFO     | tts_engine:_kyutai_generate:217 - TTS: Kyutai generated 1201964 bytes (professor)
2026-04-19 23:05:13 | INFO     | tts_engine:_kyutai_generate:217 - TTS: Kyutai generated 1056044 bytes (professor)
2026-04-19 23:05:26 | INFO     | tts_engine:_kyutai_generate:217 - TTS: Kyutai generated 986924 bytes (professor)
2026-04-19 23:05:31 | INFO     | tts_engine:_kyutai_generate:217 - TTS: Kyutai generated 1313324 bytes (professor)
2026-04-19 23:06:04 | INFO     | tts_engine:_kyutai_generate:217 - TTS: Kyutai generated 1489964 bytes (professor)
2026-04-19 23:06:13 | INFO     | tts_engine:_kyutai_generate:217 - TTS: Kyutai generated 1286444 bytes (professor)
2026-04-19 23:06:25 | INFO     | tts_engine:_kyutai_generate:217 - TTS: Kyutai generated 1455404 bytes (professor)
2026-04-19 23:06:57 | INFO     | tts_engine:_kyutai_generate:217 - TTS: Kyutai generated 1478444 bytes (professor)
2026-04-19 23:07:00 | INFO     | tts_engine:_kyutai_generate:217 - TTS: Kyutai generated 1305644 bytes (professor)
2026-04-19 23:07:06 | INFO     | tts_engine:_kyutai_generate:217 - TTS: Kyutai generated 1105964 bytes (professor)
2026-04-19 23:07:43 | INFO     | tts_engine:_kyutai_generate:217 - TTS: Kyutai generated 963884 bytes (professor)
2026-04-19 23:07:51 | INFO     | tts_engine:_kyutai_generate:217 - TTS: Kyutai generated 1086764 bytes (professor)
2026-04-19 23:08:00 | INFO     | tts_engine:_kyutai_generate:217 - TTS: Kyutai generated 1489964 bytes (professor)
2026-04-19 23:08:28 | INFO     | tts_engine:_kyutai_generate:217 - TTS: Kyutai generated 1205804 bytes (professor)
2026-04-19 23:08:42 | INFO     | tts_engine:_kyutai_generate:217 - TTS: Kyutai generated 1347884 bytes (professor)
2026-04-19 23:08:48 | INFO     | tts_engine:_kyutai_generate:217 - TTS: Kyutai generated 1294124 bytes (professor)
2026-04-19 23:08:55 | INFO     | tts_engine:_kyutai_generate:217 - TTS: Kyutai generated 771884 bytes (professor)
2026-04-19 23:09:32 | INFO     | model_manager:_setup_providers:435 - ModelManager: Configured providers: Groq (5 keys), Gemini Flash (5 keys), Gemini Pro (5 keys), Qwen (OpenRouter) (10 keys), OpenRouter Hub (10 keys), Mistral (1 keys), Together AI (1 keys), NVIDIA NIM (1 keys), Cohere (1 keys), Cerebras (1 keys), Hugging Face (1 keys)
2026-04-19 23:09:33 | INFO     | __main__:startup_event:104 - SciAI PRODUCTION ENGINE STARTING...
2026-04-19 23:09:33 | INFO     | cache_service:connect:26 - Redis cache connected successfully
2026-04-19 23:09:33 | INFO     | __main__:startup_event:107 - ModelManager: 11 providers configured
2026-04-19 23:09:33 | INFO     | tts_engine:initialize:328 - TTS Engine: Initializing...
2026-04-19 23:09:34 | INFO     | tts_engine:_init_kyutai:173 - TTS: Loading Kyutai Pocket-TTS model...
2026-04-19 23:09:35 | INFO     | tts_engine:_init_kyutai:175 - TTS: Kyutai model loaded (sample_rate=24000)
2026-04-19 23:09:35 | INFO     | tts_engine:_init_kyutai:182 - TTS: Loaded Kyutai catalog voice 'professor' (alba)
2026-04-19 23:09:35 | INFO     | tts_engine:_init_kyutai:182 - TTS: Loaded Kyutai catalog voice 'energetic' (cosette)
2026-04-19 23:09:35 | INFO     | tts_engine:_init_kyutai:182 - TTS: Loaded Kyutai catalog voice 'storyteller' (fantine)
2026-04-19 23:09:35 | INFO     | tts_engine:_init_kyutai:182 - TTS: Loaded Kyutai catalog voice 'formal_male' (marius)
2026-04-19 23:09:35 | INFO     | tts_engine:_init_kyutai:182 - TTS: Loaded Kyutai catalog voice 'casual_female' (eponine)
2026-04-19 23:09:35 | INFO     | tts_engine:_init_kyutai:182 - TTS: Loaded Kyutai catalog voice 'deep_male' (javert)
2026-04-19 23:09:35 | INFO     | tts_engine:_init_kyutai:182 - TTS: Loaded Kyutai catalog voice 'warm_female' (azelma)
2026-04-19 23:09:35 | INFO     | tts_engine:initialize:332 - TTS Engine: Kyutai Pocket-TTS ready (Tier 1)
2026-04-19 23:09:35 | INFO     | __main__:startup_event:111 - TTS Engine: Initialized
2026-04-19 23:09:50 | INFO     | __main__:ask_question:210 - Question: cell | Hybrid: True | Book: None
2026-04-19 23:09:50 | INFO     | faiss_store:ensure_loaded:52 - FAISS: Loading index from disk (mtime changed)...
2026-04-19 23:09:50 | INFO     | faiss_store:load:87 - FAISS: Loaded 1461 vectors of type IndexIDMap2.
2026-04-19 23:09:50 | INFO     | faiss_store:get_model:15 - Loading embedding model...
2026-04-19 23:09:56 | INFO     | faiss_store:search:199 - FAISS Search: query='cell...', search_k=25, ntotal=1461
2026-04-19 23:09:56 | INFO     | faiss_store:search:227 - FAISS Search: Matches for book_id=None: 6
2026-04-19 23:09:56 | INFO     | live_articles:search_articles:244 - Article Search: 'cell' | Page: 1
2026-04-19 23:09:56 | INFO     | live_articles:search_articles:253 - Adding PubMed task for 'cell'
2026-04-19 23:09:56 | INFO     | live_articles:search_articles:256 - Adding arXiv task for 'cell'
2026-04-19 23:09:56 | INFO     | live_articles:search_articles:263 - Adding Wikipedia task for 'cell'
2026-04-19 23:09:57 | INFO     | live_articles:search_articles:289 - Source 0 returned 10 articles (Total in source: 8949086)
2026-04-19 23:09:57 | INFO     | live_articles:search_articles:289 - Source 1 returned 10 articles (Total in source: 52480)
2026-04-19 23:09:57 | INFO     | live_articles:search_articles:293 - Wikipedia returned 0 articles
2026-04-19 23:09:57 | INFO     | model_manager:generate:714 - ModelManager: Trying Gemini Flash (Tier 2) [key …rBrkTk]
2026-04-19 23:10:08 | INFO     | model_manager:generate:741 - ModelManager: ✅ Gemini Flash succeeded (3648 chars)
2026-04-19 23:10:08 | INFO     | llm_engine:generate_hybrid_answer:67 - LLM: Hybrid generation via Gemini Flash
2026-04-19 23:10:17 | INFO     | __main__:text_to_speech:476 - TTS: Processing 3576 chars, style=professor, mode=Exam
2026-04-19 23:10:17 | INFO     | model_manager:generate:714 - ModelManager: Trying Groq (Tier 1) [key …DURcU2]
2026-04-19 23:10:18 | INFO     | model_manager:generate:741 - ModelManager: ✅ Groq succeeded (3396 chars)
2026-04-19 23:10:18 | INFO     | tts_text_processor:optimize_for_speech:279 - TTS: Text optimized via Groq (3522 → 3396 chars)
2026-04-19 23:10:18 | INFO     | tts_engine:generate:365 - TTS: Processing 8 chunks in parallel (max 4)
2026-04-19 23:10:18 | INFO     | __main__:text_to_speech:476 - TTS: Processing 3576 chars, style=professor, mode=Exam
2026-04-19 23:10:18 | INFO     | model_manager:generate:714 - ModelManager: Trying Groq (Tier 1) [key …l8NUH9]
2026-04-19 23:10:19 | INFO     | model_manager:generate:741 - ModelManager: ✅ Groq succeeded (3142 chars)
2026-04-19 23:10:19 | INFO     | tts_text_processor:optimize_for_speech:279 - TTS: Text optimized via Groq (3522 → 3142 chars)
2026-04-19 23:10:19 | INFO     | tts_engine:generate:365 - TTS: Processing 8 chunks in parallel (max 4)
2026-04-19 23:11:24 | INFO     | tts_engine:_kyutai_generate:217 - TTS: Kyutai generated 1136684 bytes (professor)
2026-04-19 23:11:25 | INFO     | tts_engine:_kyutai_generate:217 - TTS: Kyutai generated 1140524 bytes (professor)
2026-04-19 23:11:38 | INFO     | tts_engine:_kyutai_generate:217 - TTS: Kyutai generated 1432364 bytes (professor)
2026-04-19 23:11:41 | INFO     | tts_engine:_kyutai_generate:217 - TTS: Kyutai generated 1459244 bytes (professor)
2026-04-19 23:11:55 | INFO     | tts_engine:_kyutai_generate:217 - TTS: Kyutai generated 288044 bytes (professor)
2026-04-19 23:12:22 | INFO     | tts_engine:_kyutai_generate:217 - TTS: Kyutai generated 1263404 bytes (professor)
2026-04-19 23:12:24 | INFO     | tts_engine:_kyutai_generate:217 - TTS: Kyutai generated 1274924 bytes (professor)
2026-04-19 23:12:37 | INFO     | tts_engine:_kyutai_generate:217 - TTS: Kyutai generated 1294124 bytes (professor)
2026-04-19 23:12:50 | INFO     | tts_engine:_kyutai_generate:217 - TTS: Kyutai generated 1228844 bytes (professor)
2026-04-19 23:13:12 | INFO     | tts_engine:_kyutai_generate:217 - TTS: Kyutai generated 1044524 bytes (professor)
2026-04-19 23:13:14 | INFO     | tts_engine:_kyutai_generate:217 - TTS: Kyutai generated 1113644 bytes (professor)
2026-04-19 23:13:28 | INFO     | tts_engine:_kyutai_generate:217 - TTS: Kyutai generated 1113644 bytes (professor)
2026-04-19 23:15:13 | INFO     | model_manager:_setup_providers:435 - ModelManager: Configured providers: Groq (5 keys), Gemini Flash (5 keys), Gemini Pro (5 keys), Qwen (OpenRouter) (10 keys), OpenRouter Hub (10 keys), Mistral (1 keys), Together AI (1 keys), NVIDIA NIM (1 keys), Cohere (1 keys), Cerebras (1 keys), Hugging Face (1 keys)
2026-04-19 23:15:13 | INFO     | __main__:startup_event:104 - SciAI PRODUCTION ENGINE STARTING...
2026-04-19 23:15:13 | INFO     | cache_service:connect:26 - Redis cache connected successfully
2026-04-19 23:15:13 | INFO     | __main__:startup_event:107 - ModelManager: 11 providers configured
2026-04-19 23:15:13 | INFO     | tts_engine:initialize:328 - TTS Engine: Initializing...
2026-04-19 23:15:14 | INFO     | tts_engine:_init_kyutai:173 - TTS: Loading Kyutai Pocket-TTS model...
2026-04-19 23:15:15 | INFO     | tts_engine:_init_kyutai:175 - TTS: Kyutai model loaded (sample_rate=24000)
2026-04-19 23:15:15 | INFO     | tts_engine:_init_kyutai:182 - TTS: Loaded Kyutai catalog voice 'professor' (alba)
2026-04-19 23:15:15 | INFO     | tts_engine:_init_kyutai:182 - TTS: Loaded Kyutai catalog voice 'energetic' (cosette)
2026-04-19 23:15:15 | INFO     | tts_engine:_init_kyutai:182 - TTS: Loaded Kyutai catalog voice 'storyteller' (fantine)
2026-04-19 23:15:15 | INFO     | tts_engine:_init_kyutai:182 - TTS: Loaded Kyutai catalog voice 'formal_male' (marius)
2026-04-19 23:15:15 | INFO     | tts_engine:_init_kyutai:182 - TTS: Loaded Kyutai catalog voice 'casual_female' (eponine)
2026-04-19 23:15:15 | INFO     | tts_engine:_init_kyutai:182 - TTS: Loaded Kyutai catalog voice 'deep_male' (javert)
2026-04-19 23:15:15 | INFO     | tts_engine:_init_kyutai:182 - TTS: Loaded Kyutai catalog voice 'warm_female' (azelma)
2026-04-19 23:15:15 | INFO     | tts_engine:initialize:332 - TTS Engine: Kyutai Pocket-TTS ready (Tier 1)
2026-04-19 23:15:15 | INFO     | __main__:startup_event:111 - TTS Engine: Initialized
2026-04-19 23:15:46 | INFO     | __main__:ask_question:210 - Question: cell | Hybrid: True | Book: None
2026-04-19 23:15:46 | INFO     | faiss_store:ensure_loaded:52 - FAISS: Loading index from disk (mtime changed)...
2026-04-19 23:15:46 | INFO     | faiss_store:load:87 - FAISS: Loaded 1461 vectors of type IndexIDMap2.
2026-04-19 23:15:46 | INFO     | faiss_store:get_model:15 - Loading embedding model...
2026-04-19 23:15:51 | INFO     | faiss_store:search:199 - FAISS Search: query='cell...', search_k=25, ntotal=1461
2026-04-19 23:15:51 | INFO     | faiss_store:search:227 - FAISS Search: Matches for book_id=None: 6
2026-04-19 23:15:51 | INFO     | live_articles:search_articles:244 - Article Search: 'cell' | Page: 1
2026-04-19 23:15:51 | INFO     | live_articles:search_articles:253 - Adding PubMed task for 'cell'
2026-04-19 23:15:51 | INFO     | live_articles:search_articles:256 - Adding arXiv task for 'cell'
2026-04-19 23:15:51 | INFO     | live_articles:search_articles:263 - Adding Wikipedia task for 'cell'
2026-04-19 23:15:52 | INFO     | live_articles:search_articles:289 - Source 0 returned 10 articles (Total in source: 8949086)
2026-04-19 23:15:52 | INFO     | live_articles:search_articles:289 - Source 1 returned 10 articles (Total in source: 52480)
2026-04-19 23:15:52 | INFO     | live_articles:search_articles:293 - Wikipedia returned 0 articles
2026-04-19 23:15:52 | INFO     | model_manager:generate:714 - ModelManager: Trying Gemini Flash (Tier 2) [key …rBrkTk]
2026-04-19 23:15:57 | INFO     | __main__:text_to_speech:476 - TTS: Processing 1983 chars, style=professor, mode=Exam
2026-04-19 23:15:57 | INFO     | model_manager:generate:714 - ModelManager: Trying Groq (Tier 1) [key …DURcU2]
2026-04-19 23:15:58 | INFO     | __main__:ask_question:210 - Question: cell | Hybrid: True | Book: None
2026-04-19 23:15:58 | INFO     | faiss_store:search:199 - FAISS Search: query='cell...', search_k=25, ntotal=1461
2026-04-19 23:15:58 | INFO     | faiss_store:search:227 - FAISS Search: Matches for book_id=None: 6
2026-04-19 23:15:58 | INFO     | live_articles:search_articles:244 - Article Search: 'cell' | Page: 1
2026-04-19 23:15:58 | INFO     | live_articles:search_articles:253 - Adding PubMed task for 'cell'
2026-04-19 23:15:58 | INFO     | live_articles:search_articles:256 - Adding arXiv task for 'cell'
2026-04-19 23:15:58 | INFO     | live_articles:search_articles:263 - Adding Wikipedia task for 'cell'
2026-04-19 23:15:59 | INFO     | live_articles:search_articles:289 - Source 0 returned 10 articles (Total in source: 8949086)
2026-04-19 23:15:59 | INFO     | live_articles:search_articles:289 - Source 1 returned 10 articles (Total in source: 52480)
2026-04-19 23:15:59 | INFO     | live_articles:search_articles:293 - Wikipedia returned 0 articles
2026-04-19 23:15:59 | INFO     | model_manager:generate:714 - ModelManager: Trying Gemini Flash (Tier 2) [key …nQKpEg]
2026-04-19 23:16:00 | INFO     | model_manager:generate:741 - ModelManager: ✅ Groq succeeded (3065 chars)
2026-04-19 23:16:00 | INFO     | tts_text_processor:optimize_for_speech:279 - TTS: Text optimized via Groq (1934 → 3065 chars)
2026-04-19 23:16:00 | INFO     | tts_engine:generate:367 - TTS: Capping long text (7 chunks) to 4 chunks for responsiveness
2026-04-19 23:16:00 | INFO     | tts_engine:generate:382 - TTS: Generating 4 chunks...
2026-04-19 23:16:07 | INFO     | model_manager:generate:741 - ModelManager: ✅ Gemini Flash succeeded (3609 chars)
2026-04-19 23:16:07 | INFO     | llm_engine:generate_hybrid_answer:67 - LLM: Hybrid generation via Gemini Flash
2026-04-19 23:16:10 | INFO     | model_manager:generate:741 - ModelManager: ✅ Gemini Flash succeeded (3913 chars)
2026-04-19 23:16:10 | INFO     | llm_engine:generate_hybrid_answer:67 - LLM: Hybrid generation via Gemini Flash
2026-04-19 23:17:15 | INFO     | model_manager:_setup_providers:435 - ModelManager: Configured providers: Groq (5 keys), Gemini Flash (5 keys), Gemini Pro (5 keys), Qwen (OpenRouter) (10 keys), OpenRouter Hub (10 keys), Mistral (1 keys), Together AI (1 keys), NVIDIA NIM (1 keys), Cohere (1 keys), Cerebras (1 keys), Hugging Face (1 keys)
2026-04-19 23:17:15 | INFO     | __main__:startup_event:104 - SciAI PRODUCTION ENGINE STARTING...
2026-04-19 23:17:15 | INFO     | cache_service:connect:26 - Redis cache connected successfully
2026-04-19 23:17:15 | INFO     | __main__:startup_event:107 - ModelManager: 11 providers configured
2026-04-19 23:17:15 | INFO     | tts_engine:initialize:328 - TTS Engine: Initializing...
2026-04-19 23:17:15 | INFO     | tts_engine:_init_kyutai:173 - TTS: Loading Kyutai Pocket-TTS model...
2026-04-19 23:17:17 | INFO     | tts_engine:_init_kyutai:175 - TTS: Kyutai model loaded (sample_rate=24000)
2026-04-19 23:17:17 | INFO     | tts_engine:_init_kyutai:182 - TTS: Loaded Kyutai catalog voice 'professor' (alba)
2026-04-19 23:17:17 | INFO     | tts_engine:_init_kyutai:182 - TTS: Loaded Kyutai catalog voice 'energetic' (cosette)
2026-04-19 23:17:17 | INFO     | tts_engine:_init_kyutai:182 - TTS: Loaded Kyutai catalog voice 'storyteller' (fantine)
2026-04-19 23:17:17 | INFO     | tts_engine:_init_kyutai:182 - TTS: Loaded Kyutai catalog voice 'formal_male' (marius)
2026-04-19 23:17:17 | INFO     | tts_engine:_init_kyutai:182 - TTS: Loaded Kyutai catalog voice 'casual_female' (eponine)
2026-04-19 23:17:17 | INFO     | tts_engine:_init_kyutai:182 - TTS: Loaded Kyutai catalog voice 'deep_male' (javert)
2026-04-19 23:17:17 | INFO     | tts_engine:_init_kyutai:182 - TTS: Loaded Kyutai catalog voice 'warm_female' (azelma)
2026-04-19 23:17:17 | INFO     | tts_engine:initialize:332 - TTS Engine: Kyutai Pocket-TTS ready (Tier 1)
2026-04-19 23:17:17 | INFO     | __main__:startup_event:111 - TTS Engine: Initialized
2026-04-19 23:17:34 | INFO     | model_manager:generate:714 - ModelManager: Trying Groq (Tier 1) [key …DURcU2]
2026-04-19 23:17:35 | INFO     | model_manager:generate:741 - ModelManager: ✅ Groq succeeded (146 chars)
2026-04-19 23:17:35 | INFO     | controller_prompt:classify:153 - Controller: Routing via Groq
2026-04-19 23:17:40 | INFO     | model_manager:generate:714 - ModelManager: Trying Groq (Tier 1) [key …l8NUH9]
2026-04-19 23:17:41 | INFO     | model_manager:generate:741 - ModelManager: ✅ Groq succeeded (141 chars)
2026-04-19 23:17:41 | INFO     | controller_prompt:classify:153 - Controller: Routing via Groq
2026-04-19 23:17:44 | INFO     | model_manager:generate:714 - ModelManager: Trying Groq (Tier 1) [key …1ls9p2]
2026-04-19 23:17:44 | INFO     | model_manager:generate:741 - ModelManager: ✅ Groq succeeded (147 chars)
2026-04-19 23:17:44 | INFO     | controller_prompt:classify:153 - Controller: Routing via Groq
2026-04-19 23:17:45 | INFO     | __main__:ask_question:210 - Question: cell membrane modifications
 | Hybrid: True | Book: None
2026-04-19 23:17:45 | INFO     | faiss_store:ensure_loaded:52 - FAISS: Loading index from disk (mtime changed)...
2026-04-19 23:17:45 | INFO     | faiss_store:load:87 - FAISS: Loaded 1461 vectors of type IndexIDMap2.
2026-04-19 23:17:45 | INFO     | faiss_store:get_model:15 - Loading embedding model...
2026-04-19 23:17:50 | INFO     | faiss_store:search:199 - FAISS Search: query='cell membrane modifications
...', search_k=25, ntotal=1461
2026-04-19 23:17:50 | INFO     | faiss_store:search:227 - FAISS Search: Matches for book_id=None: 0
2026-04-19 23:17:50 | INFO     | live_articles:search_articles:244 - Article Search: 'cell membrane modifications
' | Page: 1
2026-04-19 23:17:51 | INFO     | live_articles:search_articles:253 - Adding PubMed task for 'cell membrane modifications
'
2026-04-19 23:17:51 | INFO     | live_articles:search_articles:256 - Adding arXiv task for 'cell membrane modifications
'
2026-04-19 23:17:51 | INFO     | live_articles:search_articles:263 - Adding Wikipedia task for 'cell membrane modifications
'
2026-04-19 23:17:51 | INFO     | live_articles:fetch_pubmed:106 - PubMed: Searching for 'cell membrane modifications
' (retmax=10)
2026-04-19 23:17:51 | ERROR    | live_articles:fetch_arxiv:238 - arXiv API error: Invalid non-printable ASCII character in URL, '\n' at position 78.
2026-04-19 23:17:51 | ERROR    | live_articles:fetch_pubmed:187 - PubMed final error: InvalidURL: Invalid non-printable ASCII character in URL, '\n' at position 101.
2026-04-19 23:17:51 | INFO     | live_articles:search_articles:289 - Source 0 returned 0 articles (Total in source: 0)
2026-04-19 23:17:51 | INFO     | live_articles:search_articles:289 - Source 1 returned 0 articles (Total in source: 0)
2026-04-19 23:17:51 | INFO     | live_articles:search_articles:293 - Wikipedia returned 0 articles
2026-04-19 23:17:51 | INFO     | model_manager:generate:690 - ModelManager: Auto-classified as 'speed'
2026-04-19 23:17:51 | INFO     | model_manager:generate:714 - ModelManager: Trying Groq (Tier 1) [key …9pzhKT]
2026-04-19 23:17:52 | INFO     | model_manager:generate:741 - ModelManager: ✅ Groq succeeded (473 chars)
2026-04-19 23:17:52 | INFO     | llm_engine:generate_llm_only:43 - LLM: Pure generation via Groq
2026-04-19 23:17:54 | INFO     | __main__:text_to_speech:476 - TTS: Processing 453 chars, style=professor, mode=Concept
2026-04-19 23:17:54 | INFO     | model_manager:generate:714 - ModelManager: Trying Groq (Tier 1) [key …Q27Y0X]
2026-04-19 23:17:57 | INFO     | model_manager:generate:741 - ModelManager: ✅ Groq succeeded (1214 chars)
2026-04-19 23:17:57 | INFO     | tts_text_processor:optimize_for_speech:279 - TTS: Text optimized via Groq (453 → 1214 chars)
2026-04-19 23:17:57 | INFO     | tts_engine:generate:382 - TTS: Generating 3 chunks...
2026-04-19 23:18:21 | INFO     | tts_engine:_kyutai_generate:217 - TTS: Kyutai generated 629804 bytes (professor)
2026-04-19 23:18:50 | INFO     | tts_engine:_kyutai_generate:217 - TTS: Kyutai generated 1382444 bytes (professor)
2026-04-19 23:18:51 | INFO     | tts_engine:_kyutai_generate:217 - TTS: Kyutai generated 1428524 bytes (professor)
2026-04-19 23:19:00 | INFO     | __main__:text_to_speech:476 - TTS: Processing 453 chars, style=professor, mode=Concept
2026-04-19 23:19:00 | INFO     | model_manager:generate:714 - ModelManager: Trying Groq (Tier 1) [key …DURcU2]
2026-04-19 23:19:01 | INFO     | model_manager:generate:741 - ModelManager: ✅ Groq succeeded (1428 chars)
2026-04-19 23:19:01 | INFO     | tts_text_processor:optimize_for_speech:279 - TTS: Text optimized via Groq (453 → 1428 chars)
2026-04-19 23:19:01 | INFO     | tts_engine:generate:382 - TTS: Generating 4 chunks...
2026-04-19 23:19:09 | INFO     | tts_engine:_kyutai_generate:217 - TTS: Kyutai generated 176684 bytes (professor)
2026-04-19 23:19:45 | INFO     | tts_engine:_kyutai_generate:217 - TTS: Kyutai generated 1232684 bytes (professor)
2026-04-19 23:19:45 | INFO     | tts_engine:_kyutai_generate:217 - TTS: Kyutai generated 1236524 bytes (professor)
2026-04-19 23:19:45 | INFO     | tts_engine:_kyutai_generate:217 - TTS: Kyutai generated 1251884 bytes (professor)
2026-04-19 23:20:09 | INFO     | __main__:text_to_speech:476 - TTS: Processing 453 chars, style=professor, mode=Concept
2026-04-19 23:20:09 | INFO     | model_manager:generate:714 - ModelManager: Trying Groq (Tier 1) [key …l8NUH9]
2026-04-19 23:20:10 | INFO     | model_manager:generate:741 - ModelManager: ✅ Groq succeeded (1059 chars)
2026-04-19 23:20:10 | INFO     | tts_text_processor:optimize_for_speech:279 - TTS: Text optimized via Groq (453 → 1059 chars)
2026-04-19 23:20:10 | INFO     | tts_engine:generate:382 - TTS: Generating 3 chunks...
2026-04-19 23:20:23 | INFO     | tts_engine:_kyutai_generate:217 - TTS: Kyutai generated 372524 bytes (professor)
2026-04-19 23:20:47 | INFO     | tts_engine:_kyutai_generate:217 - TTS: Kyutai generated 1198124 bytes (professor)
2026-04-19 23:20:50 | INFO     | tts_engine:_kyutai_generate:217 - TTS: Kyutai generated 1363244 bytes (professor)
2026-04-19 23:26:24 | INFO     | model_manager:_setup_providers:435 - ModelManager: Configured providers: Groq (5 keys), Gemini Flash (5 keys), Gemini Pro (5 keys), Qwen (OpenRouter) (10 keys), OpenRouter Hub (10 keys), Mistral (1 keys), Together AI (1 keys), NVIDIA NIM (1 keys), Cohere (1 keys), Cerebras (1 keys), Hugging Face (1 keys)
2026-04-19 23:26:24 | INFO     | __main__:startup_event:104 - SciAI PRODUCTION ENGINE STARTING...
2026-04-19 23:26:24 | INFO     | cache_service:connect:26 - Redis cache connected successfully
2026-04-19 23:26:24 | INFO     | __main__:startup_event:107 - ModelManager: 11 providers configured
2026-04-19 23:26:24 | INFO     | tts_engine:initialize:324 - TTS Engine: Initializing...
2026-04-19 23:26:26 | INFO     | tts_engine:_init_kyutai:169 - TTS: Loading Kyutai Pocket-TTS model...
2026-04-19 23:26:29 | INFO     | tts_engine:_init_kyutai:171 - TTS: Kyutai model loaded (sample_rate=24000)
2026-04-19 23:26:29 | INFO     | tts_engine:_init_kyutai:178 - TTS: Loaded Kyutai catalog voice 'professor' (alba)
2026-04-19 23:26:29 | INFO     | tts_engine:_init_kyutai:178 - TTS: Loaded Kyutai catalog voice 'energetic' (cosette)
2026-04-19 23:26:29 | INFO     | tts_engine:_init_kyutai:178 - TTS: Loaded Kyutai catalog voice 'storyteller' (fantine)
2026-04-19 23:26:29 | INFO     | tts_engine:_init_kyutai:178 - TTS: Loaded Kyutai catalog voice 'formal_male' (marius)
2026-04-19 23:26:29 | INFO     | tts_engine:_init_kyutai:178 - TTS: Loaded Kyutai catalog voice 'casual_female' (eponine)
2026-04-19 23:26:29 | INFO     | tts_engine:_init_kyutai:178 - TTS: Loaded Kyutai catalog voice 'deep_male' (javert)
2026-04-19 23:26:29 | INFO     | tts_engine:_init_kyutai:178 - TTS: Loaded Kyutai catalog voice 'warm_female' (azelma)
2026-04-19 23:26:29 | INFO     | tts_engine:initialize:328 - TTS Engine: Kyutai Pocket-TTS ready (Tier 1)
2026-04-19 23:26:29 | INFO     | __main__:startup_event:111 - TTS Engine: Initialized
2026-04-19 23:31:05 | INFO     | __main__:ask_question:210 - Question: cell | Hybrid: True | Book: None
2026-04-19 23:31:05 | INFO     | faiss_store:ensure_loaded:52 - FAISS: Loading index from disk (mtime changed)...
2026-04-19 23:31:05 | INFO     | faiss_store:load:87 - FAISS: Loaded 1461 vectors of type IndexIDMap2.
2026-04-19 23:31:05 | INFO     | faiss_store:get_model:15 - Loading embedding model...
2026-04-19 23:31:10 | INFO     | faiss_store:search:199 - FAISS Search: query='cell...', search_k=25, ntotal=1461
2026-04-19 23:31:10 | INFO     | faiss_store:search:227 - FAISS Search: Matches for book_id=None: 0
2026-04-19 23:31:10 | INFO     | live_articles:search_articles:244 - Article Search: 'cell' | Page: 1
2026-04-19 23:31:10 | INFO     | live_articles:search_articles:253 - Adding PubMed task for 'cell'
2026-04-19 23:31:10 | INFO     | live_articles:search_articles:256 - Adding arXiv task for 'cell'
2026-04-19 23:31:10 | INFO     | live_articles:search_articles:263 - Adding Wikipedia task for 'cell'
2026-04-19 23:31:11 | INFO     | live_articles:search_articles:289 - Source 0 returned 10 articles (Total in source: 8949086)
2026-04-19 23:31:11 | INFO     | live_articles:search_articles:289 - Source 1 returned 10 articles (Total in source: 52480)
2026-04-19 23:31:11 | INFO     | live_articles:search_articles:293 - Wikipedia returned 0 articles
2026-04-19 23:31:11 | INFO     | model_manager:generate:714 - ModelManager: Trying Gemini Flash (Tier 2) [key …rBrkTk]
2026-04-19 23:31:14 | ERROR    | model_manager:generate:754 - ModelManager: ❌ Gemini Flash error: Gemini Flash: HTTP 503 — {
  "error": {
    "code": 503,
    "message": "This model is currently experiencing high demand. Spikes in demand are usually temporary. Please try again later.",
    "status": "UNAVAILABLE"
  }
}

2026-04-19 23:31:14 | INFO     | model_manager:generate:714 - ModelManager: Trying Groq (Tier 1) [key …DURcU2]
2026-04-19 23:31:15 | INFO     | model_manager:generate:741 - ModelManager: ✅ Groq succeeded (2401 chars)
2026-04-19 23:31:15 | INFO     | llm_engine:generate_hybrid_answer:67 - LLM: Hybrid generation via Groq
2026-04-19 23:31:25 | INFO     | __main__:text_to_speech:476 - TTS: Processing 2381 chars, style=professor, mode=Concept
2026-04-19 23:31:25 | INFO     | model_manager:generate:714 - ModelManager: Trying Groq (Tier 1) [key …l8NUH9]
2026-04-19 23:31:28 | INFO     | model_manager:generate:741 - ModelManager: ✅ Groq succeeded (3260 chars)
2026-04-19 23:31:28 | INFO     | tts_text_processor:optimize_for_speech:270 - TTS: Text optimized via Groq (2381 → 3260 chars)
2026-04-19 23:31:28 | INFO     | tts_engine:generate:363 - TTS: Capping long text (8 chunks) to 4 chunks for responsiveness
2026-04-19 23:31:28 | INFO     | tts_engine:generate:378 - TTS: Generating 4 chunks...
2026-04-19 23:32:11 | INFO     | tts_engine:_kyutai_generate:213 - TTS: Kyutai generated 921644 bytes (professor)
2026-04-19 23:32:20 | INFO     | tts_engine:_kyutai_generate:213 - TTS: Kyutai generated 1274924 bytes (professor)
2026-04-19 23:32:20 | INFO     | tts_engine:_kyutai_generate:213 - TTS: Kyutai generated 1294124 bytes (professor)
2026-04-19 23:32:21 | INFO     | tts_engine:_kyutai_generate:213 - TTS: Kyutai generated 1313324 bytes (professor)
2026-04-19 23:38:35 | INFO     | model_manager:_setup_providers:435 - ModelManager: Configured providers: Groq (5 keys), Gemini Flash (5 keys), Gemini Pro (5 keys), Qwen (OpenRouter) (10 keys), OpenRouter Hub (10 keys), Mistral (1 keys), Together AI (1 keys), NVIDIA NIM (1 keys), Cohere (1 keys), Cerebras (1 keys), Hugging Face (1 keys)
2026-04-19 23:38:36 | INFO     | __main__:startup_event:104 - SciAI PRODUCTION ENGINE STARTING...
2026-04-19 23:38:36 | INFO     | cache_service:connect:26 - Redis cache connected successfully
2026-04-19 23:38:36 | INFO     | __main__:startup_event:107 - ModelManager: 11 providers configured
2026-04-19 23:38:36 | INFO     | tts_engine:initialize:324 - TTS Engine: Initializing...
2026-04-19 23:38:36 | INFO     | tts_engine:_init_kyutai:169 - TTS: Loading Kyutai Pocket-TTS model...
2026-04-19 23:38:37 | INFO     | tts_engine:_init_kyutai:171 - TTS: Kyutai model loaded (sample_rate=24000)
2026-04-19 23:38:37 | INFO     | tts_engine:_init_kyutai:178 - TTS: Loaded Kyutai catalog voice 'professor' (alba)
2026-04-19 23:38:37 | INFO     | tts_engine:_init_kyutai:178 - TTS: Loaded Kyutai catalog voice 'energetic' (cosette)
2026-04-19 23:38:37 | INFO     | tts_engine:_init_kyutai:178 - TTS: Loaded Kyutai catalog voice 'storyteller' (fantine)
2026-04-19 23:38:37 | INFO     | tts_engine:_init_kyutai:178 - TTS: Loaded Kyutai catalog voice 'formal_male' (marius)
2026-04-19 23:38:37 | INFO     | tts_engine:_init_kyutai:178 - TTS: Loaded Kyutai catalog voice 'casual_female' (eponine)
2026-04-19 23:38:37 | INFO     | tts_engine:_init_kyutai:178 - TTS: Loaded Kyutai catalog voice 'deep_male' (javert)
2026-04-19 23:38:37 | INFO     | tts_engine:_init_kyutai:178 - TTS: Loaded Kyutai catalog voice 'warm_female' (azelma)
2026-04-19 23:38:37 | INFO     | tts_engine:initialize:328 - TTS Engine: Kyutai Pocket-TTS ready (Tier 1)
2026-04-19 23:38:37 | INFO     | __main__:startup_event:111 - TTS Engine: Initialized
2026-04-19 23:38:57 | INFO     | __main__:ask_question:210 - Question: cell | Hybrid: True | Book: None
2026-04-19 23:38:57 | INFO     | faiss_store:ensure_loaded:52 - FAISS: Loading index from disk (mtime changed)...
2026-04-19 23:38:57 | INFO     | faiss_store:load:87 - FAISS: Loaded 1461 vectors of type IndexIDMap2.
2026-04-19 23:38:57 | INFO     | faiss_store:get_model:15 - Loading embedding model...
2026-04-19 23:39:02 | INFO     | faiss_store:search:199 - FAISS Search: query='cell...', search_k=25, ntotal=1461
2026-04-19 23:39:02 | INFO     | faiss_store:search:227 - FAISS Search: Matches for book_id=None: 6
2026-04-19 23:39:02 | INFO     | live_articles:search_articles:244 - Article Search: 'cell' | Page: 1
2026-04-19 23:39:03 | INFO     | live_articles:search_articles:253 - Adding PubMed task for 'cell'
2026-04-19 23:39:03 | INFO     | live_articles:search_articles:256 - Adding arXiv task for 'cell'
2026-04-19 23:39:03 | INFO     | live_articles:search_articles:263 - Adding Wikipedia task for 'cell'
2026-04-19 23:39:03 | INFO     | live_articles:search_articles:289 - Source 0 returned 10 articles (Total in source: 8949086)
2026-04-19 23:39:03 | INFO     | live_articles:search_articles:289 - Source 1 returned 10 articles (Total in source: 52480)
2026-04-19 23:39:03 | INFO     | live_articles:search_articles:293 - Wikipedia returned 0 articles
2026-04-19 23:39:03 | INFO     | model_manager:generate:714 - ModelManager: Trying Gemini Flash (Tier 2) [key …rBrkTk]
2026-04-19 23:39:14 | INFO     | model_manager:generate:741 - ModelManager: ✅ Gemini Flash succeeded (3777 chars)
2026-04-19 23:39:14 | INFO     | llm_engine:generate_hybrid_answer:67 - LLM: Hybrid generation via Gemini Flash
2026-04-19 23:39:25 | INFO     | __main__:text_to_speech:476 - TTS: Processing 3723 chars, style=professor, mode=Concept
2026-04-19 23:39:25 | INFO     | model_manager:generate:714 - ModelManager: Trying Groq (Tier 1) [key …DURcU2]
2026-04-19 23:39:26 | INFO     | model_manager:generate:741 - ModelManager: ✅ Groq succeeded (3271 chars)
2026-04-19 23:39:26 | INFO     | tts_text_processor:optimize_for_speech:270 - TTS: Text optimized via Groq (3687 → 3271 chars)
2026-04-19 23:39:26 | INFO     | tts_engine:generate:363 - TTS: Capping long text (8 chunks) to 4 chunks for responsiveness
2026-04-19 23:39:26 | INFO     | tts_engine:generate:378 - TTS: Generating 4 chunks...
2026-04-19 23:40:13 | INFO     | tts_engine:_kyutai_generate:213 - TTS: Kyutai generated 975404 bytes (professor)
2026-04-19 23:40:16 | INFO     | tts_engine:_kyutai_generate:213 - TTS: Kyutai generated 1071404 bytes (professor)
2026-04-19 23:40:26 | INFO     | tts_engine:_kyutai_generate:213 - TTS: Kyutai generated 1317164 bytes (professor)
2026-04-19 23:40:27 | INFO     | tts_engine:_kyutai_generate:213 - TTS: Kyutai generated 1390124 bytes (professor)
2026-04-19 23:45:12 | INFO     | model_manager:generate:714 - ModelManager: Trying Groq (Tier 1) [key …l8NUH9]
2026-04-19 23:45:12 | INFO     | model_manager:generate:741 - ModelManager: ✅ Groq succeeded (141 chars)
2026-04-19 23:45:13 | INFO     | controller_prompt:classify:153 - Controller: Routing via Groq
2026-04-19 23:45:14 | INFO     | model_manager:generate:714 - ModelManager: Trying Groq (Tier 1) [key …1ls9p2]
2026-04-19 23:45:14 | INFO     | model_manager:generate:741 - ModelManager: ✅ Groq succeeded (143 chars)
2026-04-19 23:45:14 | INFO     | controller_prompt:classify:153 - Controller: Routing via Groq
2026-04-19 23:45:15 | INFO     | model_manager:generate:714 - ModelManager: Trying Groq (Tier 1) [key …9pzhKT]
2026-04-19 23:45:15 | INFO     | model_manager:generate:741 - ModelManager: ✅ Groq succeeded (137 chars)
2026-04-19 23:45:15 | INFO     | controller_prompt:classify:153 - Controller: Routing via Groq
2026-04-19 23:45:16 | INFO     | __main__:ask_question:210 - Question: cell cycle | Hybrid: True | Book: None
2026-04-19 23:45:16 | INFO     | faiss_store:search:199 - FAISS Search: query='cell cycle...', search_k=25, ntotal=1461
2026-04-19 23:45:16 | INFO     | faiss_store:search:227 - FAISS Search: Matches for book_id=None: 6
2026-04-19 23:45:16 | INFO     | live_articles:search_articles:244 - Article Search: 'cell cycle' | Page: 1
2026-04-19 23:45:16 | INFO     | live_articles:search_articles:253 - Adding PubMed task for 'cell cycle'
2026-04-19 23:45:16 | INFO     | live_articles:search_articles:256 - Adding arXiv task for 'cell cycle'
2026-04-19 23:45:16 | INFO     | live_articles:search_articles:263 - Adding Wikipedia task for 'cell cycle'
2026-04-19 23:45:16 | INFO     | live_articles:fetch_pubmed:106 - PubMed: Searching for 'cell cycle' (retmax=10)
2026-04-19 23:45:17 | INFO     | live_articles:fetch_pubmed:124 - PubMed search returned 10 IDs (Total: 601938)
2026-04-19 23:45:19 | INFO     | live_articles:fetch_pubmed:180 - PubMed: Successfully parsed 10 articles.
2026-04-19 23:45:19 | INFO     | live_articles:search_articles:289 - Source 0 returned 10 articles (Total in source: 601938)
2026-04-19 23:45:19 | INFO     | live_articles:search_articles:289 - Source 1 returned 10 articles (Total in source: 95887)
2026-04-19 23:45:19 | INFO     | live_articles:search_articles:293 - Wikipedia returned 0 articles
2026-04-19 23:45:19 | INFO     | model_manager:generate:714 - ModelManager: Trying Gemini Flash (Tier 2) [key …nQKpEg]
2026-04-19 23:45:28 | INFO     | model_manager:generate:741 - ModelManager: ✅ Gemini Flash succeeded (3294 chars)
2026-04-19 23:45:28 | INFO     | llm_engine:generate_hybrid_answer:67 - LLM: Hybrid generation via Gemini Flash
2026-04-19 23:45:39 | INFO     | __main__:text_to_speech:476 - TTS: Processing 3254 chars, style=professor, mode=Concept
2026-04-19 23:45:39 | INFO     | model_manager:generate:714 - ModelManager: Trying Groq (Tier 1) [key …Q27Y0X]
2026-04-19 23:45:40 | INFO     | model_manager:generate:741 - ModelManager: ✅ Groq succeeded (2622 chars)
2026-04-19 23:45:40 | INFO     | tts_text_processor:optimize_for_speech:270 - TTS: Text optimized via Groq (3223 → 2622 chars)
2026-04-19 23:45:40 | INFO     | tts_engine:generate:363 - TTS: Capping long text (6 chunks) to 4 chunks for responsiveness
2026-04-19 23:45:40 | INFO     | tts_engine:generate:378 - TTS: Generating 4 chunks...
2026-04-19 23:46:30 | INFO     | tts_engine:_kyutai_generate:213 - TTS: Kyutai generated 1113644 bytes (professor)
2026-04-19 23:46:32 | INFO     | tts_engine:_kyutai_generate:213 - TTS: Kyutai generated 1090604 bytes (professor)
2026-04-19 23:46:40 | INFO     | tts_engine:_kyutai_generate:213 - TTS: Kyutai generated 1417004 bytes (professor)
2026-04-19 23:46:41 | INFO     | tts_engine:_kyutai_generate:213 - TTS: Kyutai generated 1486124 bytes (professor)
2026-04-19 23:49:55 | INFO     | __main__:text_to_speech:476 - TTS: Processing 2552 chars, style=professor, mode=Concept
2026-04-19 23:49:55 | INFO     | model_manager:generate:714 - ModelManager: Trying Groq (Tier 1) [key …DURcU2]
2026-04-19 23:49:57 | INFO     | model_manager:generate:741 - ModelManager: ✅ Groq succeeded (2712 chars)
2026-04-19 23:49:57 | INFO     | tts_text_processor:optimize_for_speech:270 - TTS: Text optimized via Groq (2536 → 2712 chars)
2026-04-19 23:49:57 | INFO     | tts_engine:generate:363 - TTS: Capping long text (6 chunks) to 4 chunks for responsiveness
2026-04-19 23:49:57 | INFO     | tts_engine:generate:378 - TTS: Generating 4 chunks...
2026-04-19 23:51:01 | INFO     | tts_engine:_kyutai_generate:213 - TTS: Kyutai generated 1370924 bytes (professor)
2026-04-19 23:51:03 | INFO     | tts_engine:_kyutai_generate:213 - TTS: Kyutai generated 1436204 bytes (professor)
2026-04-19 23:51:04 | INFO     | tts_engine:_kyutai_generate:213 - TTS: Kyutai generated 1509164 bytes (professor)
2026-04-19 23:51:05 | INFO     | tts_engine:_kyutai_generate:213 - TTS: Kyutai generated 1516844 bytes (professor)
2026-04-19 23:53:47 | INFO     | __main__:text_to_speech:476 - TTS: Processing 2552 chars, style=professor, mode=Concept
2026-04-19 23:53:47 | INFO     | model_manager:generate:714 - ModelManager: Trying Groq (Tier 1) [key …l8NUH9]
2026-04-19 23:53:48 | INFO     | model_manager:generate:741 - ModelManager: ✅ Groq succeeded (2445 chars)
2026-04-19 23:53:48 | INFO     | tts_text_processor:optimize_for_speech:270 - TTS: Text optimized via Groq (2536 → 2445 chars)
2026-04-19 23:53:48 | INFO     | tts_engine:generate:363 - TTS: Capping long text (6 chunks) to 4 chunks for responsiveness
2026-04-19 23:53:48 | INFO     | tts_engine:generate:378 - TTS: Generating 4 chunks...
2026-04-19 23:54:13 | INFO     | __main__:text_to_speech:476 - TTS: Processing 2552 chars, style=professor, mode=Concept
2026-04-19 23:54:13 | INFO     | model_manager:generate:714 - ModelManager: Trying Groq (Tier 1) [key …1ls9p2]
2026-04-19 23:54:14 | INFO     | model_manager:generate:741 - ModelManager: ✅ Groq succeeded (2709 chars)
2026-04-19 23:54:14 | INFO     | tts_text_processor:optimize_for_speech:270 - TTS: Text optimized via Groq (2536 → 2709 chars)
2026-04-19 23:54:14 | INFO     | tts_engine:generate:363 - TTS: Capping long text (6 chunks) to 4 chunks for responsiveness
2026-04-19 23:54:14 | INFO     | tts_engine:generate:378 - TTS: Generating 4 chunks...
2026-04-19 23:54:47 | INFO     | tts_engine:_kyutai_generate:213 - TTS: Kyutai generated 1278764 bytes (professor)
2026-04-19 23:54:52 | INFO     | tts_engine:_kyutai_generate:213 - TTS: Kyutai generated 1294124 bytes (professor)
2026-04-19 23:54:55 | INFO     | tts_engine:_kyutai_generate:213 - TTS: Kyutai generated 1367084 bytes (professor)
2026-04-19 23:55:00 | INFO     | tts_engine:_kyutai_generate:213 - TTS: Kyutai generated 1520684 bytes (professor)
2026-04-19 23:55:40 | INFO     | tts_engine:_kyutai_generate:213 - TTS: Kyutai generated 1432364 bytes (professor)
2026-04-19 23:55:42 | INFO     | tts_engine:_kyutai_generate:213 - TTS: Kyutai generated 1290284 bytes (professor)
2026-04-19 23:55:48 | INFO     | tts_engine:_kyutai_generate:213 - TTS: Kyutai generated 1601324 bytes (professor)
2026-04-19 23:56:50 | INFO     | __main__:text_to_speech:476 - TTS: Processing 2552 chars, style=professor, mode=Concept
2026-04-19 23:56:50 | INFO     | model_manager:generate:714 - ModelManager: Trying Groq (Tier 1) [key …9pzhKT]
2026-04-19 23:56:51 | INFO     | model_manager:generate:741 - ModelManager: ✅ Groq succeeded (2562 chars)
2026-04-19 23:56:51 | INFO     | tts_text_processor:optimize_for_speech:270 - TTS: Text optimized via Groq (2536 → 2562 chars)
2026-04-19 23:56:51 | INFO     | tts_engine:generate:363 - TTS: Capping long text (6 chunks) to 4 chunks for responsiveness
2026-04-19 23:56:51 | INFO     | tts_engine:generate:378 - TTS: Generating 4 chunks...
2026-04-19 23:57:42 | INFO     | tts_engine:_kyutai_generate:213 - TTS: Kyutai generated 1155884 bytes (professor)
2026-04-19 23:57:54 | INFO     | tts_engine:_kyutai_generate:213 - TTS: Kyutai generated 1474604 bytes (professor)
2026-04-19 23:57:55 | INFO     | tts_engine:_kyutai_generate:213 - TTS: Kyutai generated 1528364 bytes (professor)
2026-04-19 23:57:56 | INFO     | tts_engine:_kyutai_generate:213 - TTS: Kyutai generated 1582124 bytes (professor)
2026-04-20 00:33:42 | INFO     | __main__:text_to_speech:476 - TTS: Processing 95 chars, style=professor, mode=Concept
2026-04-20 00:33:42 | INFO     | model_manager:generate:714 - ModelManager: Trying Groq (Tier 1) [key …Q27Y0X]
2026-04-20 00:33:43 | INFO     | model_manager:generate:741 - ModelManager: ✅ Groq succeeded (182 chars)
2026-04-20 00:33:43 | INFO     | tts_text_processor:optimize_for_speech:270 - TTS: Text optimized via Groq (95 → 182 chars)
2026-04-20 00:33:43 | INFO     | tts_engine:generate:378 - TTS: Generating 1 chunks...
2026-04-20 00:33:55 | INFO     | tts_engine:_kyutai_generate:213 - TTS: Kyutai generated 526124 bytes (professor)
2026-04-20 00:47:00 | INFO     | model_manager:_setup_providers:435 - ModelManager: Configured providers: Groq (5 keys), Gemini Flash (5 keys), Gemini Pro (5 keys), Qwen (OpenRouter) (10 keys), OpenRouter Hub (10 keys), Mistral (1 keys), Together AI (1 keys), NVIDIA NIM (1 keys), Cohere (1 keys), Cerebras (1 keys), Hugging Face (1 keys)
2026-04-20 00:47:00 | INFO     | __main__:startup_event:104 - SciAI PRODUCTION ENGINE STARTING...
2026-04-20 00:47:00 | INFO     | cache_service:connect:26 - Redis cache connected successfully
2026-04-20 00:47:00 | INFO     | __main__:startup_event:107 - ModelManager: 11 providers configured
2026-04-20 00:47:00 | INFO     | tts_engine:initialize:333 - TTS Engine: Initializing...
2026-04-20 00:47:01 | INFO     | tts_engine:_init_kyutai:176 - TTS: Loading Kyutai Pocket-TTS model...
2026-04-20 00:47:02 | INFO     | tts_engine:_init_kyutai:178 - TTS: Kyutai model loaded (sample_rate=24000)
2026-04-20 00:47:02 | INFO     | tts_engine:_init_kyutai:185 - TTS: Loaded Kyutai catalog voice 'professor' (alba)
2026-04-20 00:47:02 | INFO     | tts_engine:_init_kyutai:185 - TTS: Loaded Kyutai catalog voice 'energetic' (cosette)
2026-04-20 00:47:02 | INFO     | tts_engine:_init_kyutai:185 - TTS: Loaded Kyutai catalog voice 'storyteller' (fantine)
2026-04-20 00:47:03 | INFO     | tts_engine:_init_kyutai:185 - TTS: Loaded Kyutai catalog voice 'formal_male' (marius)
2026-04-20 00:47:03 | INFO     | tts_engine:_init_kyutai:185 - TTS: Loaded Kyutai catalog voice 'casual_female' (eponine)
2026-04-20 00:47:03 | INFO     | tts_engine:_init_kyutai:185 - TTS: Loaded Kyutai catalog voice 'deep_male' (javert)
2026-04-20 00:47:03 | INFO     | tts_engine:_init_kyutai:185 - TTS: Loaded Kyutai catalog voice 'warm_female' (azelma)
2026-04-20 00:47:03 | INFO     | tts_engine:initialize:337 - TTS Engine: Kyutai Pocket-TTS ready (Tier 1)
2026-04-20 00:47:03 | INFO     | __main__:startup_event:111 - TTS Engine: Initialized
2026-04-20 01:11:07 | INFO     | model_manager:generate:714 - ModelManager: Trying Groq (Tier 1) [key …DURcU2]
2026-04-20 01:11:09 | INFO     | model_manager:generate:741 - ModelManager: ✅ Groq succeeded (140 chars)
2026-04-20 01:11:09 | INFO     | controller_prompt:classify:153 - Controller: Routing via Groq
2026-04-20 01:11:12 | INFO     | model_manager:generate:714 - ModelManager: Trying Groq (Tier 1) [key …l8NUH9]
2026-04-20 01:11:12 | INFO     | model_manager:generate:741 - ModelManager: ✅ Groq succeeded (139 chars)
2026-04-20 01:11:12 | INFO     | controller_prompt:classify:153 - Controller: Routing via Groq
2026-04-20 01:11:17 | INFO     | __main__:ask_question:210 - Question: cellular metabolism | Hybrid: True | Book: None
2026-04-20 01:11:17 | INFO     | faiss_store:ensure_loaded:52 - FAISS: Loading index from disk (mtime changed)...
2026-04-20 01:11:17 | INFO     | faiss_store:load:87 - FAISS: Loaded 1461 vectors of type IndexIDMap2.
2026-04-20 01:11:17 | INFO     | faiss_store:get_model:15 - Loading embedding model...
2026-04-20 01:11:24 | INFO     | faiss_store:search:199 - FAISS Search: query='cellular metabolism...', search_k=25, ntotal=1461
2026-04-20 01:11:24 | INFO     | faiss_store:search:227 - FAISS Search: Matches for book_id=None: 4
2026-04-20 01:11:24 | INFO     | live_articles:search_articles:244 - Article Search: 'cellular metabolism' | Page: 1
2026-04-20 01:11:25 | INFO     | live_articles:search_articles:253 - Adding PubMed task for 'cellular metabolism'
2026-04-20 01:11:25 | INFO     | live_articles:search_articles:256 - Adding arXiv task for 'cellular metabolism'
2026-04-20 01:11:25 | INFO     | live_articles:search_articles:263 - Adding Wikipedia task for 'cellular metabolism'
2026-04-20 01:11:25 | INFO     | live_articles:fetch_pubmed:106 - PubMed: Searching for 'cellular metabolism' (retmax=10)
2026-04-20 01:11:27 | INFO     | live_articles:fetch_pubmed:124 - PubMed search returned 10 IDs (Total: 4391765)
2026-04-20 01:11:29 | INFO     | live_articles:fetch_pubmed:180 - PubMed: Successfully parsed 10 articles.
2026-04-20 01:11:29 | INFO     | live_articles:search_articles:289 - Source 0 returned 10 articles (Total in source: 4391765)
2026-04-20 01:11:29 | INFO     | live_articles:search_articles:289 - Source 1 returned 10 articles (Total in source: 16948)
2026-04-20 01:11:29 | INFO     | live_articles:search_articles:293 - Wikipedia returned 0 articles
2026-04-20 01:11:29 | INFO     | model_manager:generate:714 - ModelManager: Trying Gemini Flash (Tier 2) [key …rBrkTk]
2026-04-20 01:11:42 | INFO     | model_manager:generate:741 - ModelManager: ✅ Gemini Flash succeeded (4072 chars)
2026-04-20 01:11:42 | INFO     | llm_engine:generate_hybrid_answer:67 - LLM: Hybrid generation via Gemini Flash
2026-04-20 01:11:55 | INFO     | __main__:text_to_speech:476 - TTS: Processing 4008 chars, style=professor, mode=Concept
2026-04-20 01:11:55 | INFO     | model_manager:generate:714 - ModelManager: Trying Groq (Tier 1) [key …1ls9p2]
2026-04-20 01:11:56 | INFO     | model_manager:generate:741 - ModelManager: ✅ Groq succeeded (2963 chars)
2026-04-20 01:11:56 | INFO     | tts_text_processor:optimize_for_speech:270 - TTS: Text optimized via Groq (3960 → 2963 chars)
2026-04-20 01:11:56 | INFO     | tts_engine:generate_stream:447 - TTS: Streaming 4 chunks...
2026-04-20 01:12:35 | INFO     | __main__:text_to_speech:476 - TTS: Processing 4008 chars, style=professor, mode=Concept
2026-04-20 01:12:35 | INFO     | model_manager:generate:714 - ModelManager: Trying Groq (Tier 1) [key …9pzhKT]
2026-04-20 01:12:37 | INFO     | model_manager:generate:741 - ModelManager: ✅ Groq succeeded (3036 chars)
2026-04-20 01:12:37 | INFO     | tts_text_processor:optimize_for_speech:270 - TTS: Text optimized via Groq (3960 → 3036 chars)
2026-04-20 01:12:37 | INFO     | tts_engine:generate_stream:447 - TTS: Streaming 4 chunks...
2026-04-20 01:13:08 | INFO     | tts_engine:_kyutai_generate:220 - TTS: Kyutai generated 1159724 bytes (professor)
2026-04-20 01:13:10 | INFO     | tts_engine:_kyutai_generate:220 - TTS: Kyutai generated 1255724 bytes (professor)
2026-04-20 01:13:18 | INFO     | tts_engine:_kyutai_generate:220 - TTS: Kyutai generated 1236524 bytes (professor)
2026-04-20 01:13:22 | INFO     | tts_engine:_kyutai_generate:220 - TTS: Kyutai generated 1297964 bytes (professor)
2026-04-20 01:13:57 | INFO     | tts_engine:_kyutai_generate:220 - TTS: Kyutai generated 1205804 bytes (professor)
2026-04-20 01:14:14 | INFO     | tts_engine:_kyutai_generate:220 - TTS: Kyutai generated 1324844 bytes (professor)
2026-04-20 01:14:24 | INFO     | tts_engine:_kyutai_generate:220 - TTS: Kyutai generated 1497644 bytes (professor)
2026-04-20 01:14:25 | INFO     | tts_engine:_kyutai_generate:220 - TTS: Kyutai generated 1390124 bytes (professor)
2026-04-20 01:23:22 | INFO     | model_manager:generate:714 - ModelManager: Trying Groq (Tier 1) [key …Q27Y0X]
2026-04-20 01:23:22 | INFO     | model_manager:generate:741 - ModelManager: ✅ Groq succeeded (150 chars)
2026-04-20 01:23:22 | INFO     | controller_prompt:classify:153 - Controller: Routing via Groq
2026-04-20 01:23:23 | INFO     | controller_prompt:classify:129 - Controller: Cache hit for 'cell metabolism...'
2026-04-20 01:23:24 | INFO     | __main__:ask_question:210 - Question: cell metabolism
 | Hybrid: True | Book: None
2026-04-20 01:23:24 | INFO     | faiss_store:search:199 - FAISS Search: query='cell metabolism
...', search_k=25, ntotal=1461
2026-04-20 01:23:24 | INFO     | faiss_store:search:227 - FAISS Search: Matches for book_id=None: 4
2026-04-20 01:23:24 | INFO     | live_articles:search_articles:244 - Article Search: 'cell metabolism
' | Page: 1
2026-04-20 01:23:24 | INFO     | live_articles:search_articles:253 - Adding PubMed task for 'cell metabolism
'
2026-04-20 01:23:24 | INFO     | live_articles:search_articles:256 - Adding arXiv task for 'cell metabolism
'
2026-04-20 01:23:24 | INFO     | live_articles:search_articles:263 - Adding Wikipedia task for 'cell metabolism
'
2026-04-20 01:23:24 | INFO     | live_articles:fetch_pubmed:106 - PubMed: Searching for 'cell metabolism
' (retmax=10)
2026-04-20 01:23:24 | ERROR    | live_articles:fetch_arxiv:238 - arXiv API error: Invalid non-printable ASCII character in URL, '\n' at position 66.
2026-04-20 01:23:24 | ERROR    | live_articles:fetch_pubmed:187 - PubMed final error: InvalidURL: Invalid non-printable ASCII character in URL, '\n' at position 89.
2026-04-20 01:23:25 | INFO     | live_articles:search_articles:289 - Source 0 returned 0 articles (Total in source: 0)
2026-04-20 01:23:25 | INFO     | live_articles:search_articles:289 - Source 1 returned 0 articles (Total in source: 0)
2026-04-20 01:23:25 | INFO     | live_articles:search_articles:293 - Wikipedia returned 0 articles
2026-04-20 01:23:25 | INFO     | model_manager:generate:714 - ModelManager: Trying Gemini Flash (Tier 2) [key …nQKpEg]
2026-04-20 01:23:33 | ERROR    | model_manager:generate:754 - ModelManager: ❌ Gemini Flash error: Gemini Flash: HTTP 503 — {
  "error": {
    "code": 503,
    "message": "This model is currently experiencing high demand. Spikes in demand are usually temporary. Please try again later.",
    "status": "UNAVAILABLE"
  }
}

2026-04-20 01:23:33 | INFO     | model_manager:generate:714 - ModelManager: Trying Groq (Tier 1) [key …DURcU2]
2026-04-20 01:23:34 | INFO     | model_manager:generate:741 - ModelManager: ✅ Groq succeeded (1873 chars)
2026-04-20 01:23:34 | INFO     | llm_engine:generate_hybrid_answer:67 - LLM: Hybrid generation via Groq
2026-04-20 01:23:40 | INFO     | __main__:text_to_speech:476 - TTS: Processing 1853 chars, style=professor, mode=Concept
2026-04-20 01:23:40 | INFO     | model_manager:generate:714 - ModelManager: Trying Groq (Tier 1) [key …l8NUH9]
2026-04-20 01:23:41 | INFO     | model_manager:generate:741 - ModelManager: ✅ Groq succeeded (1646 chars)
2026-04-20 01:23:41 | INFO     | tts_text_processor:optimize_for_speech:270 - TTS: Text optimized via Groq (1853 → 1646 chars)
2026-04-20 01:23:41 | INFO     | tts_engine:generate_stream:447 - TTS: Streaming 4 chunks...
2026-04-20 01:24:25 | INFO     | tts_engine:_kyutai_generate:220 - TTS: Kyutai generated 841004 bytes (professor)
2026-04-20 01:24:40 | INFO     | tts_engine:_kyutai_generate:220 - TTS: Kyutai generated 1186604 bytes (professor)
2026-04-20 01:24:43 | INFO     | tts_engine:_kyutai_generate:220 - TTS: Kyutai generated 1344044 bytes (professor)
2026-04-20 01:24:43 | INFO     | tts_engine:_kyutai_generate:220 - TTS: Kyutai generated 1259564 bytes (professor)
2026-04-20 01:25:00 | INFO     | __main__:text_to_speech:476 - TTS: Processing 1853 chars, style=professor, mode=Concept
2026-04-20 01:25:00 | INFO     | model_manager:generate:714 - ModelManager: Trying Groq (Tier 1) [key …1ls9p2]
2026-04-20 01:25:01 | INFO     | model_manager:generate:741 - ModelManager: ✅ Groq succeeded (1694 chars)
2026-04-20 01:25:01 | INFO     | tts_text_processor:optimize_for_speech:270 - TTS: Text optimized via Groq (1853 → 1694 chars)
2026-04-20 01:25:01 | INFO     | tts_engine:generate_stream:447 - TTS: Streaming 4 chunks...
2026-04-20 01:25:46 | INFO     | tts_engine:_kyutai_generate:220 - TTS: Kyutai generated 1036844 bytes (professor)
2026-04-20 01:25:48 | INFO     | tts_engine:_kyutai_generate:220 - TTS: Kyutai generated 1067564 bytes (professor)
2026-04-20 01:25:50 | INFO     | tts_engine:_kyutai_generate:220 - TTS: Kyutai generated 1152044 bytes (professor)
2026-04-20 01:25:56 | INFO     | tts_engine:_kyutai_generate:220 - TTS: Kyutai generated 1463084 bytes (professor)
2026-04-20 01:33:45 | INFO     | __main__:ask_question:210 - Question: cell | Hybrid: True | Book: None
2026-04-20 01:33:45 | INFO     | faiss_store:search:199 - FAISS Search: query='cell...', search_k=25, ntotal=1461
2026-04-20 01:33:45 | INFO     | faiss_store:search:227 - FAISS Search: Matches for book_id=None: 6
2026-04-20 01:33:45 | INFO     | live_articles:search_articles:244 - Article Search: 'cell' | Page: 1
2026-04-20 01:33:45 | INFO     | live_articles:search_articles:253 - Adding PubMed task for 'cell'
2026-04-20 01:33:45 | INFO     | live_articles:search_articles:256 - Adding arXiv task for 'cell'
2026-04-20 01:33:45 | INFO     | live_articles:search_articles:263 - Adding Wikipedia task for 'cell'
2026-04-20 01:33:45 | INFO     | live_articles:fetch_pubmed:106 - PubMed: Searching for 'cell' (retmax=10)
2026-04-20 01:33:47 | INFO     | live_articles:fetch_pubmed:124 - PubMed search returned 10 IDs (Total: 8949086)
2026-04-20 01:33:48 | INFO     | live_articles:fetch_pubmed:180 - PubMed: Successfully parsed 10 articles.
2026-04-20 01:33:48 | INFO     | live_articles:search_articles:289 - Source 0 returned 10 articles (Total in source: 8949086)
2026-04-20 01:33:48 | INFO     | live_articles:search_articles:289 - Source 1 returned 10 articles (Total in source: 52480)
2026-04-20 01:33:48 | INFO     | live_articles:search_articles:293 - Wikipedia returned 0 articles
2026-04-20 01:33:48 | INFO     | model_manager:generate:714 - ModelManager: Trying Gemini Flash (Tier 2) [key …2bZEmY]
2026-04-20 01:34:04 | INFO     | model_manager:generate:741 - ModelManager: ✅ Gemini Flash succeeded (3583 chars)
2026-04-20 01:34:04 | INFO     | llm_engine:generate_hybrid_answer:67 - LLM: Hybrid generation via Gemini Flash
2026-04-20 01:34:14 | INFO     | __main__:text_to_speech:476 - TTS: Processing 3531 chars, style=professor, mode=Concept
2026-04-20 01:34:14 | INFO     | model_manager:generate:714 - ModelManager: Trying Groq (Tier 1) [key …9pzhKT]
2026-04-20 01:34:15 | INFO     | model_manager:generate:741 - ModelManager: ✅ Groq succeeded (3055 chars)
2026-04-20 01:34:15 | INFO     | tts_text_processor:optimize_for_speech:270 - TTS: Text optimized via Groq (3477 → 3055 chars)
2026-04-20 01:34:15 | INFO     | tts_engine:generate_stream:447 - TTS: Streaming 4 chunks...
2026-04-20 01:35:16 | INFO     | tts_engine:_kyutai_generate:220 - TTS: Kyutai generated 1301804 bytes (professor)
2026-04-20 01:35:18 | INFO     | tts_engine:_kyutai_generate:220 - TTS: Kyutai generated 1347884 bytes (professor)
2026-04-20 01:35:20 | INFO     | tts_engine:_kyutai_generate:220 - TTS: Kyutai generated 1397804 bytes (professor)
2026-04-20 01:35:21 | INFO     | tts_engine:_kyutai_generate:220 - TTS: Kyutai generated 1455404 bytes (professor)
2026-04-20 01:42:18 | INFO     | __main__:ask_question:210 - Question: cell | Hybrid: True | Book: None
2026-04-20 01:42:18 | INFO     | faiss_store:search:199 - FAISS Search: query='cell...', search_k=25, ntotal=1461
2026-04-20 01:42:18 | INFO     | faiss_store:search:227 - FAISS Search: Matches for book_id=None: 6
2026-04-20 01:42:18 | INFO     | live_articles:search_articles:244 - Article Search: 'cell' | Page: 1
2026-04-20 01:42:18 | INFO     | live_articles:search_articles:253 - Adding PubMed task for 'cell'
2026-04-20 01:42:18 | INFO     | live_articles:search_articles:256 - Adding arXiv task for 'cell'
2026-04-20 01:42:18 | INFO     | live_articles:search_articles:263 - Adding Wikipedia task for 'cell'
2026-04-20 01:42:19 | INFO     | live_articles:search_articles:289 - Source 0 returned 10 articles (Total in source: 8949086)
2026-04-20 01:42:19 | INFO     | live_articles:search_articles:289 - Source 1 returned 10 articles (Total in source: 52480)
2026-04-20 01:42:19 | INFO     | live_articles:search_articles:293 - Wikipedia returned 0 articles
2026-04-20 01:42:19 | INFO     | model_manager:generate:714 - ModelManager: Trying Gemini Flash (Tier 2) [key …DJCG-Y]
2026-04-20 01:42:30 | INFO     | model_manager:generate:741 - ModelManager: ✅ Gemini Flash succeeded (3430 chars)
2026-04-20 01:42:30 | INFO     | llm_engine:generate_hybrid_answer:67 - LLM: Hybrid generation via Gemini Flash
2026-04-20 01:42:41 | INFO     | __main__:text_to_speech:476 - TTS: Processing 3396 chars, style=professor, mode=Concept
2026-04-20 01:42:41 | INFO     | model_manager:generate:714 - ModelManager: Trying Groq (Tier 1) [key …Q27Y0X]
2026-04-20 01:42:42 | INFO     | model_manager:generate:741 - ModelManager: ✅ Groq succeeded (3221 chars)
2026-04-20 01:42:42 | INFO     | tts_text_processor:optimize_for_speech:270 - TTS: Text optimized via Groq (3360 → 3221 chars)
2026-04-20 01:42:42 | INFO     | tts_engine:generate_stream:447 - TTS: Streaming 4 chunks...
2026-04-20 01:43:46 | INFO     | tts_engine:_kyutai_generate:220 - TTS: Kyutai generated 1171244 bytes (professor)
2026-04-20 01:43:47 | INFO     | tts_engine:_kyutai_generate:220 - TTS: Kyutai generated 1221164 bytes (professor)
2026-04-20 01:43:49 | INFO     | tts_engine:_kyutai_generate:220 - TTS: Kyutai generated 1271084 bytes (professor)
2026-04-20 01:43:50 | INFO     | tts_engine:_kyutai_generate:220 - TTS: Kyutai generated 1248044 bytes (professor)
2026-04-20 01:47:46 | INFO     | __main__:ask_question:210 - Question: cell  | Hybrid: True | Book: None
2026-04-20 01:47:46 | INFO     | faiss_store:search:199 - FAISS Search: query='cell ...', search_k=25, ntotal=1461
2026-04-20 01:47:46 | INFO     | faiss_store:search:227 - FAISS Search: Matches for book_id=None: 0
2026-04-20 01:47:46 | INFO     | live_articles:search_articles:244 - Article Search: 'cell ' | Page: 1
2026-04-20 01:47:46 | INFO     | live_articles:search_articles:253 - Adding PubMed task for 'cell '
2026-04-20 01:47:46 | INFO     | live_articles:search_articles:256 - Adding arXiv task for 'cell '
2026-04-20 01:47:46 | INFO     | live_articles:search_articles:263 - Adding Wikipedia task for 'cell '
2026-04-20 01:47:46 | INFO     | live_articles:fetch_pubmed:106 - PubMed: Searching for 'cell ' (retmax=10)
2026-04-20 01:47:48 | INFO     | live_articles:fetch_pubmed:124 - PubMed search returned 10 IDs (Total: 8949086)
2026-04-20 01:47:49 | INFO     | live_articles:fetch_pubmed:180 - PubMed: Successfully parsed 10 articles.
2026-04-20 01:47:49 | INFO     | live_articles:search_articles:289 - Source 0 returned 10 articles (Total in source: 8949086)
2026-04-20 01:47:49 | INFO     | live_articles:search_articles:289 - Source 1 returned 10 articles (Total in source: 52480)
2026-04-20 01:47:49 | INFO     | live_articles:search_articles:293 - Wikipedia returned 0 articles
2026-04-20 01:47:49 | INFO     | model_manager:generate:714 - ModelManager: Trying Gemini Flash (Tier 2) [key …VRY0zw]
2026-04-20 01:47:59 | INFO     | model_manager:generate:741 - ModelManager: ✅ Gemini Flash succeeded (3214 chars)
2026-04-20 01:47:59 | INFO     | llm_engine:generate_hybrid_answer:67 - LLM: Hybrid generation via Gemini Flash
2026-04-20 01:48:11 | INFO     | __main__:text_to_speech:476 - TTS: Processing 3154 chars, style=professor, mode=Concept
2026-04-20 01:48:11 | INFO     | model_manager:generate:714 - ModelManager: Trying Groq (Tier 1) [key …DURcU2]
2026-04-20 01:48:12 | INFO     | model_manager:generate:741 - ModelManager: ✅ Groq succeeded (2632 chars)
2026-04-20 01:48:12 | INFO     | tts_text_processor:optimize_for_speech:270 - TTS: Text optimized via Groq (3119 → 2632 chars)
2026-04-20 01:48:12 | INFO     | tts_engine:generate_stream:447 - TTS: Streaming 4 chunks...
2026-04-20 01:49:17 | INFO     | tts_engine:_kyutai_generate:220 - TTS: Kyutai generated 1125164 bytes (professor)
2026-04-20 01:49:31 | INFO     | tts_engine:_kyutai_generate:220 - TTS: Kyutai generated 1344044 bytes (professor)
2026-04-20 01:49:33 | INFO     | tts_engine:_kyutai_generate:220 - TTS: Kyutai generated 1390124 bytes (professor)
2026-04-20 01:49:34 | INFO     | tts_engine:_kyutai_generate:220 - TTS: Kyutai generated 1374764 bytes (professor)
2026-04-20 02:00:36 | INFO     | model_manager:_setup_providers:435 - ModelManager: Configured providers: Groq (5 keys), Gemini Flash (5 keys), Gemini Pro (5 keys), Qwen (OpenRouter) (10 keys), OpenRouter Hub (10 keys), Mistral (1 keys), Together AI (1 keys), NVIDIA NIM (1 keys), Cohere (1 keys), Cerebras (1 keys), Hugging Face (1 keys)
2026-04-20 02:00:37 | INFO     | __main__:startup_event:104 - SciAI PRODUCTION ENGINE STARTING...
2026-04-20 02:00:37 | INFO     | cache_service:connect:26 - Redis cache connected successfully
2026-04-20 02:00:37 | INFO     | __main__:startup_event:107 - ModelManager: 11 providers configured
2026-04-20 02:00:37 | INFO     | tts_engine:initialize:333 - TTS Engine: Initializing...
2026-04-20 02:00:38 | INFO     | tts_engine:_init_kyutai:176 - TTS: Loading Kyutai Pocket-TTS model...
2026-04-20 02:00:40 | INFO     | tts_engine:_init_kyutai:178 - TTS: Kyutai model loaded (sample_rate=24000)
2026-04-20 02:00:40 | INFO     | tts_engine:_init_kyutai:185 - TTS: Loaded Kyutai catalog voice 'professor' (alba)
2026-04-20 02:00:40 | INFO     | tts_engine:_init_kyutai:185 - TTS: Loaded Kyutai catalog voice 'energetic' (cosette)
2026-04-20 02:00:40 | INFO     | tts_engine:_init_kyutai:185 - TTS: Loaded Kyutai catalog voice 'storyteller' (fantine)
2026-04-20 02:00:40 | INFO     | tts_engine:_init_kyutai:185 - TTS: Loaded Kyutai catalog voice 'formal_male' (marius)
2026-04-20 02:00:40 | INFO     | tts_engine:_init_kyutai:185 - TTS: Loaded Kyutai catalog voice 'casual_female' (eponine)
2026-04-20 02:00:40 | INFO     | tts_engine:_init_kyutai:185 - TTS: Loaded Kyutai catalog voice 'deep_male' (javert)
2026-04-20 02:00:40 | INFO     | tts_engine:_init_kyutai:185 - TTS: Loaded Kyutai catalog voice 'warm_female' (azelma)
2026-04-20 02:00:40 | INFO     | tts_engine:initialize:337 - TTS Engine: Kyutai Pocket-TTS ready (Tier 1)
2026-04-20 02:00:40 | INFO     | __main__:startup_event:111 - TTS Engine: Initialized
2026-04-20 02:01:53 | INFO     | model_manager:generate:714 - ModelManager: Trying Groq (Tier 1) [key …DURcU2]
2026-04-20 02:01:54 | INFO     | model_manager:generate:741 - ModelManager: ✅ Groq succeeded (149 chars)
2026-04-20 02:01:54 | INFO     | controller_prompt:classify:153 - Controller: Routing via Groq
2026-04-20 02:01:54 | INFO     | model_manager:generate:714 - ModelManager: Trying Groq (Tier 1) [key …l8NUH9]
2026-04-20 02:01:55 | INFO     | model_manager:generate:741 - ModelManager: ✅ Groq succeeded (135 chars)
2026-04-20 02:01:55 | INFO     | controller_prompt:classify:153 - Controller: Routing via Groq
2026-04-20 02:01:56 | INFO     | controller_prompt:classify:129 - Controller: Cache hit for 'cell metabolism...'
2026-04-20 02:01:59 | INFO     | __main__:ask_question:210 - Question: cell metabolism  | Hybrid: True | Book: None
2026-04-20 02:01:59 | INFO     | faiss_store:ensure_loaded:52 - FAISS: Loading index from disk (mtime changed)...
2026-04-20 02:01:59 | INFO     | faiss_store:load:87 - FAISS: Loaded 1461 vectors of type IndexIDMap2.
2026-04-20 02:01:59 | INFO     | faiss_store:get_model:15 - Loading embedding model...
2026-04-20 02:02:04 | INFO     | faiss_store:search:199 - FAISS Search: query='cell metabolism ...', search_k=25, ntotal=1461
2026-04-20 02:02:04 | INFO     | faiss_store:search:227 - FAISS Search: Matches for book_id=None: 0
2026-04-20 02:02:04 | INFO     | live_articles:search_articles:244 - Article Search: 'cell metabolism ' | Page: 1
2026-04-20 02:02:04 | INFO     | live_articles:search_articles:253 - Adding PubMed task for 'cell metabolism '
2026-04-20 02:02:04 | INFO     | live_articles:search_articles:256 - Adding arXiv task for 'cell metabolism '
2026-04-20 02:02:04 | INFO     | live_articles:search_articles:263 - Adding Wikipedia task for 'cell metabolism '
2026-04-20 02:02:04 | INFO     | live_articles:fetch_pubmed:106 - PubMed: Searching for 'cell metabolism ' (retmax=10)
2026-04-20 02:02:05 | INFO     | live_articles:fetch_pubmed:124 - PubMed search returned 10 IDs (Total: 2932022)
2026-04-20 02:02:07 | INFO     | live_articles:fetch_pubmed:180 - PubMed: Successfully parsed 10 articles.
2026-04-20 02:02:07 | INFO     | live_articles:search_articles:289 - Source 0 returned 10 articles (Total in source: 2932022)
2026-04-20 02:02:07 | INFO     | live_articles:search_articles:289 - Source 1 returned 10 articles (Total in source: 54153)
2026-04-20 02:02:07 | INFO     | live_articles:search_articles:293 - Wikipedia returned 0 articles
2026-04-20 02:02:07 | INFO     | model_manager:generate:714 - ModelManager: Trying Gemini Flash (Tier 2) [key …rBrkTk]
2026-04-20 02:02:21 | INFO     | model_manager:generate:741 - ModelManager: ✅ Gemini Flash succeeded (3122 chars)
2026-04-20 02:02:21 | INFO     | llm_engine:generate_hybrid_answer:67 - LLM: Hybrid generation via Gemini Flash
2026-04-20 02:02:34 | INFO     | __main__:text_to_speech:476 - TTS: Processing 3082 chars, style=professor, mode=Concept
2026-04-20 02:02:34 | INFO     | model_manager:generate:714 - ModelManager: Trying Groq (Tier 1) [key …1ls9p2]
2026-04-20 02:02:35 | INFO     | model_manager:generate:741 - ModelManager: ✅ Groq succeeded (2522 chars)
2026-04-20 02:02:35 | INFO     | tts_text_processor:optimize_for_speech:270 - TTS: Text optimized via Groq (3048 → 2522 chars)
2026-04-20 02:02:35 | INFO     | tts_engine:generate_stream:447 - TTS: Streaming 4 chunks...
2026-04-20 02:02:47 | INFO     | tts_engine:_kyutai_generate:220 - TTS: Kyutai generated 314924 bytes (professor)
2026-04-20 02:02:47 | INFO     | tts_engine:_kyutai_generate:220 - TTS: Kyutai generated 318764 bytes (professor)
2026-04-20 02:02:51 | INFO     | tts_engine:_kyutai_generate:220 - TTS: Kyutai generated 506924 bytes (professor)
2026-04-20 02:02:52 | INFO     | tts_engine:_kyutai_generate:220 - TTS: Kyutai generated 560684 bytes (professor)
2026-04-20 02:07:53 | INFO     | __main__:ask_question:210 - Question: cell types | Hybrid: True | Book: None
2026-04-20 02:07:53 | ERROR    | __main__:validation_exception_handler:87 - 422 Validation Error at /api/v1/route: [{'type': 'string_too_short', 'loc': ('body', 'query'), 'msg': 'String should have at least 1 character', 'input': '', 'ctx': {'min_length': 1}}]
2026-04-20 02:07:53 | ERROR    | __main__:validation_exception_handler:88 - Body: b'{"query":""}'
2026-04-20 02:07:53 | INFO     | faiss_store:search:199 - FAISS Search: query='cell types...', search_k=25, ntotal=1461
2026-04-20 02:07:53 | INFO     | faiss_store:search:227 - FAISS Search: Matches for book_id=None: 0
2026-04-20 02:07:53 | INFO     | live_articles:search_articles:244 - Article Search: 'cell types' | Page: 1
2026-04-20 02:07:53 | INFO     | live_articles:search_articles:253 - Adding PubMed task for 'cell types'
2026-04-20 02:07:53 | INFO     | live_articles:search_articles:256 - Adding arXiv task for 'cell types'
2026-04-20 02:07:53 | INFO     | live_articles:search_articles:263 - Adding Wikipedia task for 'cell types'
2026-04-20 02:07:53 | INFO     | live_articles:fetch_pubmed:106 - PubMed: Searching for 'cell types' (retmax=10)
2026-04-20 02:07:54 | INFO     | live_articles:fetch_pubmed:124 - PubMed search returned 10 IDs (Total: 7077335)
2026-04-20 02:07:56 | INFO     | live_articles:fetch_pubmed:180 - PubMed: Successfully parsed 10 articles.
2026-04-20 02:07:56 | INFO     | live_articles:search_articles:289 - Source 0 returned 10 articles (Total in source: 7077335)
2026-04-20 02:07:56 | INFO     | live_articles:search_articles:289 - Source 1 returned 10 articles (Total in source: 354572)
2026-04-20 02:07:56 | INFO     | live_articles:search_articles:293 - Wikipedia returned 0 articles
2026-04-20 02:07:56 | INFO     | model_manager:generate:714 - ModelManager: Trying Gemini Flash (Tier 2) [key …nQKpEg]
2026-04-20 02:08:05 | INFO     | model_manager:generate:741 - ModelManager: ✅ Gemini Flash succeeded (3108 chars)
2026-04-20 02:08:05 | INFO     | llm_engine:generate_hybrid_answer:67 - LLM: Hybrid generation via Gemini Flash
2026-04-20 02:08:17 | INFO     | __main__:text_to_speech:476 - TTS: Processing 3040 chars, style=professor, mode=Exam
2026-04-20 02:08:17 | INFO     | model_manager:generate:714 - ModelManager: Trying Groq (Tier 1) [key …9pzhKT]
2026-04-20 02:08:18 | INFO     | model_manager:generate:741 - ModelManager: ✅ Groq succeeded (2531 chars)
2026-04-20 02:08:18 | INFO     | tts_text_processor:optimize_for_speech:270 - TTS: Text optimized via Groq (2996 → 2531 chars)
2026-04-20 02:08:18 | INFO     | tts_engine:generate_stream:447 - TTS: Streaming 4 chunks...
2026-04-20 02:08:34 | INFO     | tts_engine:_kyutai_generate:220 - TTS: Kyutai generated 422444 bytes (professor)
2026-04-20 02:08:35 | INFO     | tts_engine:_kyutai_generate:220 - TTS: Kyutai generated 445484 bytes (professor)
2026-04-20 02:08:37 | INFO     | tts_engine:_kyutai_generate:220 - TTS: Kyutai generated 510764 bytes (professor)
2026-04-20 02:08:37 | INFO     | tts_engine:_kyutai_generate:220 - TTS: Kyutai generated 545324 bytes (professor)
2026-04-20 02:11:05 | INFO     | __main__:ask_question:210 - Question: cell | Hybrid: True | Book: None
2026-04-20 02:11:05 | INFO     | faiss_store:search:199 - FAISS Search: query='cell...', search_k=25, ntotal=1461
2026-04-20 02:11:05 | INFO     | faiss_store:search:227 - FAISS Search: Matches for book_id=None: 6
2026-04-20 02:11:05 | INFO     | live_articles:search_articles:244 - Article Search: 'cell' | Page: 1
2026-04-20 02:11:05 | INFO     | live_articles:search_articles:253 - Adding PubMed task for 'cell'
2026-04-20 02:11:05 | INFO     | live_articles:search_articles:256 - Adding arXiv task for 'cell'
2026-04-20 02:11:05 | INFO     | live_articles:search_articles:263 - Adding Wikipedia task for 'cell'
2026-04-20 02:11:05 | INFO     | live_articles:search_articles:289 - Source 0 returned 10 articles (Total in source: 8949086)
2026-04-20 02:11:05 | INFO     | live_articles:search_articles:289 - Source 1 returned 10 articles (Total in source: 52480)
2026-04-20 02:11:05 | INFO     | live_articles:search_articles:293 - Wikipedia returned 0 articles
2026-04-20 02:11:05 | INFO     | model_manager:generate:714 - ModelManager: Trying Gemini Flash (Tier 2) [key …2bZEmY]
2026-04-20 02:11:14 | INFO     | model_manager:generate:741 - ModelManager: ✅ Gemini Flash succeeded (3315 chars)
2026-04-20 02:11:14 | INFO     | llm_engine:generate_hybrid_answer:67 - LLM: Hybrid generation via Gemini Flash
2026-04-20 02:13:13 | INFO     | model_manager:_setup_providers:435 - ModelManager: Configured providers: Groq (5 keys), Gemini Flash (5 keys), Gemini Pro (5 keys), Qwen (OpenRouter) (10 keys), OpenRouter Hub (10 keys), Mistral (1 keys), Together AI (1 keys), NVIDIA NIM (1 keys), Cohere (1 keys), Cerebras (1 keys), Hugging Face (1 keys)
2026-04-20 02:13:14 | INFO     | __main__:startup_event:104 - SciAI PRODUCTION ENGINE STARTING...
2026-04-20 02:13:14 | INFO     | cache_service:connect:26 - Redis cache connected successfully
2026-04-20 02:13:14 | INFO     | __main__:startup_event:107 - ModelManager: 11 providers configured
2026-04-20 02:13:14 | INFO     | tts_engine:initialize:333 - TTS Engine: Initializing...
2026-04-20 02:13:15 | INFO     | tts_engine:_init_kyutai:176 - TTS: Loading Kyutai Pocket-TTS model...
2026-04-20 02:13:16 | INFO     | tts_engine:_init_kyutai:178 - TTS: Kyutai model loaded (sample_rate=24000)
2026-04-20 02:13:16 | INFO     | tts_engine:_init_kyutai:185 - TTS: Loaded Kyutai catalog voice 'professor' (alba)
2026-04-20 02:13:16 | INFO     | tts_engine:_init_kyutai:185 - TTS: Loaded Kyutai catalog voice 'energetic' (cosette)
2026-04-20 02:13:16 | INFO     | tts_engine:_init_kyutai:185 - TTS: Loaded Kyutai catalog voice 'storyteller' (fantine)
2026-04-20 02:13:16 | INFO     | tts_engine:_init_kyutai:185 - TTS: Loaded Kyutai catalog voice 'formal_male' (marius)
2026-04-20 02:13:16 | INFO     | tts_engine:_init_kyutai:185 - TTS: Loaded Kyutai catalog voice 'casual_female' (eponine)
2026-04-20 02:13:16 | INFO     | tts_engine:_init_kyutai:185 - TTS: Loaded Kyutai catalog voice 'deep_male' (javert)
2026-04-20 02:13:16 | INFO     | tts_engine:_init_kyutai:185 - TTS: Loaded Kyutai catalog voice 'warm_female' (azelma)
2026-04-20 02:13:16 | INFO     | tts_engine:initialize:337 - TTS Engine: Kyutai Pocket-TTS ready (Tier 1)
2026-04-20 02:13:16 | INFO     | __main__:startup_event:111 - TTS Engine: Initialized
2026-04-20 02:13:42 | INFO     | __main__:ask_question:210 - Question: cell  | Hybrid: True | Book: None
2026-04-20 02:13:42 | INFO     | faiss_store:ensure_loaded:52 - FAISS: Loading index from disk (mtime changed)...
2026-04-20 02:13:42 | INFO     | faiss_store:load:87 - FAISS: Loaded 1461 vectors of type IndexIDMap2.
2026-04-20 02:13:42 | INFO     | faiss_store:get_model:15 - Loading embedding model...
2026-04-20 02:13:47 | INFO     | faiss_store:search:199 - FAISS Search: query='cell ...', search_k=25, ntotal=1461
2026-04-20 02:13:47 | INFO     | faiss_store:search:227 - FAISS Search: Matches for book_id=None: 0
2026-04-20 02:13:47 | INFO     | live_articles:search_articles:244 - Article Search: 'cell ' | Page: 1
2026-04-20 02:13:47 | INFO     | live_articles:search_articles:253 - Adding PubMed task for 'cell '
2026-04-20 02:13:47 | INFO     | live_articles:search_articles:256 - Adding arXiv task for 'cell '
2026-04-20 02:13:47 | INFO     | live_articles:search_articles:263 - Adding Wikipedia task for 'cell '
2026-04-20 02:13:48 | INFO     | live_articles:search_articles:289 - Source 0 returned 10 articles (Total in source: 8949086)
2026-04-20 02:13:48 | INFO     | live_articles:search_articles:289 - Source 1 returned 10 articles (Total in source: 52480)
2026-04-20 02:13:48 | INFO     | live_articles:search_articles:293 - Wikipedia returned 0 articles
2026-04-20 02:13:48 | INFO     | model_manager:generate:714 - ModelManager: Trying Gemini Flash (Tier 2) [key …rBrkTk]
2026-04-20 02:13:58 | INFO     | model_manager:generate:741 - ModelManager: ✅ Gemini Flash succeeded (3483 chars)
2026-04-20 02:13:58 | INFO     | llm_engine:generate_hybrid_answer:67 - LLM: Hybrid generation via Gemini Flash
2026-04-20 02:15:59 | INFO     | model_manager:generate:714 - ModelManager: Trying Groq (Tier 1) [key …DURcU2]
2026-04-20 02:16:00 | INFO     | model_manager:generate:741 - ModelManager: ✅ Groq succeeded (143 chars)
2026-04-20 02:16:00 | INFO     | controller_prompt:classify:153 - Controller: Routing via Groq
2026-04-20 02:16:00 | INFO     | model_manager:generate:714 - ModelManager: Trying Groq (Tier 1) [key …l8NUH9]
2026-04-20 02:16:00 | INFO     | model_manager:generate:741 - ModelManager: ✅ Groq succeeded (154 chars)
2026-04-20 02:16:00 | INFO     | controller_prompt:classify:153 - Controller: Routing via Groq
2026-04-20 02:16:03 | INFO     | __main__:ask_question:210 - Question: immunology  | Hybrid: True | Book: None
2026-04-20 02:16:03 | INFO     | faiss_store:search:199 - FAISS Search: query='immunology ...', search_k=25, ntotal=1461
2026-04-20 02:16:03 | INFO     | faiss_store:search:227 - FAISS Search: Matches for book_id=None: 0
2026-04-20 02:16:03 | INFO     | live_articles:search_articles:244 - Article Search: 'immunology ' | Page: 1
2026-04-20 02:16:03 | INFO     | live_articles:search_articles:253 - Adding PubMed task for 'immunology '
2026-04-20 02:16:03 | INFO     | live_articles:search_articles:256 - Adding arXiv task for 'immunology '
2026-04-20 02:16:03 | INFO     | live_articles:search_articles:263 - Adding Wikipedia task for 'immunology '
2026-04-20 02:16:03 | INFO     | live_articles:fetch_pubmed:106 - PubMed: Searching for 'immunology ' (retmax=10)
2026-04-20 02:16:05 | INFO     | live_articles:fetch_pubmed:124 - PubMed search returned 10 IDs (Total: 2219088)
2026-04-20 02:16:07 | INFO     | live_articles:fetch_pubmed:180 - PubMed: Successfully parsed 10 articles.
2026-04-20 02:16:07 | INFO     | live_articles:search_articles:289 - Source 0 returned 10 articles (Total in source: 2219088)
2026-04-20 02:16:07 | INFO     | live_articles:search_articles:289 - Source 1 returned 10 articles (Total in source: 266)
2026-04-20 02:16:07 | INFO     | live_articles:search_articles:293 - Wikipedia returned 0 articles
2026-04-20 02:16:07 | INFO     | model_manager:generate:714 - ModelManager: Trying Gemini Flash (Tier 2) [key …nQKpEg]
2026-04-20 02:16:15 | INFO     | model_manager:generate:741 - ModelManager: ✅ Gemini Flash succeeded (3150 chars)
2026-04-20 02:16:15 | INFO     | llm_engine:generate_hybrid_answer:67 - LLM: Hybrid generation via Gemini Flash
2026-04-20 02:16:26 | INFO     | __main__:text_to_speech:476 - TTS: Processing 3102 chars, style=professor, mode=Concept
2026-04-20 02:16:26 | INFO     | model_manager:generate:714 - ModelManager: Trying Groq (Tier 1) [key …1ls9p2]
2026-04-20 02:16:27 | INFO     | model_manager:generate:741 - ModelManager: ✅ Groq succeeded (2646 chars)
2026-04-20 02:16:27 | INFO     | tts_text_processor:optimize_for_speech:270 - TTS: Text optimized via Groq (3077 → 2646 chars)
2026-04-20 02:16:27 | INFO     | tts_engine:generate_stream:445 - TTS: Streaming 18 chunks...
2026-04-20 02:16:38 | INFO     | tts_engine:_kyutai_generate:220 - TTS: Kyutai generated 276524 bytes (professor)
2026-04-20 02:16:43 | INFO     | tts_engine:_kyutai_generate:220 - TTS: Kyutai generated 399404 bytes (professor)
2026-04-20 02:16:49 | INFO     | tts_engine:_kyutai_generate:220 - TTS: Kyutai generated 529964 bytes (professor)
2026-04-20 02:16:52 | INFO     | tts_engine:_kyutai_generate:220 - TTS: Kyutai generated 599084 bytes (professor)
2026-04-20 02:16:57 | INFO     | tts_engine:_kyutai_generate:220 - TTS: Kyutai generated 326444 bytes (professor)
2026-04-20 02:16:59 | INFO     | tts_engine:_kyutai_generate:220 - TTS: Kyutai generated 487724 bytes (professor)
2026-04-20 02:17:02 | INFO     | tts_engine:_kyutai_generate:220 - TTS: Kyutai generated 318764 bytes (professor)
2026-04-20 02:17:06 | INFO     | tts_engine:_kyutai_generate:220 - TTS: Kyutai generated 149804 bytes (professor)
2026-04-20 02:17:12 | INFO     | tts_engine:_kyutai_generate:220 - TTS: Kyutai generated 480044 bytes (professor)
2026-04-20 02:17:16 | INFO     | tts_engine:_kyutai_generate:220 - TTS: Kyutai generated 441644 bytes (professor)
2026-04-20 02:17:22 | INFO     | tts_engine:_kyutai_generate:220 - TTS: Kyutai generated 430124 bytes (professor)
2026-04-20 02:17:32 | INFO     | tts_engine:_kyutai_generate:220 - TTS: Kyutai generated 568364 bytes (professor)
2026-04-20 02:17:37 | INFO     | tts_engine:_kyutai_generate:220 - TTS: Kyutai generated 418604 bytes (professor)
2026-04-20 02:17:38 | INFO     | tts_engine:_kyutai_generate:220 - TTS: Kyutai generated 337964 bytes (professor)
2026-04-20 02:17:44 | INFO     | tts_engine:_kyutai_generate:220 - TTS: Kyutai generated 687404 bytes (professor)
2026-04-20 02:17:50 | INFO     | tts_engine:_kyutai_generate:220 - TTS: Kyutai generated 410924 bytes (professor)
2026-04-20 02:17:54 | INFO     | tts_engine:_kyutai_generate:220 - TTS: Kyutai generated 441644 bytes (professor)
2026-04-20 02:17:55 | INFO     | tts_engine:_kyutai_generate:220 - TTS: Kyutai generated 445484 bytes (professor)
2026-04-20 02:20:27 | INFO     | model_manager:generate:714 - ModelManager: Trying Groq (Tier 1) [key …9pzhKT]
2026-04-20 02:20:28 | INFO     | model_manager:generate:741 - ModelManager: ✅ Groq succeeded (130 chars)
2026-04-20 02:20:28 | INFO     | controller_prompt:classify:153 - Controller: Routing via Groq
2026-04-20 02:20:31 | INFO     | __main__:ask_question:210 - Question: cell cycle  | Hybrid: True | Book: None
2026-04-20 02:20:31 | INFO     | faiss_store:search:199 - FAISS Search: query='cell cycle ...', search_k=25, ntotal=1461
2026-04-20 02:20:31 | INFO     | faiss_store:search:227 - FAISS Search: Matches for book_id=None: 0
2026-04-20 02:20:31 | INFO     | live_articles:search_articles:244 - Article Search: 'cell cycle ' | Page: 1
2026-04-20 02:20:31 | INFO     | live_articles:search_articles:253 - Adding PubMed task for 'cell cycle '
2026-04-20 02:20:31 | INFO     | live_articles:search_articles:256 - Adding arXiv task for 'cell cycle '
2026-04-20 02:20:31 | INFO     | live_articles:search_articles:263 - Adding Wikipedia task for 'cell cycle '
2026-04-20 02:20:31 | INFO     | live_articles:fetch_pubmed:106 - PubMed: Searching for 'cell cycle ' (retmax=10)
2026-04-20 02:20:33 | INFO     | live_articles:fetch_pubmed:124 - PubMed search returned 10 IDs (Total: 601938)
2026-04-20 02:20:34 | INFO     | live_articles:fetch_pubmed:180 - PubMed: Successfully parsed 10 articles.
2026-04-20 02:20:34 | INFO     | live_articles:search_articles:289 - Source 0 returned 10 articles (Total in source: 601938)
2026-04-20 02:20:34 | INFO     | live_articles:search_articles:289 - Source 1 returned 10 articles (Total in source: 95887)
2026-04-20 02:20:34 | INFO     | live_articles:search_articles:293 - Wikipedia returned 0 articles
2026-04-20 02:20:34 | INFO     | model_manager:generate:714 - ModelManager: Trying Gemini Flash (Tier 2) [key …2bZEmY]
2026-04-20 02:20:40 | ERROR    | model_manager:generate:754 - ModelManager: ❌ Gemini Flash error: Gemini Flash: HTTP 503 — {
  "error": {
    "code": 503,
    "message": "This model is currently experiencing high demand. Spikes in demand are usually temporary. Please try again later.",
    "status": "UNAVAILABLE"
  }
}

2026-04-20 02:20:40 | INFO     | model_manager:generate:714 - ModelManager: Trying Groq (Tier 1) [key …Q27Y0X]
2026-04-20 02:20:41 | INFO     | model_manager:generate:741 - ModelManager: ✅ Groq succeeded (2457 chars)
2026-04-20 02:20:41 | INFO     | llm_engine:generate_hybrid_answer:67 - LLM: Hybrid generation via Groq
2026-04-20 02:20:49 | INFO     | __main__:text_to_speech:476 - TTS: Processing 2413 chars, style=energetic, mode=Concept
2026-04-20 02:20:49 | INFO     | model_manager:generate:714 - ModelManager: Trying Groq (Tier 1) [key …DURcU2]
2026-04-20 02:20:50 | INFO     | model_manager:generate:741 - ModelManager: ✅ Groq succeeded (2336 chars)
2026-04-20 02:20:50 | INFO     | tts_text_processor:optimize_for_speech:270 - TTS: Text optimized via Groq (2413 → 2336 chars)
2026-04-20 02:20:50 | INFO     | tts_engine:generate_stream:445 - TTS: Streaming 14 chunks...
2026-04-20 02:21:06 | INFO     | tts_engine:_kyutai_generate:220 - TTS: Kyutai generated 418604 bytes (energetic)
2026-04-20 02:21:11 | INFO     | tts_engine:_kyutai_generate:220 - TTS: Kyutai generated 529964 bytes (energetic)
2026-04-20 02:21:12 | INFO     | tts_engine:_kyutai_generate:220 - TTS: Kyutai generated 560684 bytes (energetic)
2026-04-20 02:21:14 | INFO     | tts_engine:_kyutai_generate:220 - TTS: Kyutai generated 614444 bytes (energetic)
2026-04-20 02:21:26 | INFO     | tts_engine:_kyutai_generate:220 - TTS: Kyutai generated 268844 bytes (energetic)
2026-04-20 02:21:29 | INFO     | tts_engine:_kyutai_generate:220 - TTS: Kyutai generated 510764 bytes (energetic)
2026-04-20 02:21:30 | INFO     | tts_engine:_kyutai_generate:220 - TTS: Kyutai generated 430124 bytes (energetic)
2026-04-20 02:21:39 | INFO     | tts_engine:_kyutai_generate:220 - TTS: Kyutai generated 599084 bytes (energetic)
2026-04-20 02:21:52 | INFO     | tts_engine:_kyutai_generate:220 - TTS: Kyutai generated 506924 bytes (energetic)
2026-04-20 02:21:53 | INFO     | tts_engine:_kyutai_generate:220 - TTS: Kyutai generated 576044 bytes (energetic)
2026-04-20 02:21:54 | INFO     | tts_engine:_kyutai_generate:220 - TTS: Kyutai generated 499244 bytes (energetic)
2026-04-20 02:21:58 | INFO     | tts_engine:_kyutai_generate:220 - TTS: Kyutai generated 422444 bytes (energetic)
2026-04-20 02:22:02 | INFO     | tts_engine:_kyutai_generate:220 - TTS: Kyutai generated 272684 bytes (energetic)
2026-04-20 02:22:03 | INFO     | tts_engine:_kyutai_generate:220 - TTS: Kyutai generated 384044 bytes (energetic)
2026-04-20 02:23:59 | INFO     | __main__:ask_question:210 - Question: cell cycle  | Hybrid: True | Book: None
2026-04-20 02:26:05 | INFO     | __main__:ask_question:210 - Question: cell | Hybrid: True | Book: None
2026-04-20 02:26:05 | INFO     | faiss_store:search:199 - FAISS Search: query='cell...', search_k=25, ntotal=1461
2026-04-20 02:26:05 | INFO     | faiss_store:search:227 - FAISS Search: Matches for book_id=None: 0
2026-04-20 02:26:05 | INFO     | live_articles:search_articles:244 - Article Search: 'cell' | Page: 1
2026-04-20 02:26:05 | INFO     | live_articles:search_articles:253 - Adding PubMed task for 'cell'
2026-04-20 02:26:05 | INFO     | live_articles:search_articles:256 - Adding arXiv task for 'cell'
2026-04-20 02:26:05 | INFO     | live_articles:search_articles:263 - Adding Wikipedia task for 'cell'
2026-04-20 02:26:05 | INFO     | live_articles:search_articles:289 - Source 0 returned 10 articles (Total in source: 8949086)
2026-04-20 02:26:05 | INFO     | live_articles:search_articles:289 - Source 1 returned 10 articles (Total in source: 52480)
2026-04-20 02:26:05 | INFO     | live_articles:search_articles:293 - Wikipedia returned 0 articles
2026-04-20 02:26:05 | INFO     | model_manager:generate:714 - ModelManager: Trying Gemini Flash (Tier 2) [key …DJCG-Y]
2026-04-20 02:26:22 | INFO     | model_manager:generate:741 - ModelManager: ✅ Gemini Flash succeeded (3301 chars)
2026-04-20 02:26:22 | INFO     | llm_engine:generate_hybrid_answer:67 - LLM: Hybrid generation via Gemini Flash
2026-04-20 02:26:33 | INFO     | __main__:text_to_speech:476 - TTS: Processing 3257 chars, style=energetic, mode=Concept
2026-04-20 02:26:33 | INFO     | model_manager:generate:714 - ModelManager: Trying Groq (Tier 1) [key …l8NUH9]
2026-04-20 02:26:34 | INFO     | model_manager:generate:741 - ModelManager: ✅ Groq succeeded (2215 chars)
2026-04-20 02:26:34 | INFO     | tts_text_processor:optimize_for_speech:270 - TTS: Text optimized via Groq (3218 → 2215 chars)
2026-04-20 02:26:34 | INFO     | tts_engine:generate_stream:445 - TTS: Streaming 15 chunks...
2026-04-20 02:26:50 | INFO     | tts_engine:_kyutai_generate:220 - TTS: Kyutai generated 395564 bytes (energetic)
2026-04-20 02:26:53 | INFO     | tts_engine:_kyutai_generate:220 - TTS: Kyutai generated 449324 bytes (energetic)
2026-04-20 02:26:56 | INFO     | tts_engine:_kyutai_generate:220 - TTS: Kyutai generated 518444 bytes (energetic)
2026-04-20 02:26:58 | INFO     | tts_engine:_kyutai_generate:220 - TTS: Kyutai generated 576044 bytes (energetic)
2026-04-20 02:27:08 | INFO     | tts_engine:_kyutai_generate:220 - TTS: Kyutai generated 426284 bytes (energetic)
2026-04-20 02:27:08 | INFO     | tts_engine:_kyutai_generate:220 - TTS: Kyutai generated 376364 bytes (energetic)
2026-04-20 02:27:09 | INFO     | tts_engine:_kyutai_generate:220 - TTS: Kyutai generated 322604 bytes (energetic)
2026-04-20 02:27:11 | INFO     | tts_engine:_kyutai_generate:220 - TTS: Kyutai generated 303404 bytes (energetic)
2026-04-20 02:27:24 | INFO     | tts_engine:_kyutai_generate:220 - TTS: Kyutai generated 295724 bytes (energetic)
2026-04-20 02:27:28 | INFO     | tts_engine:_kyutai_generate:220 - TTS: Kyutai generated 387884 bytes (energetic)
2026-04-20 02:27:29 | INFO     | tts_engine:_kyutai_generate:220 - TTS: Kyutai generated 384044 bytes (energetic)
2026-04-20 02:27:29 | INFO     | tts_engine:_kyutai_generate:220 - TTS: Kyutai generated 426284 bytes (energetic)
2026-04-20 02:27:38 | INFO     | tts_engine:_kyutai_generate:220 - TTS: Kyutai generated 257324 bytes (energetic)
2026-04-20 02:27:41 | INFO     | tts_engine:_kyutai_generate:220 - TTS: Kyutai generated 349484 bytes (energetic)
2026-04-20 02:27:43 | INFO     | tts_engine:_kyutai_generate:220 - TTS: Kyutai generated 533804 bytes (energetic)
2026-04-20 02:29:25 | INFO     | model_manager:generate:714 - ModelManager: Trying Groq (Tier 1) [key …1ls9p2]
2026-04-20 02:29:25 | INFO     | model_manager:generate:741 - ModelManager: ✅ Groq succeeded (147 chars)
2026-04-20 02:29:25 | INFO     | controller_prompt:classify:153 - Controller: Routing via Groq
2026-04-20 02:29:29 | INFO     | __main__:ask_question:210 - Question: cell lysis | Hybrid: True | Book: None
2026-04-20 02:29:29 | INFO     | faiss_store:search:199 - FAISS Search: query='cell lysis...', search_k=25, ntotal=1461
2026-04-20 02:29:29 | INFO     | faiss_store:search:227 - FAISS Search: Matches for book_id=None: 0
2026-04-20 02:29:29 | INFO     | live_articles:search_articles:244 - Article Search: 'cell lysis' | Page: 1
2026-04-20 02:29:29 | INFO     | live_articles:search_articles:253 - Adding PubMed task for 'cell lysis'
2026-04-20 02:29:29 | INFO     | live_articles:search_articles:256 - Adding arXiv task for 'cell lysis'
2026-04-20 02:29:29 | INFO     | live_articles:search_articles:263 - Adding Wikipedia task for 'cell lysis'
2026-04-20 02:29:29 | INFO     | live_articles:fetch_pubmed:106 - PubMed: Searching for 'cell lysis' (retmax=10)
2026-04-20 02:29:30 | INFO     | live_articles:fetch_pubmed:124 - PubMed search returned 10 IDs (Total: 39537)
2026-04-20 02:29:32 | INFO     | live_articles:fetch_pubmed:180 - PubMed: Successfully parsed 10 articles.
2026-04-20 02:29:32 | INFO     | live_articles:search_articles:289 - Source 0 returned 10 articles (Total in source: 39537)
2026-04-20 02:29:32 | INFO     | live_articles:search_articles:289 - Source 1 returned 10 articles (Total in source: 52506)
2026-04-20 02:29:32 | INFO     | live_articles:search_articles:293 - Wikipedia returned 0 articles
2026-04-20 02:29:32 | INFO     | model_manager:generate:714 - ModelManager: Trying Gemini Flash (Tier 2) [key …VRY0zw]
2026-04-20 02:29:44 | INFO     | model_manager:generate:741 - ModelManager: ✅ Gemini Flash succeeded (3706 chars)
2026-04-20 02:29:44 | INFO     | llm_engine:generate_hybrid_answer:67 - LLM: Hybrid generation via Gemini Flash
2026-04-20 02:29:56 | INFO     | __main__:text_to_speech:476 - TTS: Processing 3666 chars, style=storyteller, mode=Expert
2026-04-20 02:29:56 | INFO     | model_manager:generate:714 - ModelManager: Trying Groq (Tier 1) [key …9pzhKT]
2026-04-20 02:29:56 | INFO     | model_manager:generate:741 - ModelManager: ✅ Groq succeeded (2571 chars)
2026-04-20 02:29:56 | INFO     | tts_text_processor:optimize_for_speech:270 - TTS: Text optimized via Groq (3640 → 2571 chars)
2026-04-20 02:29:56 | INFO     | tts_engine:generate_stream:445 - TTS: Streaming 18 chunks...
2026-04-20 02:30:09 | INFO     | tts_engine:_kyutai_generate:220 - TTS: Kyutai generated 314924 bytes (storyteller)
2026-04-20 02:30:11 | INFO     | tts_engine:_kyutai_generate:220 - TTS: Kyutai generated 368684 bytes (storyteller)
2026-04-20 02:30:18 | INFO     | tts_engine:_kyutai_generate:220 - TTS: Kyutai generated 556844 bytes (storyteller)
2026-04-20 02:30:20 | INFO     | tts_engine:_kyutai_generate:220 - TTS: Kyutai generated 602924 bytes (storyteller)
2026-04-20 02:30:21 | INFO     | tts_engine:_kyutai_generate:220 - TTS: Kyutai generated 307244 bytes (storyteller)
2026-04-20 02:30:35 | INFO     | tts_engine:_kyutai_generate:220 - TTS: Kyutai generated 541484 bytes (storyteller)
2026-04-20 02:30:35 | INFO     | tts_engine:_kyutai_generate:220 - TTS: Kyutai generated 361004 bytes (storyteller)
2026-04-20 02:30:42 | INFO     | tts_engine:_kyutai_generate:220 - TTS: Kyutai generated 422444 bytes (storyteller)
2026-04-20 02:30:44 | INFO     | tts_engine:_kyutai_generate:220 - TTS: Kyutai generated 499244 bytes (storyteller)
2026-04-20 02:30:48 | INFO     | tts_engine:_kyutai_generate:220 - TTS: Kyutai generated 295724 bytes (storyteller)
2026-04-20 02:31:00 | INFO     | tts_engine:_kyutai_generate:220 - TTS: Kyutai generated 341804 bytes (storyteller)
2026-04-20 02:31:01 | INFO     | tts_engine:_kyutai_generate:220 - TTS: Kyutai generated 399404 bytes (storyteller)
2026-04-20 02:31:03 | INFO     | tts_engine:_kyutai_generate:220 - TTS: Kyutai generated 583724 bytes (storyteller)
2026-04-20 02:31:11 | INFO     | tts_engine:_kyutai_generate:220 - TTS: Kyutai generated 499244 bytes (storyteller)
2026-04-20 02:31:19 | INFO     | tts_engine:_kyutai_generate:220 - TTS: Kyutai generated 380204 bytes (storyteller)
2026-04-20 02:31:19 | INFO     | tts_engine:_kyutai_generate:220 - TTS: Kyutai generated 387884 bytes (storyteller)
2026-04-20 02:31:20 | INFO     | __main__:ask_question:210 - Question: cell lysis | Hybrid: True | Book: None
2026-04-20 02:31:20 | INFO     | tts_engine:_kyutai_generate:220 - TTS: Kyutai generated 391724 bytes (storyteller)
2026-04-20 02:31:23 | INFO     | tts_engine:_kyutai_generate:220 - TTS: Kyutai generated 330284 bytes (storyteller)
2026-04-21 15:27:30 | INFO     | model_manager:_setup_providers:435 - ModelManager: Configured providers: Groq (5 keys), Gemini Flash (5 keys), Gemini Pro (5 keys), Qwen (OpenRouter) (10 keys), OpenRouter Hub (10 keys), Mistral (1 keys), Together AI (1 keys), NVIDIA NIM (1 keys), Cohere (1 keys), Cerebras (1 keys), Hugging Face (1 keys)
2026-04-21 15:27:32 | INFO     | __main__:startup_event:104 - SciAI PRODUCTION ENGINE STARTING...
2026-04-21 15:27:32 | INFO     | cache_service:connect:26 - Redis cache connected successfully
2026-04-21 15:27:32 | INFO     | __main__:startup_event:107 - ModelManager: 11 providers configured
2026-04-21 15:27:32 | INFO     | tts_engine:initialize:333 - TTS Engine: Initializing...
2026-04-21 15:27:33 | INFO     | tts_engine:_init_kyutai:176 - TTS: Loading Kyutai Pocket-TTS model...
2026-04-21 15:27:36 | INFO     | tts_engine:_init_kyutai:178 - TTS: Kyutai model loaded (sample_rate=24000)
2026-04-21 15:27:36 | INFO     | tts_engine:_init_kyutai:185 - TTS: Loaded Kyutai catalog voice 'professor' (alba)
2026-04-21 15:27:36 | INFO     | tts_engine:_init_kyutai:185 - TTS: Loaded Kyutai catalog voice 'energetic' (cosette)
2026-04-21 15:27:36 | INFO     | tts_engine:_init_kyutai:185 - TTS: Loaded Kyutai catalog voice 'storyteller' (fantine)
2026-04-21 15:27:36 | INFO     | tts_engine:_init_kyutai:185 - TTS: Loaded Kyutai catalog voice 'formal_male' (marius)
2026-04-21 15:27:36 | INFO     | tts_engine:_init_kyutai:185 - TTS: Loaded Kyutai catalog voice 'casual_female' (eponine)
2026-04-21 15:27:36 | INFO     | tts_engine:_init_kyutai:185 - TTS: Loaded Kyutai catalog voice 'deep_male' (javert)
2026-04-21 15:27:36 | INFO     | tts_engine:_init_kyutai:185 - TTS: Loaded Kyutai catalog voice 'warm_female' (azelma)
2026-04-21 15:27:36 | INFO     | tts_engine:initialize:337 - TTS Engine: Kyutai Pocket-TTS ready (Tier 1)
2026-04-21 15:27:36 | INFO     | __main__:startup_event:111 - TTS Engine: Initialized
2026-04-21 15:28:13 | INFO     | model_manager:generate:714 - ModelManager: Trying Groq (Tier 1) [key …DURcU2]
2026-04-21 15:28:14 | INFO     | model_manager:generate:741 - ModelManager: ✅ Groq succeeded (146 chars)
2026-04-21 15:28:14 | INFO     | controller_prompt:classify:153 - Controller: Routing via Groq
2026-04-21 15:28:16 | INFO     | controller_prompt:classify:129 - Controller: Cache hit for 'cell membrane...'
2026-04-21 15:28:17 | INFO     | __main__:ask_question:210 - Question: cell membrane
 | Hybrid: True | Book: None
2026-04-21 15:28:17 | INFO     | faiss_store:ensure_loaded:52 - FAISS: Loading index from disk (mtime changed)...
2026-04-21 15:28:17 | INFO     | faiss_store:load:87 - FAISS: Loaded 1461 vectors of type IndexIDMap2.
2026-04-21 15:28:17 | INFO     | faiss_store:get_model:15 - Loading embedding model...
2026-04-21 15:28:22 | INFO     | faiss_store:search:199 - FAISS Search: query='cell membrane
...', search_k=25, ntotal=1461
2026-04-21 15:28:22 | INFO     | faiss_store:search:227 - FAISS Search: Matches for book_id=None: 2
2026-04-21 15:28:22 | INFO     | live_articles:search_articles:244 - Article Search: 'cell membrane
' | Page: 1
2026-04-21 15:28:23 | INFO     | live_articles:search_articles:253 - Adding PubMed task for 'cell membrane
'
2026-04-21 15:28:23 | INFO     | live_articles:search_articles:256 - Adding arXiv task for 'cell membrane
'
2026-04-21 15:28:23 | INFO     | live_articles:search_articles:263 - Adding Wikipedia task for 'cell membrane
'
2026-04-21 15:28:23 | INFO     | live_articles:fetch_pubmed:106 - PubMed: Searching for 'cell membrane
' (retmax=10)
2026-04-21 15:28:23 | ERROR    | live_articles:fetch_arxiv:238 - arXiv API error: Invalid non-printable ASCII character in URL, '\n' at position 64.
2026-04-21 15:28:23 | ERROR    | live_articles:fetch_pubmed:187 - PubMed final error: InvalidURL: Invalid non-printable ASCII character in URL, '\n' at position 87.
2026-04-21 15:28:23 | INFO     | live_articles:search_articles:289 - Source 0 returned 0 articles (Total in source: 0)
2026-04-21 15:28:23 | INFO     | live_articles:search_articles:289 - Source 1 returned 0 articles (Total in source: 0)
2026-04-21 15:28:23 | INFO     | live_articles:search_articles:293 - Wikipedia returned 0 articles
2026-04-21 15:28:23 | INFO     | model_manager:generate:714 - ModelManager: Trying Gemini Flash (Tier 2) [key …rBrkTk]
2026-04-21 15:28:31 | INFO     | model_manager:generate:741 - ModelManager: ✅ Gemini Flash succeeded (2253 chars)
2026-04-21 15:28:31 | INFO     | llm_engine:generate_hybrid_answer:67 - LLM: Hybrid generation via Gemini Flash
2026-04-21 15:28:38 | INFO     | __main__:text_to_speech:476 - TTS: Processing 2215 chars, style=professor, mode=Concept
2026-04-21 15:28:38 | INFO     | model_manager:generate:714 - ModelManager: Trying Groq (Tier 1) [key …l8NUH9]
2026-04-21 15:28:39 | INFO     | model_manager:generate:741 - ModelManager: ✅ Groq succeeded (1786 chars)
2026-04-21 15:28:39 | INFO     | tts_text_processor:optimize_for_speech:270 - TTS: Text optimized via Groq (2191 → 1786 chars)
2026-04-21 15:28:39 | INFO     | tts_engine:generate_stream:445 - TTS: Streaming 12 chunks...
2026-04-21 15:28:59 | INFO     | tts_engine:_kyutai_generate:220 - TTS: Kyutai generated 276524 bytes (professor)
2026-04-21 15:29:02 | INFO     | tts_engine:_kyutai_generate:220 - TTS: Kyutai generated 326444 bytes (professor)
2026-04-21 15:29:08 | INFO     | tts_engine:_kyutai_generate:220 - TTS: Kyutai generated 433964 bytes (professor)
2026-04-21 15:29:20 | INFO     | tts_engine:_kyutai_generate:220 - TTS: Kyutai generated 249644 bytes (professor)
2026-04-21 15:29:22 | INFO     | tts_engine:_kyutai_generate:220 - TTS: Kyutai generated 318764 bytes (professor)
2026-04-21 15:29:27 | INFO     | tts_engine:_kyutai_generate:220 - TTS: Kyutai generated 622124 bytes (professor)
2026-04-21 15:29:34 | INFO     | tts_engine:_kyutai_generate:220 - TTS: Kyutai generated 330284 bytes (professor)
2026-04-21 15:29:54 | INFO     | tts_engine:_kyutai_generate:220 - TTS: Kyutai generated 483884 bytes (professor)
2026-04-21 15:30:01 | INFO     | tts_engine:_kyutai_generate:220 - TTS: Kyutai generated 399404 bytes (professor)
2026-04-21 15:30:06 | INFO     | tts_engine:_kyutai_generate:220 - TTS: Kyutai generated 403244 bytes (professor)
2026-04-21 15:30:07 | INFO     | tts_engine:_kyutai_generate:220 - TTS: Kyutai generated 579884 bytes (professor)
2026-04-21 15:30:20 | INFO     | tts_engine:_kyutai_generate:220 - TTS: Kyutai generated 595244 bytes (professor)
2026-04-21 16:46:16 | INFO     | model_manager:_setup_providers:435 - ModelManager: Configured providers: Groq (5 keys), Gemini Flash (5 keys), Gemini Pro (5 keys), Qwen (OpenRouter) (10 keys), OpenRouter Hub (10 keys), Mistral (1 keys), Together AI (1 keys), NVIDIA NIM (1 keys), Cohere (1 keys), Cerebras (1 keys), Hugging Face (1 keys)
2026-04-21 16:46:17 | INFO     | __main__:startup_event:104 - SciAI PRODUCTION ENGINE STARTING...
2026-04-21 16:46:17 | INFO     | cache_service:connect:26 - Redis cache connected successfully
2026-04-21 16:46:17 | INFO     | __main__:startup_event:107 - ModelManager: 11 providers configured
2026-04-21 16:46:17 | INFO     | tts_engine:initialize:333 - TTS Engine: Initializing...
2026-04-21 16:46:19 | INFO     | tts_engine:_init_kyutai:176 - TTS: Loading Kyutai Pocket-TTS model...
2026-04-21 16:46:23 | INFO     | tts_engine:_init_kyutai:178 - TTS: Kyutai model loaded (sample_rate=24000)
2026-04-21 16:46:23 | INFO     | tts_engine:_init_kyutai:185 - TTS: Loaded Kyutai catalog voice 'professor' (alba)
2026-04-21 16:46:23 | INFO     | tts_engine:_init_kyutai:185 - TTS: Loaded Kyutai catalog voice 'energetic' (cosette)
2026-04-21 16:46:23 | INFO     | tts_engine:_init_kyutai:185 - TTS: Loaded Kyutai catalog voice 'storyteller' (fantine)
2026-04-21 16:46:23 | INFO     | tts_engine:_init_kyutai:185 - TTS: Loaded Kyutai catalog voice 'formal_male' (marius)
2026-04-21 16:46:23 | INFO     | tts_engine:_init_kyutai:185 - TTS: Loaded Kyutai catalog voice 'casual_female' (eponine)
2026-04-21 16:46:23 | INFO     | tts_engine:_init_kyutai:185 - TTS: Loaded Kyutai catalog voice 'deep_male' (javert)
2026-04-21 16:46:23 | INFO     | tts_engine:_init_kyutai:185 - TTS: Loaded Kyutai catalog voice 'warm_female' (azelma)
2026-04-21 16:46:23 | INFO     | tts_engine:initialize:337 - TTS Engine: Kyutai Pocket-TTS ready (Tier 1)
2026-04-21 16:46:23 | INFO     | __main__:startup_event:111 - TTS Engine: Initialized
2026-04-21 16:46:28 | INFO     | model_manager:generate:714 - ModelManager: Trying Groq (Tier 1) [key …DURcU2]
2026-04-21 16:46:29 | INFO     | model_manager:generate:741 - ModelManager: ✅ Groq succeeded (141 chars)
2026-04-21 16:46:29 | INFO     | controller_prompt:classify:153 - Controller: Routing via Groq
2026-04-21 16:46:30 | INFO     | model_manager:generate:714 - ModelManager: Trying Groq (Tier 1) [key …l8NUH9]
2026-04-21 16:46:31 | INFO     | model_manager:generate:741 - ModelManager: ✅ Groq succeeded (152 chars)
2026-04-21 16:46:31 | INFO     | controller_prompt:classify:153 - Controller: Routing via Groq
2026-04-21 16:46:35 | INFO     | model_manager:generate:714 - ModelManager: Trying Groq (Tier 1) [key …1ls9p2]
2026-04-21 16:46:36 | INFO     | model_manager:generate:741 - ModelManager: ✅ Groq succeeded (141 chars)
2026-04-21 16:46:36 | INFO     | controller_prompt:classify:153 - Controller: Routing via Groq
2026-04-21 16:46:37 | INFO     | model_manager:generate:714 - ModelManager: Trying Groq (Tier 1) [key …9pzhKT]
2026-04-21 16:46:38 | INFO     | model_manager:generate:741 - ModelManager: ✅ Groq succeeded (154 chars)
2026-04-21 16:46:38 | INFO     | controller_prompt:classify:153 - Controller: Routing via Groq
2026-04-21 16:46:43 | INFO     | __main__:ask_question:215 - Question: cell signaling | Hybrid: True | Book: None
2026-04-21 16:46:43 | INFO     | faiss_store:ensure_loaded:52 - FAISS: Loading index from disk (mtime changed)...
2026-04-21 16:46:43 | INFO     | faiss_store:load:87 - FAISS: Loaded 1461 vectors of type IndexIDMap2.
2026-04-21 16:46:43 | INFO     | faiss_store:get_model:15 - Loading embedding model...
2026-04-21 16:46:49 | INFO     | faiss_store:search:199 - FAISS Search: query='cell signaling...', search_k=25, ntotal=1461
2026-04-21 16:46:49 | INFO     | faiss_store:search:227 - FAISS Search: Matches for book_id=None: 6
2026-04-21 16:46:49 | INFO     | live_articles:search_articles:244 - Article Search: 'cell signaling' | Page: 1
2026-04-21 16:46:50 | INFO     | live_articles:search_articles:253 - Adding PubMed task for 'cell signaling'
2026-04-21 16:46:50 | INFO     | live_articles:search_articles:256 - Adding arXiv task for 'cell signaling'
2026-04-21 16:46:50 | INFO     | live_articles:search_articles:263 - Adding Wikipedia task for 'cell signaling'
2026-04-21 16:46:50 | INFO     | live_articles:fetch_pubmed:106 - PubMed: Searching for 'cell signaling' (retmax=10)
2026-04-21 16:46:52 | INFO     | live_articles:fetch_pubmed:124 - PubMed search returned 10 IDs (Total: 1166731)
2026-04-21 16:46:54 | INFO     | live_articles:fetch_pubmed:180 - PubMed: Successfully parsed 10 articles.
2026-04-21 16:46:54 | INFO     | live_articles:search_articles:289 - Source 0 returned 10 articles (Total in source: 1166731)
2026-04-21 16:46:54 | INFO     | live_articles:search_articles:289 - Source 1 returned 10 articles (Total in source: 194618)
2026-04-21 16:46:54 | INFO     | live_articles:search_articles:293 - Wikipedia returned 0 articles
2026-04-21 16:46:54 | INFO     | model_manager:generate:714 - ModelManager: Trying Gemini Flash (Tier 2) [key …rBrkTk]
2026-04-21 16:47:00 | ERROR    | model_manager:generate:754 - ModelManager: ❌ Gemini Flash error: Gemini Flash: HTTP 503 — {
  "error": {
    "code": 503,
    "message": "This model is currently experiencing high demand. Spikes in demand are usually temporary. Please try again later.",
    "status": "UNAVAILABLE"
  }
}

2026-04-21 16:47:00 | INFO     | model_manager:generate:714 - ModelManager: Trying Groq (Tier 1) [key …Q27Y0X]
2026-04-21 16:47:01 | INFO     | model_manager:generate:741 - ModelManager: ✅ Groq succeeded (2911 chars)
2026-04-21 16:47:01 | INFO     | llm_engine:generate_hybrid_answer:145 - LLM: Hybrid generation via Groq
2026-04-21 16:47:10 | INFO     | __main__:text_to_speech:486 - TTS: Processing 2883 chars, style=professor, mode=Expert
2026-04-21 16:47:10 | INFO     | model_manager:generate:714 - ModelManager: Trying Groq (Tier 1) [key …DURcU2]
2026-04-21 16:47:11 | INFO     | model_manager:generate:741 - ModelManager: ✅ Groq succeeded (2138 chars)
2026-04-21 16:47:11 | INFO     | tts_text_processor:optimize_for_speech:270 - TTS: Text optimized via Groq (2883 → 2138 chars)
2026-04-21 16:47:11 | INFO     | tts_engine:generate_stream:445 - TTS: Streaming 16 chunks...
2026-04-21 16:47:32 | INFO     | tts_engine:_kyutai_generate:220 - TTS: Kyutai generated 295724 bytes (professor)
2026-04-21 16:47:34 | INFO     | tts_engine:_kyutai_generate:220 - TTS: Kyutai generated 326444 bytes (professor)
2026-04-21 16:47:35 | INFO     | tts_engine:_kyutai_generate:220 - TTS: Kyutai generated 357164 bytes (professor)
2026-04-21 16:47:36 | INFO     | tts_engine:_kyutai_generate:220 - TTS: Kyutai generated 372524 bytes (professor)
2026-04-21 16:47:44 | INFO     | __main__:ask_question:215 - Question: cell signaling | Hybrid: True | Book: None
2026-04-21 16:47:46 | INFO     | __main__:ask_question:215 - Question: cell signaling | Hybrid: False | Book: None
2026-04-21 16:47:46 | INFO     | model_manager:generate:690 - ModelManager: Auto-classified as 'speed'
2026-04-21 16:47:46 | INFO     | model_manager:generate:714 - ModelManager: Trying Groq (Tier 1) [key …l8NUH9]
2026-04-21 16:47:48 | INFO     | model_manager:generate:741 - ModelManager: ✅ Groq succeeded (2847 chars)
2026-04-21 16:47:48 | INFO     | llm_engine:generate_llm_only:75 - LLM: Pure generation via Groq
2026-04-21 16:47:52 | INFO     | tts_engine:_kyutai_generate:220 - TTS: Kyutai generated 303404 bytes (professor)
2026-04-21 16:47:59 | INFO     | tts_engine:_kyutai_generate:220 - TTS: Kyutai generated 399404 bytes (professor)
2026-04-21 16:47:59 | INFO     | tts_engine:_kyutai_generate:220 - TTS: Kyutai generated 414764 bytes (professor)
2026-04-21 16:48:07 | INFO     | tts_engine:_kyutai_generate:220 - TTS: Kyutai generated 491564 bytes (professor)
2026-04-21 16:48:15 | INFO     | tts_engine:_kyutai_generate:220 - TTS: Kyutai generated 322604 bytes (professor)
2026-04-21 16:48:19 | INFO     | tts_engine:_kyutai_generate:220 - TTS: Kyutai generated 291884 bytes (professor)
2026-04-21 16:48:22 | INFO     | __main__:ask_question:215 - Question: cell signaling | Hybrid: False | Book: None
2026-04-21 16:48:30 | INFO     | tts_engine:_kyutai_generate:220 - TTS: Kyutai generated 545324 bytes (professor)
2026-04-21 16:48:33 | INFO     | __main__:text_to_speech:486 - TTS: Processing 2847 chars, style=professor, mode=Expert
2026-04-21 16:48:33 | INFO     | model_manager:generate:714 - ModelManager: Trying Groq (Tier 1) [key …1ls9p2]
2026-04-21 16:48:34 | INFO     | model_manager:generate:741 - ModelManager: ✅ Groq succeeded (2772 chars)
2026-04-21 16:48:34 | INFO     | tts_text_processor:optimize_for_speech:270 - TTS: Text optimized via Groq (2847 → 2772 chars)
2026-04-21 16:48:34 | INFO     | tts_engine:generate_stream:445 - TTS: Streaming 20 chunks...
2026-04-21 16:48:37 | INFO     | tts_engine:_kyutai_generate:220 - TTS: Kyutai generated 291884 bytes (professor)
2026-04-21 16:48:39 | INFO     | tts_engine:_kyutai_generate:220 - TTS: Kyutai generated 541484 bytes (professor)
2026-04-21 16:48:42 | INFO     | tts_engine:_kyutai_generate:220 - TTS: Kyutai generated 314924 bytes (professor)
2026-04-21 16:49:04 | INFO     | tts_engine:_kyutai_generate:220 - TTS: Kyutai generated 410924 bytes (professor)
2026-04-21 16:49:08 | INFO     | tts_engine:_kyutai_generate:220 - TTS: Kyutai generated 514604 bytes (professor)
2026-04-21 16:49:09 | INFO     | tts_engine:_kyutai_generate:220 - TTS: Kyutai generated 526124 bytes (professor)
2026-04-21 16:49:15 | INFO     | tts_engine:_kyutai_generate:220 - TTS: Kyutai generated 441644 bytes (professor)
2026-04-21 16:49:24 | INFO     | tts_engine:_kyutai_generate:220 - TTS: Kyutai generated 230444 bytes (professor)
2026-04-21 16:49:33 | INFO     | __main__:ask_question:215 - Question: cell signaling | Hybrid: False | Book: None
2026-04-21 16:49:37 | INFO     | tts_engine:_kyutai_generate:220 - TTS: Kyutai generated 387884 bytes (professor)
2026-04-21 16:49:40 | INFO     | tts_engine:_kyutai_generate:220 - TTS: Kyutai generated 253484 bytes (professor)
2026-04-21 16:49:41 | INFO     | tts_engine:_kyutai_generate:220 - TTS: Kyutai generated 510764 bytes (professor)
2026-04-21 16:49:45 | INFO     | __main__:ask_question:215 - Question: cell signaling | Hybrid: False | Book: None
2026-04-21 16:49:52 | INFO     | tts_engine:_kyutai_generate:220 - TTS: Kyutai generated 599084 bytes (professor)
2026-04-21 16:49:58 | INFO     | tts_engine:_kyutai_generate:220 - TTS: Kyutai generated 284204 bytes (professor)
2026-04-21 16:50:00 | INFO     | tts_engine:_kyutai_generate:220 - TTS: Kyutai generated 280364 bytes (professor)
2026-04-21 16:50:03 | INFO     | tts_engine:_kyutai_generate:220 - TTS: Kyutai generated 303404 bytes (professor)
2026-04-21 16:50:21 | INFO     | tts_engine:_kyutai_generate:220 - TTS: Kyutai generated 322604 bytes (professor)
2026-04-21 16:50:21 | INFO     | tts_engine:_kyutai_generate:220 - TTS: Kyutai generated 410924 bytes (professor)
2026-04-21 16:50:30 | INFO     | tts_engine:_kyutai_generate:220 - TTS: Kyutai generated 384044 bytes (professor)
2026-04-21 16:50:48 | INFO     | tts_engine:_kyutai_generate:220 - TTS: Kyutai generated 602924 bytes (professor)
2026-04-21 16:50:50 | INFO     | tts_engine:_kyutai_generate:220 - TTS: Kyutai generated 391724 bytes (professor)
2026-04-21 16:50:54 | INFO     | tts_engine:_kyutai_generate:220 - TTS: Kyutai generated 268844 bytes (professor)
2026-04-21 16:51:02 | INFO     | tts_engine:_kyutai_generate:220 - TTS: Kyutai generated 480044 bytes (professor)
2026-04-21 16:51:02 | INFO     | tts_engine:_kyutai_generate:220 - TTS: Kyutai generated 399404 bytes (professor)
2026-04-21 16:51:10 | INFO     | tts_engine:_kyutai_generate:220 - TTS: Kyutai generated 330284 bytes (professor)
2026-04-21 16:51:17 | INFO     | tts_engine:_kyutai_generate:220 - TTS: Kyutai generated 591404 bytes (professor)
2026-04-21 16:56:50 | INFO     | live_articles:fetch_trending:320 - Fetching trending for topics: ['protein folding', 'graphene applications', 'nanomaterials']
2026-04-21 16:56:50 | INFO     | live_articles:fetch_trending:324 - Trending: Starting parallel fetch for topics...
2026-04-21 16:56:50 | INFO     | live_articles:fetch_pubmed:106 - PubMed: Searching for 'protein folding' (retmax=10)
2026-04-21 16:56:50 | INFO     | live_articles:fetch_pubmed:106 - PubMed: Searching for 'graphene applications' (retmax=10)
2026-04-21 16:56:50 | INFO     | live_articles:fetch_pubmed:106 - PubMed: Searching for 'nanomaterials' (retmax=10)
2026-04-21 16:56:51 | INFO     | live_articles:fetch_pubmed:124 - PubMed search returned 10 IDs (Total: 98847)
2026-04-21 16:56:51 | INFO     | live_articles:fetch_pubmed:124 - PubMed search returned 10 IDs (Total: 434617)
2026-04-21 16:56:51 | INFO     | live_articles:fetch_pubmed:124 - PubMed search returned 10 IDs (Total: 35120)
2026-04-21 16:56:52 | WARNING  | live_articles:fetch_pubmed:136 - PubMed efetch hit 429 Rate Limit. Retrying after 2s...
2026-04-21 16:56:54 | INFO     | live_articles:fetch_pubmed:180 - PubMed: Successfully parsed 10 articles.
2026-04-21 16:56:54 | INFO     | live_articles:fetch_pubmed:180 - PubMed: Successfully parsed 10 articles.
2026-04-21 16:56:55 | INFO     | live_articles:fetch_pubmed:180 - PubMed: Successfully parsed 10 articles.
2026-04-21 16:56:55 | INFO     | live_articles:fetch_trending:340 - Trending: Total fetched 45 articles.
2026-04-21 16:57:13 | INFO     | model_manager:generate:714 - ModelManager: Trying Groq (Tier 1) [key …9pzhKT]
2026-04-21 16:57:13 | INFO     | model_manager:generate:741 - ModelManager: ✅ Groq succeeded (148 chars)
2026-04-21 16:57:13 | INFO     | controller_prompt:classify:153 - Controller: Routing via Groq
2026-04-21 16:57:16 | INFO     | __main__:ask_question:215 - Question: cell cycle | Hybrid: True | Book: None
2026-04-21 16:57:16 | INFO     | faiss_store:search:199 - FAISS Search: query='cell cycle...', search_k=25, ntotal=1461
2026-04-21 16:57:16 | INFO     | faiss_store:search:227 - FAISS Search: Matches for book_id=None: 6
2026-04-21 16:57:16 | INFO     | live_articles:search_articles:244 - Article Search: 'cell cycle' | Page: 1
2026-04-21 16:57:16 | INFO     | live_articles:search_articles:253 - Adding PubMed task for 'cell cycle'
2026-04-21 16:57:16 | INFO     | live_articles:search_articles:256 - Adding arXiv task for 'cell cycle'
2026-04-21 16:57:16 | INFO     | live_articles:search_articles:263 - Adding Wikipedia task for 'cell cycle'
2026-04-21 16:57:16 | INFO     | live_articles:fetch_pubmed:106 - PubMed: Searching for 'cell cycle' (retmax=10)
2026-04-21 16:57:18 | INFO     | live_articles:fetch_pubmed:124 - PubMed search returned 10 IDs (Total: 601994)
2026-04-21 16:57:19 | INFO     | live_articles:fetch_pubmed:180 - PubMed: Successfully parsed 10 articles.
2026-04-21 16:57:19 | INFO     | live_articles:search_articles:289 - Source 0 returned 10 articles (Total in source: 601994)
2026-04-21 16:57:19 | INFO     | live_articles:search_articles:289 - Source 1 returned 10 articles (Total in source: 95996)
2026-04-21 16:57:19 | INFO     | live_articles:search_articles:293 - Wikipedia returned 0 articles
2026-04-21 16:57:19 | INFO     | model_manager:generate:714 - ModelManager: Trying Gemini Flash (Tier 2) [key …nQKpEg]
2026-04-21 16:57:32 | INFO     | model_manager:generate:741 - ModelManager: ✅ Gemini Flash succeeded (3207 chars)
2026-04-21 16:57:32 | INFO     | llm_engine:generate_hybrid_answer:145 - LLM: Hybrid generation via Gemini Flash
2026-04-21 16:57:42 | INFO     | __main__:text_to_speech:486 - TTS: Processing 3175 chars, style=professor, mode=Expert
2026-04-21 16:57:42 | INFO     | model_manager:generate:714 - ModelManager: Trying Groq (Tier 1) [key …Q27Y0X]
2026-04-21 16:57:43 | INFO     | model_manager:generate:741 - ModelManager: ✅ Groq succeeded (2326 chars)
2026-04-21 16:57:43 | INFO     | tts_text_processor:optimize_for_speech:270 - TTS: Text optimized via Groq (3153 → 2326 chars)
2026-04-21 16:57:43 | INFO     | tts_engine:generate_stream:445 - TTS: Streaming 15 chunks...
2026-04-21 16:58:01 | INFO     | tts_engine:_kyutai_generate:220 - TTS: Kyutai generated 311084 bytes (professor)
2026-04-21 16:58:08 | INFO     | tts_engine:_kyutai_generate:220 - TTS: Kyutai generated 357164 bytes (professor)
2026-04-21 16:58:09 | INFO     | tts_engine:_kyutai_generate:220 - TTS: Kyutai generated 445484 bytes (professor)
2026-04-21 16:58:13 | INFO     | tts_engine:_kyutai_generate:220 - TTS: Kyutai generated 422444 bytes (professor)
2026-04-21 16:58:26 | INFO     | tts_engine:_kyutai_generate:220 - TTS: Kyutai generated 430124 bytes (professor)
2026-04-21 16:58:40 | INFO     | tts_engine:_kyutai_generate:220 - TTS: Kyutai generated 449324 bytes (professor)
2026-04-21 16:58:45 | INFO     | tts_engine:_kyutai_generate:220 - TTS: Kyutai generated 491564 bytes (professor)
2026-04-21 16:59:02 | INFO     | tts_engine:_kyutai_generate:220 - TTS: Kyutai generated 614444 bytes (professor)
2026-04-21 16:59:06 | INFO     | tts_engine:_kyutai_generate:220 - TTS: Kyutai generated 553004 bytes (professor)
2026-04-21 16:59:09 | INFO     | tts_engine:_kyutai_generate:220 - TTS: Kyutai generated 364844 bytes (professor)
2026-04-21 16:59:23 | INFO     | tts_engine:_kyutai_generate:220 - TTS: Kyutai generated 330284 bytes (professor)
2026-04-21 16:59:24 | INFO     | tts_engine:_kyutai_generate:220 - TTS: Kyutai generated 449324 bytes (professor)
2026-04-21 16:59:34 | INFO     | tts_engine:_kyutai_generate:220 - TTS: Kyutai generated 407084 bytes (professor)
2026-04-21 16:59:44 | INFO     | tts_engine:_kyutai_generate:220 - TTS: Kyutai generated 464684 bytes (professor)
2026-04-21 16:59:44 | INFO     | tts_engine:_kyutai_generate:220 - TTS: Kyutai generated 602924 bytes (professor)
2026-04-21 17:00:07 | INFO     | live_articles:fetch_trending:320 - Fetching trending for topics: ['graphene applications', 'quantum computing', 'CRISPR gene editing']
2026-04-21 17:00:07 | INFO     | live_articles:fetch_trending:324 - Trending: Starting parallel fetch for topics...
2026-04-21 17:00:07 | INFO     | live_articles:fetch_pubmed:106 - PubMed: Searching for 'quantum computing' (retmax=10)
2026-04-21 17:00:07 | INFO     | live_articles:fetch_pubmed:106 - PubMed: Searching for 'CRISPR gene editing' (retmax=10)
2026-04-21 17:00:08 | INFO     | live_articles:fetch_pubmed:124 - PubMed search returned 10 IDs (Total: 24174)
2026-04-21 17:00:08 | INFO     | live_articles:fetch_pubmed:124 - PubMed search returned 10 IDs (Total: 51342)
2026-04-21 17:00:09 | WARNING  | live_articles:fetch_pubmed:136 - PubMed efetch hit 429 Rate Limit. Retrying after 2s...
2026-04-21 17:00:10 | INFO     | live_articles:fetch_pubmed:180 - PubMed: Successfully parsed 10 articles.
2026-04-21 17:00:12 | INFO     | live_articles:fetch_pubmed:180 - PubMed: Successfully parsed 10 articles.
2026-04-21 17:00:12 | INFO     | live_articles:fetch_trending:340 - Trending: Total fetched 45 articles.
2026-04-21 17:00:22 | INFO     | __main__:ask_question:215 - Question: Extract 4 brief key bullet points for the article titled 'Computational dual-loop frameworks bridging single-enzyme design and cascade tunnel network engineering for next-generation biosynthetic systems.'. | Hybrid: False | Book: None
2026-04-21 17:00:22 | INFO     | model_manager:generate:690 - ModelManager: Auto-classified as 'speed'
2026-04-21 17:00:22 | INFO     | model_manager:generate:714 - ModelManager: Trying Groq (Tier 1) [key …DURcU2]
2026-04-21 17:00:23 | INFO     | model_manager:generate:741 - ModelManager: ✅ Groq succeeded (1120 chars)
2026-04-21 17:00:23 | INFO     | llm_engine:generate_llm_only:75 - LLM: Pure generation via Groq
2026-04-21 17:00:36 | INFO     | model_manager:generate:714 - ModelManager: Trying Groq (Tier 1) [key …l8NUH9]
2026-04-21 17:00:36 | INFO     | model_manager:generate:741 - ModelManager: ✅ Groq succeeded (148 chars)
2026-04-21 17:00:36 | INFO     | controller_prompt:classify:153 - Controller: Routing via Groq
2026-04-21 17:00:44 | INFO     | __main__:ask_question:215 - Question: cell metabolism  | Hybrid: True | Book: None
2026-04-21 17:00:44 | INFO     | faiss_store:search:199 - FAISS Search: query='cell metabolism ...', search_k=25, ntotal=1461
2026-04-21 17:00:44 | INFO     | faiss_store:search:227 - FAISS Search: Matches for book_id=None: 0
2026-04-21 17:00:44 | INFO     | live_articles:search_articles:244 - Article Search: 'cell metabolism ' | Page: 1
2026-04-21 17:00:44 | INFO     | live_articles:search_articles:253 - Adding PubMed task for 'cell metabolism '
2026-04-21 17:00:44 | INFO     | live_articles:search_articles:256 - Adding arXiv task for 'cell metabolism '
2026-04-21 17:00:44 | INFO     | live_articles:search_articles:263 - Adding Wikipedia task for 'cell metabolism '
2026-04-21 17:00:44 | INFO     | live_articles:fetch_pubmed:106 - PubMed: Searching for 'cell metabolism ' (retmax=10)
2026-04-21 17:00:46 | INFO     | live_articles:fetch_pubmed:124 - PubMed search returned 10 IDs (Total: 2932161)
2026-04-21 17:00:48 | INFO     | live_articles:fetch_pubmed:180 - PubMed: Successfully parsed 10 articles.
2026-04-21 17:00:48 | INFO     | live_articles:search_articles:289 - Source 0 returned 10 articles (Total in source: 2932161)
2026-04-21 17:00:48 | INFO     | live_articles:search_articles:289 - Source 1 returned 10 articles (Total in source: 54214)
2026-04-21 17:00:48 | INFO     | live_articles:search_articles:293 - Wikipedia returned 0 articles
2026-04-21 17:00:48 | INFO     | model_manager:generate:714 - ModelManager: Trying Gemini Flash (Tier 2) [key …2bZEmY]
2026-04-21 17:01:24 | INFO     | model_manager:generate:741 - ModelManager: ✅ Gemini Flash succeeded (3837 chars)
2026-04-21 17:01:24 | INFO     | llm_engine:generate_hybrid_answer:145 - LLM: Hybrid generation via Gemini Flash
2026-04-21 17:04:25 | INFO     | model_manager:generate:714 - ModelManager: Trying Groq (Tier 1) [key …1ls9p2]
2026-04-21 17:04:25 | INFO     | model_manager:generate:741 - ModelManager: ✅ Groq succeeded (162 chars)
2026-04-21 17:04:25 | INFO     | controller_prompt:classify:153 - Controller: Routing via Groq
2026-04-21 17:04:33 | INFO     | model_manager:generate:714 - ModelManager: Trying Groq (Tier 1) [key …9pzhKT]
2026-04-21 17:04:33 | INFO     | model_manager:generate:741 - ModelManager: ✅ Groq succeeded (157 chars)
2026-04-21 17:04:33 | INFO     | controller_prompt:classify:153 - Controller: Routing via Groq
2026-04-21 17:04:36 | INFO     | __main__:ask_question:215 - Question: immunology role in self organ attacks | Hybrid: True | Book: None
2026-04-21 17:04:36 | INFO     | faiss_store:search:199 - FAISS Search: query='immunology role in self organ ...', search_k=25, ntotal=1461
2026-04-21 17:04:36 | INFO     | faiss_store:search:227 - FAISS Search: Matches for book_id=None: 0
2026-04-21 17:04:36 | INFO     | live_articles:search_articles:244 - Article Search: 'immunology role in self organ attacks' | Page: 1
2026-04-21 17:04:36 | INFO     | live_articles:search_articles:253 - Adding PubMed task for 'immunology role in self organ attacks'
2026-04-21 17:04:36 | INFO     | live_articles:search_articles:256 - Adding arXiv task for 'immunology role in self organ attacks'
2026-04-21 17:04:36 | INFO     | live_articles:search_articles:263 - Adding Wikipedia task for 'immunology role in self organ attacks'
2026-04-21 17:04:36 | INFO     | live_articles:fetch_pubmed:106 - PubMed: Searching for 'immunology role in self organ attacks' (retmax=10)
2026-04-21 17:04:37 | INFO     | live_articles:fetch_pubmed:124 - PubMed search returned 10 IDs (Total: 37)
2026-04-21 17:04:39 | INFO     | live_articles:fetch_pubmed:180 - PubMed: Successfully parsed 10 articles.
2026-04-21 17:04:39 | INFO     | live_articles:search_articles:289 - Source 0 returned 10 articles (Total in source: 37)
2026-04-21 17:04:39 | INFO     | live_articles:search_articles:289 - Source 1 returned 10 articles (Total in source: 349342)
2026-04-21 17:04:39 | INFO     | live_articles:search_articles:293 - Wikipedia returned 0 articles
2026-04-21 17:04:39 | INFO     | model_manager:generate:714 - ModelManager: Trying Gemini Flash (Tier 2) [key …DJCG-Y]
2026-04-21 17:04:55 | INFO     | model_manager:generate:741 - ModelManager: ✅ Gemini Flash succeeded (3428 chars)
2026-04-21 17:04:55 | INFO     | llm_engine:generate_hybrid_answer:145 - LLM: Hybrid generation via Gemini Flash
2026-04-21 17:05:08 | INFO     | __main__:text_to_speech:486 - TTS: Processing 3368 chars, style=storyteller, mode=Concept
2026-04-21 17:05:08 | INFO     | model_manager:generate:714 - ModelManager: Trying Groq (Tier 1) [key …Q27Y0X]
2026-04-21 17:05:09 | INFO     | model_manager:generate:741 - ModelManager: ✅ Groq succeeded (2864 chars)
2026-04-21 17:05:09 | INFO     | tts_text_processor:optimize_for_speech:270 - TTS: Text optimized via Groq (3322 → 2864 chars)
2026-04-21 17:05:09 | INFO     | tts_engine:generate_stream:445 - TTS: Streaming 19 chunks...
2026-04-21 17:05:28 | INFO     | tts_engine:_kyutai_generate:220 - TTS: Kyutai generated 311084 bytes (storyteller)
2026-04-21 17:05:35 | INFO     | tts_engine:_kyutai_generate:220 - TTS: Kyutai generated 441644 bytes (storyteller)
2026-04-21 17:05:39 | INFO     | __main__:text_to_speech:486 - TTS: Processing 3368 chars, style=storyteller, mode=Concept
2026-04-21 17:05:39 | INFO     | model_manager:generate:714 - ModelManager: Trying Groq (Tier 1) [key …DURcU2]
2026-04-21 17:05:40 | INFO     | tts_engine:_kyutai_generate:220 - TTS: Kyutai generated 468524 bytes (storyteller)
2026-04-21 17:05:42 | INFO     | model_manager:generate:741 - ModelManager: ✅ Groq succeeded (2845 chars)
2026-04-21 17:05:42 | INFO     | tts_text_processor:optimize_for_speech:270 - TTS: Text optimized via Groq (3322 → 2845 chars)
2026-04-21 17:05:42 | INFO     | tts_engine:generate_stream:445 - TTS: Streaming 17 chunks...
2026-04-21 17:05:46 | INFO     | tts_engine:_kyutai_generate:220 - TTS: Kyutai generated 249644 bytes (storyteller)
2026-04-21 17:05:46 | INFO     | tts_engine:_kyutai_generate:220 - TTS: Kyutai generated 549164 bytes (storyteller)
2026-04-21 17:06:03 | INFO     | tts_engine:_kyutai_generate:220 - TTS: Kyutai generated 387884 bytes (storyteller)
2026-04-21 17:06:08 | INFO     | tts_engine:_kyutai_generate:220 - TTS: Kyutai generated 441644 bytes (storyteller)
2026-04-21 17:06:09 | INFO     | tts_engine:_kyutai_generate:220 - TTS: Kyutai generated 303404 bytes (storyteller)
2026-04-21 17:06:17 | INFO     | tts_engine:_kyutai_generate:220 - TTS: Kyutai generated 426284 bytes (storyteller)
2026-04-21 17:06:29 | INFO     | tts_engine:_kyutai_generate:220 - TTS: Kyutai generated 353324 bytes (storyteller)
2026-04-21 17:06:36 | INFO     | tts_engine:_kyutai_generate:220 - TTS: Kyutai generated 407084 bytes (storyteller)
2026-04-21 17:06:37 | INFO     | tts_engine:_kyutai_generate:220 - TTS: Kyutai generated 288044 bytes (storyteller)
2026-04-21 17:06:48 | INFO     | tts_engine:_kyutai_generate:220 - TTS: Kyutai generated 595244 bytes (storyteller)
2026-04-21 17:06:49 | INFO     | tts_engine:_kyutai_generate:220 - TTS: Kyutai generated 169004 bytes (storyteller)
2026-04-21 17:06:57 | INFO     | tts_engine:_kyutai_generate:220 - TTS: Kyutai generated 399404 bytes (storyteller)
2026-04-21 17:07:00 | INFO     | tts_engine:_kyutai_generate:220 - TTS: Kyutai generated 391724 bytes (storyteller)
2026-04-21 17:07:13 | INFO     | tts_engine:_kyutai_generate:220 - TTS: Kyutai generated 357164 bytes (storyteller)
2026-04-21 17:07:19 | INFO     | tts_engine:_kyutai_generate:220 - TTS: Kyutai generated 476204 bytes (storyteller)
2026-04-21 17:07:33 | INFO     | tts_engine:_kyutai_generate:220 - TTS: Kyutai generated 480044 bytes (storyteller)
2026-04-21 17:07:40 | INFO     | tts_engine:_kyutai_generate:220 - TTS: Kyutai generated 614444 bytes (storyteller)
2026-04-21 17:07:49 | INFO     | tts_engine:_kyutai_generate:220 - TTS: Kyutai generated 541484 bytes (storyteller)
2026-04-21 17:07:52 | INFO     | tts_engine:_kyutai_generate:220 - TTS: Kyutai generated 245804 bytes (storyteller)
2026-04-21 17:07:56 | INFO     | tts_engine:_kyutai_generate:220 - TTS: Kyutai generated 549164 bytes (storyteller)
2026-04-21 17:08:09 | INFO     | tts_engine:_kyutai_generate:220 - TTS: Kyutai generated 387884 bytes (storyteller)
2026-04-21 17:08:20 | INFO     | tts_engine:_kyutai_generate:220 - TTS: Kyutai generated 476204 bytes (storyteller)
2026-04-21 17:08:27 | INFO     | tts_engine:_kyutai_generate:220 - TTS: Kyutai generated 414764 bytes (storyteller)
2026-04-21 17:08:28 | INFO     | tts_engine:_kyutai_generate:220 - TTS: Kyutai generated 476204 bytes (storyteller)
2026-04-21 17:08:44 | INFO     | __main__:ask_question:215 - Question: immunology role in self organ attacks | Hybrid: False | Book: None
2026-04-21 17:08:44 | INFO     | model_manager:generate:690 - ModelManager: Auto-classified as 'speed'
2026-04-21 17:08:44 | INFO     | model_manager:generate:714 - ModelManager: Trying Groq (Tier 1) [key …l8NUH9]
2026-04-21 17:08:46 | INFO     | model_manager:generate:741 - ModelManager: ✅ Groq succeeded (2111 chars)
2026-04-21 17:08:46 | INFO     | llm_engine:generate_llm_only:75 - LLM: Pure generation via Groq
2026-04-21 17:08:46 | INFO     | tts_engine:_kyutai_generate:220 - TTS: Kyutai generated 265004 bytes (storyteller)
2026-04-21 17:08:48 | INFO     | tts_engine:_kyutai_generate:220 - TTS: Kyutai generated 506924 bytes (storyteller)
2026-04-21 17:08:53 | INFO     | tts_engine:_kyutai_generate:220 - TTS: Kyutai generated 568364 bytes (storyteller)
2026-04-21 17:09:02 | INFO     | __main__:ask_question:215 - Question: immunology role in self organ attacks | Hybrid: False | Book: None
2026-04-21 17:09:06 | INFO     | tts_engine:_kyutai_generate:220 - TTS: Kyutai generated 529964 bytes (storyteller)
2026-04-21 17:09:15 | INFO     | tts_engine:_kyutai_generate:220 - TTS: Kyutai generated 391724 bytes (storyteller)
2026-04-21 17:09:25 | INFO     | tts_engine:_kyutai_generate:220 - TTS: Kyutai generated 556844 bytes (storyteller)
2026-04-21 17:09:32 | INFO     | tts_engine:_kyutai_generate:220 - TTS: Kyutai generated 595244 bytes (storyteller)
2026-04-21 17:09:34 | INFO     | tts_engine:_kyutai_generate:220 - TTS: Kyutai generated 414764 bytes (storyteller)
2026-04-21 17:09:40 | INFO     | tts_engine:_kyutai_generate:220 - TTS: Kyutai generated 599084 bytes (storyteller)
2026-04-21 17:10:39 | INFO     | model_manager:generate:714 - ModelManager: Trying Groq (Tier 1) [key …1ls9p2]
2026-04-21 17:10:40 | INFO     | model_manager:generate:741 - ModelManager: ✅ Groq succeeded (142 chars)
2026-04-21 17:10:40 | INFO     | controller_prompt:classify:153 - Controller: Routing via Groq
2026-04-21 17:10:41 | INFO     | __main__:ask_question:215 - Question: cell cycle  | Hybrid: True | Book: None
2026-04-21 17:10:41 | ERROR    | __main__:validation_exception_handler:87 - 422 Validation Error at /api/v1/route: [{'type': 'string_too_short', 'loc': ('body', 'query'), 'msg': 'String should have at least 1 character', 'input': '', 'ctx': {'min_length': 1}}]
2026-04-21 17:10:41 | ERROR    | __main__:validation_exception_handler:88 - Body: b'{"query":""}'
2026-04-21 17:10:41 | INFO     | faiss_store:search:199 - FAISS Search: query='cell cycle ...', search_k=25, ntotal=1461
2026-04-21 17:10:41 | INFO     | faiss_store:search:227 - FAISS Search: Matches for book_id=None: 0
2026-04-21 17:10:41 | INFO     | live_articles:search_articles:244 - Article Search: 'cell cycle ' | Page: 1
2026-04-21 17:10:41 | INFO     | live_articles:search_articles:253 - Adding PubMed task for 'cell cycle '
2026-04-21 17:10:41 | INFO     | live_articles:search_articles:256 - Adding arXiv task for 'cell cycle '
2026-04-21 17:10:41 | INFO     | live_articles:search_articles:263 - Adding Wikipedia task for 'cell cycle '
2026-04-21 17:10:41 | INFO     | live_articles:fetch_pubmed:106 - PubMed: Searching for 'cell cycle ' (retmax=10)
2026-04-21 17:10:42 | INFO     | live_articles:fetch_pubmed:124 - PubMed search returned 10 IDs (Total: 601994)
2026-04-21 17:10:43 | INFO     | __main__:ask_question:215 - Question: cell cycle  | Hybrid: False | Book: None
2026-04-21 17:10:43 | INFO     | model_manager:generate:690 - ModelManager: Auto-classified as 'speed'
2026-04-21 17:10:43 | INFO     | model_manager:generate:714 - ModelManager: Trying Groq (Tier 1) [key …9pzhKT]
2026-04-21 17:10:44 | INFO     | model_manager:generate:741 - ModelManager: ✅ Groq succeeded (1294 chars)
2026-04-21 17:10:44 | INFO     | llm_engine:generate_llm_only:75 - LLM: Pure generation via Groq
2026-04-21 17:10:44 | INFO     | live_articles:fetch_pubmed:180 - PubMed: Successfully parsed 10 articles.
2026-04-21 17:10:44 | INFO     | live_articles:search_articles:289 - Source 0 returned 10 articles (Total in source: 601994)
2026-04-21 17:10:44 | INFO     | live_articles:search_articles:289 - Source 1 returned 10 articles (Total in source: 95996)
2026-04-21 17:10:44 | INFO     | live_articles:search_articles:293 - Wikipedia returned 0 articles
2026-04-21 17:10:44 | INFO     | model_manager:generate:714 - ModelManager: Trying Gemini Flash (Tier 2) [key …VRY0zw]
2026-04-21 17:10:49 | INFO     | __main__:text_to_speech:486 - TTS: Processing 1294 chars, style=storyteller, mode=Exam
2026-04-21 17:10:49 | INFO     | model_manager:generate:714 - ModelManager: Trying Groq (Tier 1) [key …Q27Y0X]
2026-04-21 17:10:50 | INFO     | model_manager:generate:741 - ModelManager: ✅ Groq succeeded (1636 chars)
2026-04-21 17:10:50 | INFO     | tts_text_processor:optimize_for_speech:270 - TTS: Text optimized via Groq (1294 → 1636 chars)
2026-04-21 17:10:50 | INFO     | tts_engine:generate_stream:445 - TTS: Streaming 9 chunks...
2026-04-21 17:10:56 | INFO     | model_manager:generate:741 - ModelManager: ✅ Gemini Flash succeeded (3632 chars)
2026-04-21 17:10:56 | INFO     | llm_engine:generate_hybrid_answer:145 - LLM: Hybrid generation via Gemini Flash
2026-04-21 17:11:15 | INFO     | tts_engine:_kyutai_generate:220 - TTS: Kyutai generated 357164 bytes (storyteller)
2026-04-21 17:11:30 | INFO     | tts_engine:_kyutai_generate:220 - TTS: Kyutai generated 610604 bytes (storyteller)
2026-04-21 17:11:32 | INFO     | tts_engine:_kyutai_generate:220 - TTS: Kyutai generated 579884 bytes (storyteller)
2026-04-21 17:11:37 | INFO     | tts_engine:_kyutai_generate:220 - TTS: Kyutai generated 637484 bytes (storyteller)
2026-04-21 17:11:51 | INFO     | tts_engine:_kyutai_generate:220 - TTS: Kyutai generated 556844 bytes (storyteller)
2026-04-21 17:11:54 | INFO     | __main__:ask_question:215 - Question: cell cycle  | Hybrid: False | Book: None
2026-04-21 17:11:59 | INFO     | __main__:text_to_speech:486 - TTS: Processing 1294 chars, style=storyteller, mode=Exam
2026-04-21 17:11:59 | INFO     | model_manager:generate:714 - ModelManager: Trying Groq (Tier 1) [key …DURcU2]
2026-04-21 17:11:59 | INFO     | model_manager:generate:741 - ModelManager: ✅ Groq succeeded (1802 chars)
2026-04-21 17:11:59 | INFO     | tts_text_processor:optimize_for_speech:270 - TTS: Text optimized via Groq (1294 → 1802 chars)
2026-04-21 17:11:59 | INFO     | tts_engine:generate_stream:445 - TTS: Streaming 11 chunks...
2026-04-21 17:12:05 | INFO     | tts_engine:_kyutai_generate:220 - TTS: Kyutai generated 418604 bytes (storyteller)
2026-04-21 17:12:13 | INFO     | tts_engine:_kyutai_generate:220 - TTS: Kyutai generated 522284 bytes (storyteller)
2026-04-21 17:12:26 | INFO     | tts_engine:_kyutai_generate:220 - TTS: Kyutai generated 664364 bytes (storyteller)
2026-04-21 17:12:35 | INFO     | tts_engine:_kyutai_generate:220 - TTS: Kyutai generated 503084 bytes (storyteller)
2026-04-21 17:12:48 | INFO     | tts_engine:_kyutai_generate:220 - TTS: Kyutai generated 426284 bytes (storyteller)
2026-04-21 17:12:59 | INFO     | tts_engine:_kyutai_generate:220 - TTS: Kyutai generated 591404 bytes (storyteller)
2026-04-21 17:13:10 | INFO     | tts_engine:_kyutai_generate:220 - TTS: Kyutai generated 537644 bytes (storyteller)
2026-04-21 17:13:19 | INFO     | tts_engine:_kyutai_generate:220 - TTS: Kyutai generated 529964 bytes (storyteller)
2026-04-21 17:13:29 | INFO     | tts_engine:_kyutai_generate:220 - TTS: Kyutai generated 480044 bytes (storyteller)
2026-04-21 17:13:35 | INFO     | tts_engine:_kyutai_generate:220 - TTS: Kyutai generated 526124 bytes (storyteller)
2026-04-21 17:13:37 | INFO     | tts_engine:_kyutai_generate:220 - TTS: Kyutai generated 215084 bytes (storyteller)
2026-04-21 17:13:48 | INFO     | tts_engine:_kyutai_generate:220 - TTS: Kyutai generated 495404 bytes (storyteller)
2026-04-21 17:14:03 | INFO     | tts_engine:_kyutai_generate:220 - TTS: Kyutai generated 495404 bytes (storyteller)
2026-04-21 17:14:09 | INFO     | tts_engine:_kyutai_generate:220 - TTS: Kyutai generated 721964 bytes (storyteller)
2026-04-21 17:16:28 | INFO     | __main__:ask_question:215 - Question: summary | Hybrid: True | Book: a7e81afc-7b96-4645-97c1-065cb84c3583
2026-04-21 17:16:28 | INFO     | faiss_store:search:199 - FAISS Search: query='summary...', search_k=1461, ntotal=1461
2026-04-21 17:16:28 | INFO     | faiss_store:search:227 - FAISS Search: Matches for book_id=a7e81afc-7b96-4645-97c1-065cb84c3583: 528
2026-04-21 17:16:28 | INFO     | model_manager:generate:714 - ModelManager: Trying Qwen (OpenRouter) (Tier 3) [key …8fb9ad]
2026-04-21 17:16:47 | INFO     | model_manager:generate:741 - ModelManager: ✅ Qwen (OpenRouter) succeeded (3941 chars)
2026-04-21 17:16:47 | INFO     | llm_engine:generate_book_answer:170 - LLM: Book generation via Qwen (OpenRouter)
2026-04-21 17:16:59 | INFO     | __main__:text_to_speech:486 - TTS: Processing 3901 chars, style=professor, mode=Library
2026-04-21 17:16:59 | INFO     | model_manager:generate:714 - ModelManager: Trying Groq (Tier 1) [key …l8NUH9]
2026-04-21 17:16:59 | INFO     | model_manager:generate:741 - ModelManager: ✅ Groq succeeded (2295 chars)
2026-04-21 17:16:59 | INFO     | tts_text_processor:optimize_for_speech:270 - TTS: Text optimized via Groq (3863 → 2295 chars)
2026-04-21 17:16:59 | INFO     | tts_engine:generate_stream:445 - TTS: Streaming 15 chunks...
2026-04-21 17:17:18 | INFO     | tts_engine:_kyutai_generate:220 - TTS: Kyutai generated 241964 bytes (professor)
2026-04-21 17:17:25 | INFO     | tts_engine:_kyutai_generate:220 - TTS: Kyutai generated 403244 bytes (professor)
2026-04-21 17:17:25 | INFO     | tts_engine:_kyutai_generate:220 - TTS: Kyutai generated 334124 bytes (professor)
2026-04-21 17:17:33 | INFO     | tts_engine:_kyutai_generate:220 - TTS: Kyutai generated 522284 bytes (professor)
2026-04-21 17:17:48 | INFO     | tts_engine:_kyutai_generate:220 - TTS: Kyutai generated 299564 bytes (professor)
2026-04-21 17:17:49 | INFO     | tts_engine:_kyutai_generate:220 - TTS: Kyutai generated 476204 bytes (professor)
2026-04-21 17:17:54 | INFO     | tts_engine:_kyutai_generate:220 - TTS: Kyutai generated 380204 bytes (professor)
2026-04-21 17:18:08 | INFO     | tts_engine:_kyutai_generate:220 - TTS: Kyutai generated 457004 bytes (professor)
2026-04-21 17:18:10 | INFO     | tts_engine:_kyutai_generate:220 - TTS: Kyutai generated 322604 bytes (professor)
2026-04-21 17:18:12 | INFO     | tts_engine:_kyutai_generate:220 - TTS: Kyutai generated 361004 bytes (professor)
2026-04-21 17:18:27 | INFO     | tts_engine:_kyutai_generate:220 - TTS: Kyutai generated 541484 bytes (professor)
2026-04-21 17:18:32 | INFO     | tts_engine:_kyutai_generate:220 - TTS: Kyutai generated 291884 bytes (professor)
2026-04-21 17:18:47 | INFO     | tts_engine:_kyutai_generate:220 - TTS: Kyutai generated 602924 bytes (professor)
2026-04-21 17:18:49 | INFO     | tts_engine:_kyutai_generate:220 - TTS: Kyutai generated 422444 bytes (professor)
2026-04-21 17:18:57 | INFO     | tts_engine:_kyutai_generate:220 - TTS: Kyutai generated 821804 bytes (professor)
2026-04-21 17:46:11 | INFO     | model_manager:_setup_providers:435 - ModelManager: Configured providers: Groq (5 keys), Gemini Flash (5 keys), Gemini Pro (5 keys), Qwen (OpenRouter) (10 keys), OpenRouter Hub (10 keys), Mistral (1 keys), Together AI (1 keys), NVIDIA NIM (1 keys), Cohere (1 keys), Cerebras (1 keys), Hugging Face (1 keys)
2026-04-21 17:46:12 | INFO     | __main__:startup_event:104 - SciAI PRODUCTION ENGINE STARTING...
2026-04-21 17:46:12 | INFO     | cache_service:connect:26 - Redis cache connected successfully
2026-04-21 17:46:12 | INFO     | __main__:startup_event:107 - ModelManager: 11 providers configured
2026-04-21 17:46:12 | INFO     | tts_engine:initialize:333 - TTS Engine: Initializing...
2026-04-21 17:46:13 | INFO     | tts_engine:_init_kyutai:176 - TTS: Loading Kyutai Pocket-TTS model...
2026-04-21 17:46:17 | INFO     | tts_engine:_init_kyutai:178 - TTS: Kyutai model loaded (sample_rate=24000)
2026-04-21 17:46:17 | INFO     | tts_engine:_init_kyutai:185 - TTS: Loaded Kyutai catalog voice 'professor' (alba)
2026-04-21 17:46:17 | INFO     | tts_engine:_init_kyutai:185 - TTS: Loaded Kyutai catalog voice 'energetic' (cosette)
2026-04-21 17:46:17 | INFO     | tts_engine:_init_kyutai:185 - TTS: Loaded Kyutai catalog voice 'storyteller' (fantine)
2026-04-21 17:46:17 | INFO     | tts_engine:_init_kyutai:185 - TTS: Loaded Kyutai catalog voice 'formal_male' (marius)
2026-04-21 17:46:17 | INFO     | tts_engine:_init_kyutai:185 - TTS: Loaded Kyutai catalog voice 'casual_female' (eponine)
2026-04-21 17:46:17 | INFO     | tts_engine:_init_kyutai:185 - TTS: Loaded Kyutai catalog voice 'deep_male' (javert)
2026-04-21 17:46:17 | INFO     | tts_engine:_init_kyutai:185 - TTS: Loaded Kyutai catalog voice 'warm_female' (azelma)
2026-04-21 17:46:17 | INFO     | tts_engine:initialize:337 - TTS Engine: Kyutai Pocket-TTS ready (Tier 1)
2026-04-21 17:46:17 | INFO     | __main__:startup_event:111 - TTS Engine: Initialized
2026-04-21 18:03:38 | INFO     | model_manager:generate:714 - ModelManager: Trying Groq (Tier 1) [key …DURcU2]
2026-04-21 18:03:41 | INFO     | model_manager:generate:741 - ModelManager: ✅ Groq succeeded (140 chars)
2026-04-21 18:03:41 | INFO     | controller_prompt:classify:153 - Controller: Routing via Groq
2026-04-21 18:03:51 | INFO     | __main__:ask_question:215 - Question: cell cycle | Hybrid: False | Book: None
2026-04-21 18:03:51 | INFO     | model_manager:generate:690 - ModelManager: Auto-classified as 'speed'
2026-04-21 18:03:51 | INFO     | model_manager:generate:714 - ModelManager: Trying Groq (Tier 1) [key …l8NUH9]
2026-04-21 18:03:54 | INFO     | model_manager:generate:741 - ModelManager: ✅ Groq succeeded (4887 chars)
2026-04-21 18:03:54 | INFO     | llm_engine:generate_llm_only:156 - LLM: Pure generation via Groq
2026-04-21 18:04:09 | INFO     | __main__:text_to_speech:486 - TTS: Processing 4887 chars, style=professor, mode=Expert
2026-04-21 18:04:09 | INFO     | model_manager:generate:714 - ModelManager: Trying Groq (Tier 1) [key …1ls9p2]
2026-04-21 18:04:11 | INFO     | model_manager:generate:741 - ModelManager: ✅ Groq succeeded (3291 chars)
2026-04-21 18:04:11 | INFO     | tts_text_processor:optimize_for_speech:270 - TTS: Text optimized via Groq (4887 → 3291 chars)
2026-04-21 18:04:11 | INFO     | tts_engine:generate_stream:445 - TTS: Streaming 22 chunks...
2026-04-21 18:04:35 | INFO     | tts_engine:_kyutai_generate:220 - TTS: Kyutai generated 380204 bytes (professor)
2026-04-21 18:04:44 | INFO     | tts_engine:_kyutai_generate:220 - TTS: Kyutai generated 541484 bytes (professor)
2026-04-21 18:04:53 | INFO     | tts_engine:_kyutai_generate:220 - TTS: Kyutai generated 245804 bytes (professor)
2026-04-21 18:04:53 | INFO     | tts_engine:_kyutai_generate:220 - TTS: Kyutai generated 614444 bytes (professor)
2026-04-21 18:05:05 | INFO     | tts_engine:_kyutai_generate:220 - TTS: Kyutai generated 199724 bytes (professor)
2026-04-21 18:05:06 | INFO     | tts_engine:_kyutai_generate:220 - TTS: Kyutai generated 756524 bytes (professor)
2026-04-21 18:05:12 | INFO     | tts_engine:_kyutai_generate:220 - TTS: Kyutai generated 410924 bytes (professor)
2026-04-21 18:05:28 | INFO     | tts_engine:_kyutai_generate:220 - TTS: Kyutai generated 430124 bytes (professor)
2026-04-21 18:05:30 | INFO     | tts_engine:_kyutai_generate:220 - TTS: Kyutai generated 330284 bytes (professor)
2026-04-21 18:05:36 | INFO     | tts_engine:_kyutai_generate:220 - TTS: Kyutai generated 606764 bytes (professor)
2026-04-21 18:05:52 | INFO     | tts_engine:_kyutai_generate:220 - TTS: Kyutai generated 587564 bytes (professor)
2026-04-21 18:05:54 | INFO     | tts_engine:_kyutai_generate:220 - TTS: Kyutai generated 238124 bytes (professor)
2026-04-21 18:05:59 | INFO     | tts_engine:_kyutai_generate:220 - TTS: Kyutai generated 495404 bytes (professor)
2026-04-21 18:06:12 | INFO     | tts_engine:_kyutai_generate:220 - TTS: Kyutai generated 587564 bytes (professor)
2026-04-21 18:06:16 | INFO     | tts_engine:_kyutai_generate:220 - TTS: Kyutai generated 303404 bytes (professor)
2026-04-21 18:06:19 | INFO     | tts_engine:_kyutai_generate:220 - TTS: Kyutai generated 341804 bytes (professor)
2026-04-21 18:06:22 | INFO     | tts_engine:_kyutai_generate:220 - TTS: Kyutai generated 422444 bytes (professor)
2026-04-21 18:06:38 | INFO     | tts_engine:_kyutai_generate:220 - TTS: Kyutai generated 464684 bytes (professor)
2026-04-21 18:06:45 | INFO     | tts_engine:_kyutai_generate:220 - TTS: Kyutai generated 414764 bytes (professor)
2026-04-21 18:06:47 | INFO     | tts_engine:_kyutai_generate:220 - TTS: Kyutai generated 414764 bytes (professor)
2026-04-21 18:07:00 | INFO     | tts_engine:_kyutai_generate:220 - TTS: Kyutai generated 656684 bytes (professor)
2026-04-21 18:07:00 | INFO     | tts_engine:_kyutai_generate:220 - TTS: Kyutai generated 430124 bytes (professor)
2026-04-21 18:09:09 | INFO     | __main__:ask_question:215 - Question: cell cycle | Hybrid: False | Book: None
2026-04-21 18:09:09 | INFO     | model_manager:generate:690 - ModelManager: Auto-classified as 'speed'
2026-04-21 18:09:09 | INFO     | model_manager:generate:714 - ModelManager: Trying Groq (Tier 1) [key …9pzhKT]
2026-04-21 18:09:12 | INFO     | model_manager:generate:741 - ModelManager: ✅ Groq succeeded (4128 chars)
2026-04-21 18:09:12 | INFO     | llm_engine:generate_llm_only:156 - LLM: Pure generation via Groq
2026-04-21 18:11:06 | INFO     | model_manager:generate:714 - ModelManager: Trying Groq (Tier 1) [key …Q27Y0X]
2026-04-21 18:11:06 | INFO     | model_manager:generate:741 - ModelManager: ✅ Groq succeeded (148 chars)
2026-04-21 18:11:06 | INFO     | controller_prompt:classify:153 - Controller: Routing via Groq
2026-04-21 18:11:11 | INFO     | __main__:ask_question:215 - Question: cell metabolism | Hybrid: True | Book: None
2026-04-21 18:11:11 | INFO     | faiss_store:ensure_loaded:52 - FAISS: Loading index from disk (mtime changed)...
2026-04-21 18:11:11 | INFO     | faiss_store:load:87 - FAISS: Loaded 1461 vectors of type IndexIDMap2.
2026-04-21 18:11:11 | INFO     | faiss_store:get_model:15 - Loading embedding model...
2026-04-21 18:11:18 | INFO     | faiss_store:search:199 - FAISS Search: query='cell metabolism...', search_k=25, ntotal=1461
2026-04-21 18:11:18 | INFO     | faiss_store:search:227 - FAISS Search: Matches for book_id=None: 4
2026-04-21 18:11:18 | INFO     | live_articles:search_articles:244 - Article Search: 'cell metabolism' | Page: 1
2026-04-21 18:11:19 | INFO     | live_articles:search_articles:253 - Adding PubMed task for 'cell metabolism'
2026-04-21 18:11:19 | INFO     | live_articles:search_articles:256 - Adding arXiv task for 'cell metabolism'
2026-04-21 18:11:19 | INFO     | live_articles:search_articles:263 - Adding Wikipedia task for 'cell metabolism'
2026-04-21 18:11:19 | INFO     | live_articles:fetch_pubmed:106 - PubMed: Searching for 'cell metabolism' (retmax=10)
2026-04-21 18:11:20 | INFO     | live_articles:fetch_pubmed:124 - PubMed search returned 10 IDs (Total: 2932161)
2026-04-21 18:11:22 | INFO     | live_articles:fetch_pubmed:180 - PubMed: Successfully parsed 10 articles.
2026-04-21 18:11:22 | INFO     | live_articles:search_articles:289 - Source 0 returned 10 articles (Total in source: 2932161)
2026-04-21 18:11:22 | INFO     | live_articles:search_articles:289 - Source 1 returned 10 articles (Total in source: 54214)
2026-04-21 18:11:22 | INFO     | live_articles:search_articles:293 - Wikipedia returned 0 articles
2026-04-21 18:11:22 | INFO     | model_manager:generate:714 - ModelManager: Trying Gemini Flash (Tier 2) [key …rBrkTk]
2026-04-21 18:11:47 | INFO     | model_manager:generate:741 - ModelManager: ✅ Gemini Flash succeeded (4617 chars)
2026-04-21 18:11:47 | INFO     | llm_engine:generate_hybrid_answer:227 - LLM: Hybrid generation via Gemini Flash
2026-04-21 18:12:01 | INFO     | __main__:text_to_speech:486 - TTS: Processing 4529 chars, style=professor, mode=Expert
2026-04-21 18:12:01 | INFO     | model_manager:generate:714 - ModelManager: Trying Groq (Tier 1) [key …DURcU2]
2026-04-21 18:12:02 | INFO     | model_manager:generate:741 - ModelManager: ✅ Groq succeeded (3089 chars)
2026-04-21 18:12:02 | INFO     | tts_text_processor:optimize_for_speech:270 - TTS: Text optimized via Groq (4473 → 3089 chars)
2026-04-21 18:12:02 | INFO     | tts_engine:generate_stream:445 - TTS: Streaming 21 chunks...
2026-04-21 18:12:18 | INFO     | tts_engine:_kyutai_generate:220 - TTS: Kyutai generated 265004 bytes (professor)
2026-04-21 18:12:25 | INFO     | tts_engine:_kyutai_generate:220 - TTS: Kyutai generated 387884 bytes (professor)
2026-04-21 18:12:28 | INFO     | tts_engine:_kyutai_generate:220 - TTS: Kyutai generated 361004 bytes (professor)
2026-04-21 18:12:34 | INFO     | tts_engine:_kyutai_generate:220 - TTS: Kyutai generated 222764 bytes (professor)
2026-04-21 18:12:39 | INFO     | tts_engine:_kyutai_generate:220 - TTS: Kyutai generated 514604 bytes (professor)
2026-04-21 18:13:02 | INFO     | tts_engine:_kyutai_generate:220 - TTS: Kyutai generated 472364 bytes (professor)
2026-04-21 18:13:05 | INFO     | tts_engine:_kyutai_generate:220 - TTS: Kyutai generated 564524 bytes (professor)
2026-04-21 18:13:08 | INFO     | tts_engine:_kyutai_generate:220 - TTS: Kyutai generated 526124 bytes (professor)
2026-04-21 18:13:10 | INFO     | tts_engine:_kyutai_generate:220 - TTS: Kyutai generated 549164 bytes (professor)
2026-04-21 18:13:34 | INFO     | tts_engine:_kyutai_generate:220 - TTS: Kyutai generated 345644 bytes (professor)
2026-04-21 18:13:38 | INFO     | tts_engine:_kyutai_generate:220 - TTS: Kyutai generated 480044 bytes (professor)
2026-04-21 18:13:39 | INFO     | tts_engine:_kyutai_generate:220 - TTS: Kyutai generated 556844 bytes (professor)
2026-04-21 18:13:40 | INFO     | tts_engine:_kyutai_generate:220 - TTS: Kyutai generated 491564 bytes (professor)
2026-04-21 18:14:10 | INFO     | tts_engine:_kyutai_generate:220 - TTS: Kyutai generated 399404 bytes (professor)
2026-04-21 18:14:11 | INFO     | tts_engine:_kyutai_generate:220 - TTS: Kyutai generated 491564 bytes (professor)
2026-04-21 18:14:15 | INFO     | tts_engine:_kyutai_generate:220 - TTS: Kyutai generated 522284 bytes (professor)
2026-04-21 18:14:15 | INFO     | tts_engine:_kyutai_generate:220 - TTS: Kyutai generated 499244 bytes (professor)
2026-04-21 18:14:26 | INFO     | tts_engine:_kyutai_generate:220 - TTS: Kyutai generated 299564 bytes (professor)
2026-04-21 18:14:30 | INFO     | tts_engine:_kyutai_generate:220 - TTS: Kyutai generated 337964 bytes (professor)
2026-04-21 18:14:30 | INFO     | tts_engine:_kyutai_generate:220 - TTS: Kyutai generated 349484 bytes (professor)
2026-04-21 18:14:31 | INFO     | tts_engine:_kyutai_generate:220 - TTS: Kyutai generated 503084 bytes (professor)
2026-04-21 18:15:53 | INFO     | faiss_store:save:74 - FAISS: Saved 933 vectors.
2026-04-21 18:15:53 | INFO     | faiss_store:remove_document:174 - FAISS: Removed 528 chunks for book_id=52bbd332-4fd1-4e19-aa16-da5b197cf893 (Fast Rebuild)
2026-04-21 18:18:22 | INFO     | __main__:ask_question:215 - Question: what is the stratergy | Hybrid: True | Book: 890155e0-8823-4ff4-8833-5551f38c900c
2026-04-21 18:18:22 | INFO     | faiss_store:ensure_loaded:52 - FAISS: Reloading index from disk (mtime changed)...
2026-04-21 18:18:22 | INFO     | faiss_store:load:87 - FAISS: Loaded 945 vectors of type IndexIDMap2.
2026-04-21 18:18:22 | INFO     | faiss_store:search:199 - FAISS Search: query='what is the stratergy...', search_k=945, ntotal=945
2026-04-21 18:18:22 | INFO     | faiss_store:search:227 - FAISS Search: Matches for book_id=890155e0-8823-4ff4-8833-5551f38c900c: 12
2026-04-21 18:18:22 | INFO     | model_manager:generate:714 - ModelManager: Trying Qwen (OpenRouter) (Tier 3) [key …8fb9ad]
2026-04-21 18:18:43 | INFO     | model_manager:generate:741 - ModelManager: ✅ Qwen (OpenRouter) succeeded (3454 chars)
2026-04-21 18:18:43 | INFO     | llm_engine:generate_book_answer:253 - LLM: Book generation via Qwen (OpenRouter)
2026-04-21 18:18:53 | INFO     | __main__:text_to_speech:486 - TTS: Processing 3318 chars, style=professor, mode=Library
2026-04-21 18:18:53 | INFO     | model_manager:generate:714 - ModelManager: Trying Groq (Tier 1) [key …l8NUH9]
2026-04-21 18:18:54 | INFO     | model_manager:generate:741 - ModelManager: ✅ Groq succeeded (2342 chars)
2026-04-21 18:18:54 | INFO     | tts_text_processor:optimize_for_speech:270 - TTS: Text optimized via Groq (3275 → 2342 chars)
2026-04-21 18:18:54 | INFO     | tts_engine:generate_stream:445 - TTS: Streaming 16 chunks...
2026-04-21 18:19:16 | INFO     | tts_engine:_kyutai_generate:220 - TTS: Kyutai generated 311084 bytes (professor)
2026-04-21 18:19:21 | INFO     | tts_engine:_kyutai_generate:220 - TTS: Kyutai generated 387884 bytes (professor)
2026-04-21 18:19:22 | INFO     | tts_engine:_kyutai_generate:220 - TTS: Kyutai generated 395564 bytes (professor)
2026-04-21 18:19:36 | INFO     | tts_engine:_kyutai_generate:220 - TTS: Kyutai generated 357164 bytes (professor)
2026-04-21 18:19:36 | INFO     | tts_engine:_kyutai_generate:220 - TTS: Kyutai generated 203564 bytes (professor)
2026-04-21 18:19:37 | INFO     | tts_engine:_kyutai_generate:220 - TTS: Kyutai generated 618284 bytes (professor)
2026-04-21 18:19:53 | INFO     | tts_engine:_kyutai_generate:220 - TTS: Kyutai generated 460844 bytes (professor)
2026-04-21 18:20:05 | INFO     | tts_engine:_kyutai_generate:220 - TTS: Kyutai generated 422444 bytes (professor)
2026-04-21 18:20:06 | INFO     | tts_engine:_kyutai_generate:220 - TTS: Kyutai generated 568364 bytes (professor)
2026-04-21 18:20:11 | INFO     | tts_engine:_kyutai_generate:220 - TTS: Kyutai generated 526124 bytes (professor)
2026-04-21 18:20:29 | INFO     | tts_engine:_kyutai_generate:220 - TTS: Kyutai generated 526124 bytes (professor)
2026-04-21 18:20:31 | INFO     | tts_engine:_kyutai_generate:220 - TTS: Kyutai generated 368684 bytes (professor)
2026-04-21 18:20:33 | INFO     | tts_engine:_kyutai_generate:220 - TTS: Kyutai generated 387884 bytes (professor)
2026-04-21 18:20:40 | INFO     | tts_engine:_kyutai_generate:220 - TTS: Kyutai generated 541484 bytes (professor)
2026-04-21 18:20:40 | INFO     | tts_engine:_kyutai_generate:220 - TTS: Kyutai generated 265004 bytes (professor)
2026-04-21 18:20:46 | INFO     | tts_engine:_kyutai_generate:220 - TTS: Kyutai generated 430124 bytes (professor)
2026-04-21 18:28:05 | INFO     | model_manager:generate:714 - ModelManager: Trying Groq (Tier 1) [key …1ls9p2]
2026-04-21 18:28:06 | INFO     | model_manager:generate:741 - ModelManager: ✅ Groq succeeded (146 chars)
2026-04-21 18:28:06 | INFO     | controller_prompt:classify:153 - Controller: Routing via Groq
2026-04-21 18:28:09 | INFO     | model_manager:generate:714 - ModelManager: Trying Groq (Tier 1) [key …9pzhKT]
2026-04-21 18:28:09 | INFO     | model_manager:generate:741 - ModelManager: ✅ Groq succeeded (145 chars)
2026-04-21 18:28:09 | INFO     | controller_prompt:classify:153 - Controller: Routing via Groq
2026-04-21 18:28:13 | INFO     | model_manager:generate:714 - ModelManager: Trying Groq (Tier 1) [key …Q27Y0X]
2026-04-21 18:28:14 | INFO     | model_manager:generate:741 - ModelManager: ✅ Groq succeeded (156 chars)
2026-04-21 18:28:14 | INFO     | controller_prompt:classify:153 - Controller: Routing via Groq
2026-04-21 18:28:25 | INFO     | __main__:ask_question:215 - Question: invertebrates evolution | Hybrid: False | Book: None
2026-04-21 18:28:25 | INFO     | model_manager:generate:690 - ModelManager: Auto-classified as 'speed'
2026-04-21 18:28:25 | INFO     | model_manager:generate:714 - ModelManager: Trying Groq (Tier 1) [key …DURcU2]
2026-04-21 18:28:27 | INFO     | model_manager:generate:741 - ModelManager: ✅ Groq succeeded (4520 chars)
2026-04-21 18:28:27 | INFO     | llm_engine:generate_llm_only:156 - LLM: Pure generation via Groq
2026-04-21 18:28:40 | INFO     | __main__:text_to_speech:486 - TTS: Processing 4520 chars, style=professor, mode=Expert
2026-04-21 18:28:40 | INFO     | model_manager:generate:714 - ModelManager: Trying Groq (Tier 1) [key …l8NUH9]
2026-04-21 18:28:42 | INFO     | model_manager:generate:741 - ModelManager: ✅ Groq succeeded (3549 chars)
2026-04-21 18:28:42 | INFO     | tts_text_processor:optimize_for_speech:270 - TTS: Text optimized via Groq (4506 → 3549 chars)
2026-04-21 18:28:42 | INFO     | tts_engine:generate_stream:445 - TTS: Streaming 23 chunks...
2026-04-21 18:29:10 | INFO     | tts_engine:_kyutai_generate:220 - TTS: Kyutai generated 503084 bytes (professor)
2026-04-21 18:29:13 | INFO     | tts_engine:_kyutai_generate:220 - TTS: Kyutai generated 445484 bytes (professor)
2026-04-21 18:29:13 | INFO     | tts_engine:_kyutai_generate:220 - TTS: Kyutai generated 499244 bytes (professor)
2026-04-21 18:29:15 | INFO     | tts_engine:_kyutai_generate:220 - TTS: Kyutai generated 476204 bytes (professor)
2026-04-21 18:29:36 | INFO     | tts_engine:_kyutai_generate:220 - TTS: Kyutai generated 395564 bytes (professor)
2026-04-21 18:29:40 | INFO     | tts_engine:_kyutai_generate:220 - TTS: Kyutai generated 433964 bytes (professor)
2026-04-21 18:29:44 | INFO     | tts_engine:_kyutai_generate:220 - TTS: Kyutai generated 483884 bytes (professor)
2026-04-21 18:29:47 | INFO     | tts_engine:_kyutai_generate:220 - TTS: Kyutai generated 537644 bytes (professor)
2026-04-21 18:29:53 | INFO     | tts_engine:_kyutai_generate:220 - TTS: Kyutai generated 195884 bytes (professor)
2026-04-21 18:30:04 | INFO     | tts_engine:_kyutai_generate:220 - TTS: Kyutai generated 314924 bytes (professor)
2026-04-21 18:30:05 | INFO     | tts_engine:_kyutai_generate:220 - TTS: Kyutai generated 433964 bytes (professor)
2026-04-21 18:30:09 | INFO     | tts_engine:_kyutai_generate:220 - TTS: Kyutai generated 364844 bytes (professor)
2026-04-21 18:30:13 | INFO     | tts_engine:_kyutai_generate:220 - TTS: Kyutai generated 364844 bytes (professor)
2026-04-21 18:30:32 | INFO     | tts_engine:_kyutai_generate:220 - TTS: Kyutai generated 322604 bytes (professor)
2026-04-21 18:30:33 | INFO     | tts_engine:_kyutai_generate:220 - TTS: Kyutai generated 399404 bytes (professor)
2026-04-21 18:30:38 | INFO     | tts_engine:_kyutai_generate:220 - TTS: Kyutai generated 349484 bytes (professor)
2026-04-21 18:30:38 | INFO     | tts_engine:_kyutai_generate:220 - TTS: Kyutai generated 545324 bytes (professor)
2026-04-21 18:30:57 | INFO     | tts_engine:_kyutai_generate:220 - TTS: Kyutai generated 433964 bytes (professor)
2026-04-21 18:31:01 | INFO     | tts_engine:_kyutai_generate:220 - TTS: Kyutai generated 399404 bytes (professor)
2026-04-21 18:31:05 | INFO     | tts_engine:_kyutai_generate:220 - TTS: Kyutai generated 380204 bytes (professor)
2026-04-21 18:31:12 | INFO     | tts_engine:_kyutai_generate:220 - TTS: Kyutai generated 495404 bytes (professor)
2026-04-21 18:31:21 | INFO     | tts_engine:_kyutai_generate:220 - TTS: Kyutai generated 437804 bytes (professor)
2026-04-21 18:31:24 | INFO     | tts_engine:_kyutai_generate:220 - TTS: Kyutai generated 522284 bytes (professor)
2026-04-21 18:34:04 | INFO     | model_manager:generate:714 - ModelManager: Trying Groq (Tier 1) [key …1ls9p2]
2026-04-21 18:34:04 | INFO     | model_manager:generate:741 - ModelManager: ✅ Groq succeeded (153 chars)
2026-04-21 18:34:04 | INFO     | controller_prompt:classify:153 - Controller: Routing via Groq
2026-04-21 18:34:05 | INFO     | model_manager:generate:714 - ModelManager: Trying Groq (Tier 1) [key …9pzhKT]
2026-04-21 18:34:05 | INFO     | model_manager:generate:741 - ModelManager: ✅ Groq succeeded (142 chars)
2026-04-21 18:34:05 | INFO     | controller_prompt:classify:153 - Controller: Routing via Groq
2026-04-21 18:34:08 | INFO     | controller_prompt:classify:129 - Controller: Cache hit for 'cell cycle...'
2026-04-21 18:34:12 | ERROR    | __main__:validation_exception_handler:87 - 422 Validation Error at /api/v1/generate-questions: [{'type': 'less_than_equal', 'loc': ('body', 'level'), 'msg': 'Input should be less than or equal to 5', 'input': 50, 'ctx': {'le': 5}}]
2026-04-21 18:34:12 | ERROR    | __main__:validation_exception_handler:88 - Body: b'{"context_chunks":[],"count":4,"domain":"Biology","level":50,"mode":"Quiz","previous_questions":[],"topic":"cell cycle"}'
2026-04-21 18:34:47 | INFO     | controller_prompt:classify:129 - Controller: Cache hit for 'cell cycle...'
2026-04-21 18:34:51 | ERROR    | __main__:validation_exception_handler:87 - 422 Validation Error at /api/v1/generate-questions: [{'type': 'less_than_equal', 'loc': ('body', 'level'), 'msg': 'Input should be less than or equal to 5', 'input': 50, 'ctx': {'le': 5}}]
2026-04-21 18:34:51 | ERROR    | __main__:validation_exception_handler:88 - Body: b'{"context_chunks":[],"count":4,"domain":"Biology","level":50,"mode":"Quiz","previous_questions":[],"topic":"cell cycle"}'
2026-04-21 18:34:52 | ERROR    | __main__:validation_exception_handler:87 - 422 Validation Error at /api/v1/generate-questions: [{'type': 'less_than_equal', 'loc': ('body', 'level'), 'msg': 'Input should be less than or equal to 5', 'input': 50, 'ctx': {'le': 5}}]
2026-04-21 18:34:52 | ERROR    | __main__:validation_exception_handler:88 - Body: b'{"context_chunks":[],"count":4,"domain":"Biology","level":50,"mode":"Quiz","previous_questions":[],"topic":"cell cycle"}'
2026-04-21 18:34:53 | ERROR    | __main__:validation_exception_handler:87 - 422 Validation Error at /api/v1/generate-questions: [{'type': 'less_than_equal', 'loc': ('body', 'level'), 'msg': 'Input should be less than or equal to 5', 'input': 50, 'ctx': {'le': 5}}]
2026-04-21 18:34:53 | ERROR    | __main__:validation_exception_handler:88 - Body: b'{"context_chunks":[],"count":4,"domain":"Biology","level":50,"mode":"Quiz","previous_questions":[],"topic":"cell cycle"}'
2026-04-21 18:34:54 | ERROR    | __main__:validation_exception_handler:87 - 422 Validation Error at /api/v1/generate-questions: [{'type': 'less_than_equal', 'loc': ('body', 'level'), 'msg': 'Input should be less than or equal to 5', 'input': 50, 'ctx': {'le': 5}}]
2026-04-21 18:34:54 | ERROR    | __main__:validation_exception_handler:88 - Body: b'{"context_chunks":[],"count":4,"domain":"Biology","level":50,"mode":"Quiz","previous_questions":[],"topic":"cell cycle"}'
2026-04-21 18:35:04 | ERROR    | __main__:validation_exception_handler:87 - 422 Validation Error at /api/v1/generate-questions: [{'type': 'less_than_equal', 'loc': ('body', 'level'), 'msg': 'Input should be less than or equal to 5', 'input': 50, 'ctx': {'le': 5}}]
2026-04-21 18:35:04 | ERROR    | __main__:validation_exception_handler:88 - Body: b'{"context_chunks":[],"count":4,"domain":"Biology","level":50,"mode":"Quiz","previous_questions":[],"topic":"cell cycle"}'
2026-04-21 18:35:06 | ERROR    | __main__:validation_exception_handler:87 - 422 Validation Error at /api/v1/generate-questions: [{'type': 'less_than_equal', 'loc': ('body', 'level'), 'msg': 'Input should be less than or equal to 5', 'input': 55, 'ctx': {'le': 5}}]
2026-04-21 18:35:06 | ERROR    | __main__:validation_exception_handler:88 - Body: b'{"context_chunks":[],"count":4,"domain":"Biology","level":55,"mode":"Quiz","previous_questions":[],"topic":"cell cycle"}'
2026-04-21 18:35:36 | INFO     | model_manager:generate:714 - ModelManager: Trying Groq (Tier 1) [key …Q27Y0X]
2026-04-21 18:35:37 | INFO     | model_manager:generate:741 - ModelManager: ✅ Groq succeeded (143 chars)
2026-04-21 18:35:37 | INFO     | controller_prompt:classify:153 - Controller: Routing via Groq
2026-04-21 18:35:39 | ERROR    | __main__:validation_exception_handler:87 - 422 Validation Error at /api/v1/generate-questions: [{'type': 'string_pattern_mismatch', 'loc': ('body', 'mode'), 'msg': "String should match pattern '^(Concept|Exam|Expert|Quiz|Library)$'", 'input': 'Test', 'ctx': {'pattern': '^(Concept|Exam|Expert|Quiz|Library)$'}}, {'type': 'less_than_equal', 'loc': ('body', 'level'), 'msg': 'Input should be less than or equal to 5', 'input': 50, 'ctx': {'le': 5}}]
2026-04-21 18:35:39 | ERROR    | __main__:validation_exception_handler:88 - Body: b'{"context_chunks":[],"count":4,"domain":"Biology","level":50,"mode":"Test","previous_questions":[],"topic":"metabolism"}'
2026-04-21 18:35:41 | ERROR    | __main__:validation_exception_handler:87 - 422 Validation Error at /api/v1/generate-questions: [{'type': 'string_pattern_mismatch', 'loc': ('body', 'mode'), 'msg': "String should match pattern '^(Concept|Exam|Expert|Quiz|Library)$'", 'input': 'Test', 'ctx': {'pattern': '^(Concept|Exam|Expert|Quiz|Library)$'}}, {'type': 'less_than_equal', 'loc': ('body', 'level'), 'msg': 'Input should be less than or equal to 5', 'input': 50, 'ctx': {'le': 5}}]
2026-04-21 18:35:41 | ERROR    | __main__:validation_exception_handler:88 - Body: b'{"context_chunks":[],"count":4,"domain":"Biology","level":50,"mode":"Test","previous_questions":[],"topic":"metabolism"}'
2026-04-21 18:35:42 | ERROR    | __main__:validation_exception_handler:87 - 422 Validation Error at /api/v1/generate-questions: [{'type': 'string_pattern_mismatch', 'loc': ('body', 'mode'), 'msg': "String should match pattern '^(Concept|Exam|Expert|Quiz|Library)$'", 'input': 'Test', 'ctx': {'pattern': '^(Concept|Exam|Expert|Quiz|Library)$'}}, {'type': 'less_than_equal', 'loc': ('body', 'level'), 'msg': 'Input should be less than or equal to 5', 'input': 50, 'ctx': {'le': 5}}]
2026-04-21 18:35:42 | ERROR    | __main__:validation_exception_handler:88 - Body: b'{"context_chunks":[],"count":4,"domain":"Biology","level":50,"mode":"Test","previous_questions":[],"topic":"metabolism"}'
2026-04-21 18:37:11 | ERROR    | __main__:validation_exception_handler:87 - 422 Validation Error at /api/v1/generate-questions: [{'type': 'less_than_equal', 'loc': ('body', 'level'), 'msg': 'Input should be less than or equal to 5', 'input': 50, 'ctx': {'le': 5}}]
2026-04-21 18:37:11 | ERROR    | __main__:validation_exception_handler:88 - Body: b'{"context_chunks":[],"count":4,"domain":"Biology","level":50,"mode":"Quiz","previous_questions":[],"topic":"cell"}'
2026-04-27 13:41:21 | INFO     | model_manager:_setup_providers:435 - ModelManager: Configured providers: Groq (5 keys), Gemini Flash (5 keys), Gemini Pro (5 keys), Qwen (OpenRouter) (10 keys), OpenRouter Hub (10 keys), Mistral (1 keys), Together AI (1 keys), NVIDIA NIM (1 keys), Cohere (1 keys), Cerebras (1 keys), Hugging Face (1 keys)
2026-04-27 13:42:26 | INFO     | model_manager:_setup_providers:435 - ModelManager: Configured providers: Groq (5 keys), Gemini Flash (5 keys), Gemini Pro (5 keys), Qwen (OpenRouter) (10 keys), OpenRouter Hub (10 keys), Mistral (1 keys), Together AI (1 keys), NVIDIA NIM (1 keys), Cohere (1 keys), Cerebras (1 keys), Hugging Face (1 keys)
2026-04-27 13:44:08 | INFO     | model_manager:_setup_providers:435 - ModelManager: Configured providers: Groq (5 keys), Gemini Flash (5 keys), Gemini Pro (5 keys), Qwen (OpenRouter) (10 keys), OpenRouter Hub (10 keys), Mistral (1 keys), Together AI (1 keys), NVIDIA NIM (1 keys), Cohere (1 keys), Cerebras (1 keys), Hugging Face (1 keys)
2026-04-27 13:44:09 | INFO     | __main__:startup_event:104 - SciAI PRODUCTION ENGINE STARTING...
2026-04-27 13:44:09 | INFO     | cache_service:connect:26 - Redis cache connected successfully
2026-04-27 13:44:09 | INFO     | __main__:startup_event:107 - ModelManager: 11 providers configured
2026-04-27 13:44:09 | INFO     | tts_engine:initialize:333 - TTS Engine: Initializing...
2026-04-27 13:44:09 | INFO     | tts_engine:_init_kyutai:176 - TTS: Loading Kyutai Pocket-TTS model...
2026-04-27 13:44:10 | INFO     | tts_engine:_init_kyutai:178 - TTS: Kyutai model loaded (sample_rate=24000)
2026-04-27 13:44:10 | INFO     | tts_engine:_init_kyutai:185 - TTS: Loaded Kyutai catalog voice 'professor' (alba)
2026-04-27 13:44:10 | INFO     | tts_engine:_init_kyutai:185 - TTS: Loaded Kyutai catalog voice 'energetic' (cosette)
2026-04-27 13:44:10 | INFO     | tts_engine:_init_kyutai:185 - TTS: Loaded Kyutai catalog voice 'storyteller' (fantine)
2026-04-27 13:44:10 | INFO     | tts_engine:_init_kyutai:185 - TTS: Loaded Kyutai catalog voice 'formal_male' (marius)
2026-04-27 13:44:10 | INFO     | tts_engine:_init_kyutai:185 - TTS: Loaded Kyutai catalog voice 'casual_female' (eponine)
2026-04-27 13:44:10 | INFO     | tts_engine:_init_kyutai:185 - TTS: Loaded Kyutai catalog voice 'deep_male' (javert)
2026-04-27 13:44:10 | INFO     | tts_engine:_init_kyutai:185 - TTS: Loaded Kyutai catalog voice 'warm_female' (azelma)
2026-04-27 13:44:10 | INFO     | tts_engine:initialize:337 - TTS Engine: Kyutai Pocket-TTS ready (Tier 1)
2026-04-27 13:44:10 | INFO     | __main__:startup_event:111 - TTS Engine: Initialized
2026-04-27 13:44:38 | INFO     | __main__:ask_question:215 - Question: cell | Hybrid: False | Book: None
2026-04-27 13:44:38 | INFO     | model_manager:generate:691 - ModelManager: Auto-classified as 'speed'
2026-04-27 13:44:38 | INFO     | model_manager:generate:715 - ModelManager: Trying Groq (Tier 1) [key …DURcU2]
2026-04-27 13:44:42 | INFO     | model_manager:generate:742 - ModelManager: ✅ Groq succeeded (4208 chars)
2026-04-27 13:44:42 | INFO     | llm_engine:generate_llm_only:156 - LLM: Pure generation via Groq
2026-04-27 13:46:04 | INFO     | model_manager:generate:715 - ModelManager: Trying Groq (Tier 1) [key …l8NUH9]
2026-04-27 13:46:04 | INFO     | model_manager:generate:742 - ModelManager: ✅ Groq succeeded (131 chars)
2026-04-27 13:46:04 | INFO     | controller_prompt:classify:153 - Controller: Routing via Groq
2026-04-27 13:46:08 | INFO     | __main__:ask_question:215 - Question: cell cycle | Hybrid: True | Book: None
2026-04-27 13:46:08 | INFO     | faiss_store:ensure_loaded:52 - FAISS: Loading index from disk (mtime changed)...
2026-04-27 13:46:08 | INFO     | faiss_store:load:87 - FAISS: Loaded 945 vectors of type IndexIDMap2.
2026-04-27 13:46:08 | INFO     | faiss_store:get_model:15 - Loading embedding model...
2026-04-27 13:46:14 | INFO     | faiss_store:search:199 - FAISS Search: query='cell cycle...', search_k=25, ntotal=945
2026-04-27 13:46:14 | INFO     | faiss_store:search:227 - FAISS Search: Matches for book_id=None: 3
2026-04-27 13:46:14 | INFO     | live_articles:search_articles:244 - Article Search: 'cell cycle' | Page: 1
2026-04-27 13:46:14 | INFO     | live_articles:search_articles:253 - Adding PubMed task for 'cell cycle'
2026-04-27 13:46:14 | INFO     | live_articles:search_articles:256 - Adding arXiv task for 'cell cycle'
2026-04-27 13:46:14 | INFO     | live_articles:search_articles:263 - Adding Wikipedia task for 'cell cycle'
2026-04-27 13:46:14 | INFO     | live_articles:fetch_pubmed:106 - PubMed: Searching for 'cell cycle' (retmax=10)
2026-04-27 13:46:16 | INFO     | live_articles:fetch_pubmed:124 - PubMed search returned 10 IDs (Total: 602266)
2026-04-27 13:46:19 | INFO     | live_articles:fetch_pubmed:180 - PubMed: Successfully parsed 10 articles.
2026-04-27 13:46:19 | INFO     | live_articles:search_articles:289 - Source 0 returned 10 articles (Total in source: 602266)
2026-04-27 13:46:19 | INFO     | live_articles:search_articles:289 - Source 1 returned 10 articles (Total in source: 96169)
2026-04-27 13:46:19 | INFO     | live_articles:search_articles:293 - Wikipedia returned 0 articles
2026-04-27 13:46:19 | INFO     | model_manager:generate:715 - ModelManager: Trying Groq (Tier 1) [key …1ls9p2]
2026-04-27 13:46:21 | INFO     | model_manager:generate:742 - ModelManager: ✅ Groq succeeded (5423 chars)
2026-04-27 13:46:21 | INFO     | llm_engine:generate_hybrid_answer:227 - LLM: Hybrid generation via Groq
2026-04-27 13:49:19 | INFO     | model_manager:generate:715 - ModelManager: Trying Groq (Tier 1) [key …9pzhKT]
2026-04-27 13:49:20 | INFO     | model_manager:generate:742 - ModelManager: ✅ Groq succeeded (148 chars)
2026-04-27 13:49:20 | INFO     | controller_prompt:classify:153 - Controller: Routing via Groq
2026-04-27 13:49:33 | INFO     | __main__:ask_question:215 - Question: cell metabolism  | Hybrid: True | Book: None
2026-04-27 13:49:33 | INFO     | faiss_store:search:199 - FAISS Search: query='cell metabolism ...', search_k=25, ntotal=945
2026-04-27 13:49:33 | INFO     | faiss_store:search:227 - FAISS Search: Matches for book_id=None: 0
2026-04-27 13:49:33 | INFO     | live_articles:search_articles:244 - Article Search: 'cell metabolism ' | Page: 1
2026-04-27 13:49:33 | INFO     | live_articles:search_articles:253 - Adding PubMed task for 'cell metabolism '
2026-04-27 13:49:33 | INFO     | live_articles:search_articles:256 - Adding arXiv task for 'cell metabolism '
2026-04-27 13:49:33 | INFO     | live_articles:search_articles:263 - Adding Wikipedia task for 'cell metabolism '
2026-04-27 13:49:33 | INFO     | live_articles:fetch_pubmed:106 - PubMed: Searching for 'cell metabolism ' (retmax=10)
2026-04-27 13:49:34 | INFO     | live_articles:fetch_pubmed:124 - PubMed search returned 10 IDs (Total: 2934183)
2026-04-27 13:49:36 | INFO     | live_articles:fetch_pubmed:180 - PubMed: Successfully parsed 10 articles.
2026-04-27 13:49:36 | INFO     | live_articles:search_articles:289 - Source 0 returned 10 articles (Total in source: 2934183)
2026-04-27 13:49:36 | INFO     | live_articles:search_articles:289 - Source 1 returned 10 articles (Total in source: 54288)
2026-04-27 13:49:36 | INFO     | live_articles:search_articles:293 - Wikipedia returned 0 articles
2026-04-27 13:49:36 | INFO     | model_manager:generate:715 - ModelManager: Trying Groq (Tier 1) [key …Q27Y0X]
2026-04-27 13:49:37 | INFO     | model_manager:generate:742 - ModelManager: ✅ Groq succeeded (3959 chars)
2026-04-27 13:49:37 | INFO     | llm_engine:generate_hybrid_answer:227 - LLM: Hybrid generation via Groq
2026-04-27 13:50:13 | INFO     | __main__:text_to_speech:486 - TTS: Processing 3827 chars, style=storyteller, mode=Expert
2026-04-27 13:50:13 | INFO     | model_manager:generate:715 - ModelManager: Trying Groq (Tier 1) [key …DURcU2]
2026-04-27 13:50:14 | INFO     | model_manager:generate:742 - ModelManager: ✅ Groq succeeded (2665 chars)
2026-04-27 13:50:14 | INFO     | tts_text_processor:optimize_for_speech:270 - TTS: Text optimized via Groq (3815 → 2665 chars)
2026-04-27 13:50:14 | INFO     | tts_engine:generate_stream:445 - TTS: Streaming 17 chunks...
2026-04-27 13:50:34 | INFO     | tts_engine:_kyutai_generate:220 - TTS: Kyutai generated 349484 bytes (storyteller)
2026-04-27 13:50:36 | INFO     | tts_engine:_kyutai_generate:220 - TTS: Kyutai generated 407084 bytes (storyteller)
2026-04-27 13:50:38 | INFO     | tts_engine:_kyutai_generate:220 - TTS: Kyutai generated 437804 bytes (storyteller)
2026-04-27 13:50:39 | INFO     | tts_engine:_kyutai_generate:220 - TTS: Kyutai generated 468524 bytes (storyteller)
2026-04-27 13:50:55 | INFO     | tts_engine:_kyutai_generate:220 - TTS: Kyutai generated 464684 bytes (storyteller)
2026-04-27 13:50:55 | INFO     | tts_engine:_kyutai_generate:220 - TTS: Kyutai generated 380204 bytes (storyteller)
2026-04-27 13:50:57 | INFO     | tts_engine:_kyutai_generate:220 - TTS: Kyutai generated 472364 bytes (storyteller)
2026-04-27 13:51:09 | INFO     | tts_engine:_kyutai_generate:220 - TTS: Kyutai generated 679724 bytes (storyteller)
2026-04-27 13:51:21 | INFO     | tts_engine:_kyutai_generate:220 - TTS: Kyutai generated 572204 bytes (storyteller)
2026-04-27 13:51:22 | INFO     | tts_engine:_kyutai_generate:220 - TTS: Kyutai generated 572204 bytes (storyteller)
2026-04-27 13:51:22 | INFO     | tts_engine:_kyutai_generate:220 - TTS: Kyutai generated 529964 bytes (storyteller)
2026-04-27 13:51:35 | INFO     | tts_engine:_kyutai_generate:220 - TTS: Kyutai generated 545324 bytes (storyteller)
2026-04-27 13:51:38 | INFO     | tts_engine:_kyutai_generate:220 - TTS: Kyutai generated 357164 bytes (storyteller)
2026-04-27 13:51:44 | INFO     | tts_engine:_kyutai_generate:220 - TTS: Kyutai generated 503084 bytes (storyteller)
2026-04-27 13:51:45 | INFO     | tts_engine:_kyutai_generate:220 - TTS: Kyutai generated 526124 bytes (storyteller)
2026-04-27 13:51:48 | INFO     | tts_engine:_kyutai_generate:220 - TTS: Kyutai generated 276524 bytes (storyteller)
2026-04-27 13:51:48 | INFO     | tts_engine:_kyutai_generate:220 - TTS: Kyutai generated 349484 bytes (storyteller)
2026-04-27 13:54:03 | INFO     | live_articles:fetch_trending:320 - Fetching trending for topics: ['artificial intelligence drug discovery', 'neuroscience consciousness', 'CRISPR gene editing']
2026-04-27 13:54:03 | INFO     | live_articles:fetch_trending:324 - Trending: Starting parallel fetch for topics...
2026-04-27 13:54:03 | INFO     | live_articles:fetch_pubmed:106 - PubMed: Searching for 'artificial intelligence drug discovery' (retmax=10)
2026-04-27 13:54:03 | INFO     | live_articles:fetch_pubmed:106 - PubMed: Searching for 'neuroscience consciousness' (retmax=10)
2026-04-27 13:54:03 | INFO     | live_articles:fetch_pubmed:106 - PubMed: Searching for 'CRISPR gene editing' (retmax=10)
2026-04-27 13:54:04 | INFO     | live_articles:fetch_pubmed:124 - PubMed search returned 10 IDs (Total: 24216)
2026-04-27 13:54:04 | INFO     | live_articles:fetch_pubmed:124 - PubMed search returned 10 IDs (Total: 6725)
2026-04-27 13:54:04 | INFO     | live_articles:fetch_pubmed:124 - PubMed search returned 10 IDs (Total: 9785)
2026-04-27 13:54:04 | WARNING  | live_articles:fetch_pubmed:136 - PubMed efetch hit 429 Rate Limit. Retrying after 2s...
2026-04-27 13:54:05 | WARNING  | live_articles:fetch_pubmed:136 - PubMed efetch hit 429 Rate Limit. Retrying after 2s...
2026-04-27 13:54:06 | INFO     | live_articles:fetch_pubmed:180 - PubMed: Successfully parsed 10 articles.
2026-04-27 13:54:07 | INFO     | live_articles:fetch_pubmed:180 - PubMed: Successfully parsed 10 articles.
2026-04-27 13:54:08 | INFO     | live_articles:fetch_pubmed:180 - PubMed: Successfully parsed 10 articles.
2026-04-27 13:54:08 | INFO     | live_articles:fetch_trending:340 - Trending: Total fetched 45 articles.
2026-04-27 13:54:24 | INFO     | live_articles:search_articles:244 - Article Search: 'cell membrane' | Page: 1
2026-04-27 13:54:24 | INFO     | live_articles:search_articles:253 - Adding PubMed task for 'cell membrane'
2026-04-27 13:54:24 | INFO     | live_articles:search_articles:256 - Adding arXiv task for 'cell membrane'
2026-04-27 13:54:24 | INFO     | live_articles:search_articles:263 - Adding Wikipedia task for 'cell membrane'
2026-04-27 13:54:24 | INFO     | live_articles:fetch_pubmed:106 - PubMed: Searching for 'cell membrane' (retmax=10)
2026-04-27 13:54:26 | INFO     | live_articles:fetch_pubmed:124 - PubMed search returned 10 IDs (Total: 961803)
2026-04-27 13:54:27 | INFO     | live_articles:fetch_pubmed:180 - PubMed: Successfully parsed 10 articles.
2026-04-27 13:54:27 | INFO     | live_articles:search_articles:289 - Source 0 returned 10 articles (Total in source: 961803)
2026-04-27 13:54:27 | INFO     | live_articles:search_articles:289 - Source 1 returned 10 articles (Total in source: 60080)
2026-04-27 13:54:27 | INFO     | live_articles:search_articles:293 - Wikipedia returned 0 articles
2026-04-27 13:54:35 | INFO     | __main__:ask_question:215 - Question: Extract 4 brief key bullet points for the article titled 'Cell Membrane Perforation: Patterns, Mechanisms and Functions.'. | Hybrid: False | Book: None
2026-04-27 13:54:35 | INFO     | model_manager:generate:691 - ModelManager: Auto-classified as 'deep'
2026-04-27 13:54:35 | INFO     | model_manager:generate:715 - ModelManager: Trying Qwen (OpenRouter) (Tier 3) [key …8fb9ad]
2026-04-27 13:54:36 | ERROR    | model_manager:generate:757 - ModelManager: ❌ Qwen (OpenRouter) error: Qwen (OpenRouter): HTTP 400 — {"error":{"message":"Provider returned error","code":400,"metadata":{"raw":"{\"code\":400,\"reason\":\"INVALID_REQUEST_BODY\",\"message\":\"model: qwen/qwen-2.5-72b-instruct does not support endpoint: completions\",\"metadata\":{}}","provider_name":"Novita","is_byok":false}},"user_id":"user_3CNREHko
2026-04-27 13:54:36 | INFO     | model_manager:generate:715 - ModelManager: Trying Gemini Pro (Tier 4) [key …e__Wvw]
2026-04-27 13:54:37 | WARNING  | model_manager:generate:751 - ModelManager: ⚠️ Gemini Pro: Rate limited (429)
2026-04-27 13:54:37 | INFO     | model_manager:generate:715 - ModelManager: Trying OpenRouter Hub (Tier 5) [key …cb12eb]
2026-04-27 13:54:43 | INFO     | model_manager:generate:742 - ModelManager: ✅ OpenRouter Hub succeeded (879 chars)
2026-04-27 13:54:43 | INFO     | llm_engine:generate_llm_only:156 - LLM: Pure generation via OpenRouter Hub
2026-04-27 13:55:00 | INFO     | __main__:ask_question:215 - Question: List 3 related scientific topics to 'Cell Membrane Perforation: Patterns, Mechanisms and Functions.'. Output ONLY comma separated list. | Hybrid: False | Book: None
2026-04-27 13:55:00 | INFO     | model_manager:generate:691 - ModelManager: Auto-classified as 'deep'
2026-04-27 13:55:00 | INFO     | model_manager:generate:715 - ModelManager: Trying Qwen (OpenRouter) (Tier 3) [key …0f9f0f]
2026-04-27 13:55:01 | ERROR    | model_manager:generate:757 - ModelManager: ❌ Qwen (OpenRouter) error: Qwen (OpenRouter): HTTP 400 — {"error":{"message":"Provider returned error","code":400,"metadata":{"raw":"{\"code\":400,\"reason\":\"INVALID_REQUEST_BODY\",\"message\":\"model: qwen/qwen-2.5-72b-instruct does not support endpoint: completions\",\"metadata\":{}}","provider_name":"Novita","is_byok":false}},"user_id":"user_3CRF35mW
2026-04-27 13:55:01 | INFO     | model_manager:generate:715 - ModelManager: Trying Gemini Pro (Tier 4) [key …4NUxag]
2026-04-27 13:55:01 | WARNING  | model_manager:generate:751 - ModelManager: ⚠️ Gemini Pro: Rate limited (429)
2026-04-27 13:55:01 | INFO     | model_manager:generate:715 - ModelManager: Trying OpenRouter Hub (Tier 5) [key …26dc10]
2026-04-27 13:55:03 | INFO     | model_manager:generate:742 - ModelManager: ✅ OpenRouter Hub succeeded (86 chars)
2026-04-27 13:55:03 | INFO     | llm_engine:generate_llm_only:156 - LLM: Pure generation via OpenRouter Hub
2026-04-27 13:55:23 | INFO     | __main__:ask_question:215 - Question: Cell Membrane Perforation: Patterns, Mechanisms and Functions. | Hybrid: True | Book: None
2026-04-27 13:55:23 | INFO     | faiss_store:search:199 - FAISS Search: query='Cell Membrane Perforation: Pat...', search_k=25, ntotal=945
2026-04-27 13:55:23 | INFO     | faiss_store:search:227 - FAISS Search: Matches for book_id=None: 0
2026-04-27 13:55:23 | INFO     | live_articles:search_articles:244 - Article Search: 'Cell Membrane Perforation: Patterns, Mechanisms and Functions.' | Page: 1
2026-04-27 13:55:23 | INFO     | live_articles:search_articles:253 - Adding PubMed task for 'Cell Membrane Perforation: Patterns, Mechanisms and Functions.'
2026-04-27 13:55:23 | INFO     | live_articles:search_articles:256 - Adding arXiv task for 'Cell Membrane Perforation: Patterns, Mechanisms and Functions.'
2026-04-27 13:55:23 | INFO     | live_articles:search_articles:263 - Adding Wikipedia task for 'Cell Membrane Perforation: Patterns, Mechanisms and Functions.'
2026-04-27 13:55:23 | INFO     | live_articles:fetch_pubmed:106 - PubMed: Searching for 'Cell Membrane Perforation: Patterns, Mechanisms and Functions.' (retmax=10)
2026-04-27 13:55:24 | INFO     | live_articles:fetch_pubmed:124 - PubMed search returned 10 IDs (Total: 125)
2026-04-27 13:55:26 | INFO     | live_articles:fetch_pubmed:180 - PubMed: Successfully parsed 10 articles.
2026-04-27 13:55:26 | INFO     | live_articles:search_articles:289 - Source 0 returned 10 articles (Total in source: 125)
2026-04-27 13:55:26 | INFO     | live_articles:search_articles:289 - Source 1 returned 10 articles (Total in source: 865163)
2026-04-27 13:55:26 | INFO     | live_articles:search_articles:293 - Wikipedia returned 0 articles
2026-04-27 13:55:26 | INFO     | model_manager:generate:715 - ModelManager: Trying Groq (Tier 1) [key …l8NUH9]
2026-04-27 13:55:27 | INFO     | model_manager:generate:742 - ModelManager: ✅ Groq succeeded (2912 chars)
2026-04-27 13:55:27 | INFO     | llm_engine:generate_hybrid_answer:227 - LLM: Hybrid generation via Groq
2026-04-27 13:55:40 | INFO     | __main__:text_to_speech:486 - TTS: Processing 2852 chars, style=storyteller, mode=Exam
2026-04-27 13:55:40 | INFO     | model_manager:generate:715 - ModelManager: Trying Groq (Tier 1) [key …1ls9p2]
2026-04-27 13:55:41 | INFO     | model_manager:generate:742 - ModelManager: ✅ Groq succeeded (2287 chars)
2026-04-27 13:55:41 | INFO     | tts_text_processor:optimize_for_speech:270 - TTS: Text optimized via Groq (2852 → 2287 chars)
2026-04-27 13:55:41 | INFO     | tts_engine:generate_stream:445 - TTS: Streaming 15 chunks...
2026-04-27 13:56:02 | INFO     | tts_engine:_kyutai_generate:220 - TTS: Kyutai generated 384044 bytes (storyteller)
2026-04-27 13:56:02 | INFO     | tts_engine:_kyutai_generate:220 - TTS: Kyutai generated 391724 bytes (storyteller)
2026-04-27 13:56:06 | INFO     | tts_engine:_kyutai_generate:220 - TTS: Kyutai generated 468524 bytes (storyteller)
2026-04-27 13:56:06 | INFO     | tts_engine:_kyutai_generate:220 - TTS: Kyutai generated 464684 bytes (storyteller)
2026-04-27 13:56:24 | INFO     | tts_engine:_kyutai_generate:220 - TTS: Kyutai generated 380204 bytes (storyteller)
2026-04-27 13:56:24 | INFO     | tts_engine:_kyutai_generate:220 - TTS: Kyutai generated 468524 bytes (storyteller)
2026-04-27 13:56:25 | INFO     | tts_engine:_kyutai_generate:220 - TTS: Kyutai generated 407084 bytes (storyteller)
2026-04-27 13:56:26 | INFO     | tts_engine:_kyutai_generate:220 - TTS: Kyutai generated 499244 bytes (storyteller)
2026-04-27 13:56:33 | INFO     | model_manager:generate:715 - ModelManager: Trying Groq (Tier 1) [key …9pzhKT]
2026-04-27 13:56:33 | INFO     | model_manager:generate:742 - ModelManager: ✅ Groq succeeded (147 chars)
2026-04-27 13:56:33 | INFO     | controller_prompt:classify:153 - Controller: Routing via Groq
2026-04-27 13:56:39 | INFO     | tts_engine:_kyutai_generate:220 - TTS: Kyutai generated 288044 bytes (storyteller)
2026-04-27 13:56:39 | INFO     | __main__:ask_question:215 - Question: cell death | Hybrid: True | Book: None
2026-04-27 13:56:40 | INFO     | faiss_store:search:199 - FAISS Search: query='cell death...', search_k=25, ntotal=945
2026-04-27 13:56:40 | INFO     | faiss_store:search:227 - FAISS Search: Matches for book_id=None: 0
2026-04-27 13:56:40 | INFO     | live_articles:search_articles:244 - Article Search: 'cell death' | Page: 1
2026-04-27 13:56:40 | INFO     | live_articles:search_articles:253 - Adding PubMed task for 'cell death'
2026-04-27 13:56:40 | INFO     | live_articles:search_articles:256 - Adding arXiv task for 'cell death'
2026-04-27 13:56:40 | INFO     | live_articles:search_articles:263 - Adding Wikipedia task for 'cell death'
2026-04-27 13:56:40 | INFO     | live_articles:fetch_pubmed:106 - PubMed: Searching for 'cell death' (retmax=10)
2026-04-27 13:56:41 | INFO     | live_articles:fetch_pubmed:124 - PubMed search returned 10 IDs (Total: 693190)
2026-04-27 13:56:43 | INFO     | live_articles:fetch_pubmed:180 - PubMed: Successfully parsed 10 articles.
2026-04-27 13:56:43 | INFO     | live_articles:search_articles:289 - Source 0 returned 10 articles (Total in source: 693190)
2026-04-27 13:56:43 | INFO     | live_articles:search_articles:289 - Source 1 returned 10 articles (Total in source: 58783)
2026-04-27 13:56:43 | INFO     | live_articles:search_articles:293 - Wikipedia returned 0 articles
2026-04-27 13:56:43 | INFO     | model_manager:generate:715 - ModelManager: Trying Groq (Tier 1) [key …Q27Y0X]
2026-04-27 13:56:44 | INFO     | model_manager:generate:742 - ModelManager: ✅ Groq succeeded (1942 chars)
2026-04-27 13:56:44 | INFO     | llm_engine:generate_hybrid_answer:227 - LLM: Hybrid generation via Groq
2026-04-27 13:56:44 | INFO     | tts_engine:_kyutai_generate:220 - TTS: Kyutai generated 426284 bytes (storyteller)
2026-04-27 13:56:50 | INFO     | tts_engine:_kyutai_generate:220 - TTS: Kyutai generated 480044 bytes (storyteller)
2026-04-27 13:56:52 | INFO     | tts_engine:_kyutai_generate:220 - TTS: Kyutai generated 576044 bytes (storyteller)
2026-04-27 13:56:54 | INFO     | __main__:text_to_speech:486 - TTS: Processing 1918 chars, style=storyteller, mode=Exam
2026-04-27 13:56:54 | INFO     | model_manager:generate:715 - ModelManager: Trying Groq (Tier 1) [key …DURcU2]
2026-04-27 13:56:54 | INFO     | model_manager:generate:742 - ModelManager: ✅ Groq succeeded (1548 chars)
2026-04-27 13:56:54 | INFO     | tts_text_processor:optimize_for_speech:270 - TTS: Text optimized via Groq (1918 → 1548 chars)
2026-04-27 13:56:54 | INFO     | tts_engine:generate_stream:445 - TTS: Streaming 11 chunks...
2026-04-27 13:56:56 | INFO     | tts_engine:_kyutai_generate:220 - TTS: Kyutai generated 380204 bytes (storyteller)
2026-04-27 13:57:01 | INFO     | tts_engine:_kyutai_generate:220 - TTS: Kyutai generated 257324 bytes (storyteller)
2026-04-27 13:57:05 | INFO     | tts_engine:_kyutai_generate:220 - TTS: Kyutai generated 445484 bytes (storyteller)
2026-04-27 13:57:11 | INFO     | tts_engine:_kyutai_generate:220 - TTS: Kyutai generated 349484 bytes (storyteller)
2026-04-27 13:57:20 | INFO     | tts_engine:_kyutai_generate:220 - TTS: Kyutai generated 437804 bytes (storyteller)
2026-04-27 13:57:21 | INFO     | tts_engine:_kyutai_generate:220 - TTS: Kyutai generated 529964 bytes (storyteller)
2026-04-27 13:57:25 | INFO     | tts_engine:_kyutai_generate:220 - TTS: Kyutai generated 464684 bytes (storyteller)
2026-04-27 13:57:32 | INFO     | tts_engine:_kyutai_generate:220 - TTS: Kyutai generated 222764 bytes (storyteller)
2026-04-27 13:57:35 | INFO     | tts_engine:_kyutai_generate:220 - TTS: Kyutai generated 514604 bytes (storyteller)
2026-04-27 13:57:39 | INFO     | tts_engine:_kyutai_generate:220 - TTS: Kyutai generated 407084 bytes (storyteller)
2026-04-27 13:57:45 | INFO     | tts_engine:_kyutai_generate:220 - TTS: Kyutai generated 403244 bytes (storyteller)
2026-04-27 13:57:46 | INFO     | tts_engine:_kyutai_generate:220 - TTS: Kyutai generated 314924 bytes (storyteller)
2026-04-27 13:57:50 | INFO     | tts_engine:_kyutai_generate:220 - TTS: Kyutai generated 307244 bytes (storyteller)
2026-04-27 13:57:51 | INFO     | tts_engine:_kyutai_generate:220 - TTS: Kyutai generated 545324 bytes (storyteller)
2026-04-27 14:01:20 | INFO     | __main__:ask_question:215 - Question: summary of this pdf  | Hybrid: True | Book: 41e75be9-9a8f-400a-8209-b77b7a77b99c
2026-04-27 14:01:20 | INFO     | faiss_store:search:199 - FAISS Search: query='summary of this pdf ...', search_k=945, ntotal=945
2026-04-27 14:01:20 | INFO     | faiss_store:search:227 - FAISS Search: Matches for book_id=41e75be9-9a8f-400a-8209-b77b7a77b99c: 0
2026-04-27 14:01:21 | INFO     | __main__:text_to_speech:486 - TTS: Processing 43 chars, style=storyteller, mode=Library
2026-04-27 14:01:21 | INFO     | tts_engine:generate_stream:445 - TTS: Streaming 1 chunks...
2026-04-27 14:01:23 | INFO     | tts_engine:_kyutai_generate:220 - TTS: Kyutai generated 126764 bytes (storyteller)
2026-04-27 14:02:19 | INFO     | __main__:ask_question:215 - Question: summary and important points on rti | Hybrid: True | Book: a7e81afc-7b96-4645-97c1-065cb84c3583
2026-04-27 14:02:19 | INFO     | faiss_store:search:199 - FAISS Search: query='summary and important points o...', search_k=945, ntotal=945
2026-04-27 14:02:19 | INFO     | faiss_store:search:227 - FAISS Search: Matches for book_id=a7e81afc-7b96-4645-97c1-065cb84c3583: 528
2026-04-27 14:02:19 | INFO     | model_manager:generate:715 - ModelManager: Trying Qwen (OpenRouter) (Tier 3) [key …0f9f0f]
2026-04-27 14:02:53 | INFO     | model_manager:generate:742 - ModelManager: ✅ Qwen (OpenRouter) succeeded (5411 chars)
2026-04-27 14:02:53 | INFO     | llm_engine:generate_book_answer:253 - LLM: Book generation via Qwen (OpenRouter)
2026-04-27 14:03:09 | ERROR    | __main__:validation_exception_handler:87 - 422 Validation Error at /api/v1/tts: [{'type': 'string_too_long', 'loc': ('body', 'text'), 'msg': 'String should have at most 5000 characters', 'input': '### Key Findings\n\n1. Purpose and Impact of the RTI Act (2005):\n   - The Right to Information (RTI) Act empowers citizens to question the secrecy and abuse of power in governance.\n   - It promotes transparency and accountability in government operations.\n   - The Act helps in containing corruption and improving government performance.\n   - RTI information is considered a public good, crucial for a transparent and vibrant democracy.\n\n2. Usage and Scope:\n   - Approximately 60 lakh RTI applications are filed annually, making it one of the most extensively used sunshine legislations globally.\n   - RTI applications cover a wide range of issues, from basic rights and entitlements to high-level government decisions.\n   - The Act has been used to question public institutions on matters of public interest, such as demonetization, non-performing assets, and the Rafale fighter aircraft deal.\n\n3. Legal and Constitutional Basis:\n   - The Supreme Court has recognized RTI as a fundamental right derived from Articles 19 and 21 of the Constitution, which guarantee freedom of speech and expression and the right to life, respectively.\n   - Information obtained through RTI helps in making the government accountable and serves the overall interests of society.\n\n4. Recent Amendments and Concerns:\n   - The Central government now has the authority to decide the tenure, salary, allowances, and other terms of service of Information Commissioners.\n   - These amendments undermine the independence and authority of Information Commissions, violating constitutional principles of federalism.\n   - The amendments have been criticized for weakening the RTI framework and reducing the independence of the Information Commissions.\n\n5. Way Forward:\n   - Independent structures to regulate and monitor the government are essential for a democratic state.\n   - Centralizing power can threaten freedom of expression and democratic checks and balances.\n   - The separation of powers is crucial for maintaining the independence of regulatory bodies.\n\n### Detailed Analysis\n\n#### Purpose and Impact of the RTI Act (2005)\nThe Right to Information Act, enacted in 2005, is a landmark legislation that empowers citizens to question the secrecy and abuse of power in governance. It serves as a crucial tool for promoting transparency and accountability in the functioning of government institutions. The Act has been instrumental in containing corruption and improving the efficiency of government operations. By providing citizens with access to information, the RTI Act helps build a more informed and vigilant citizenry, which is essential for the smooth functioning of a democratic society.\n\n#### Usage and Scope\nThe RTI Act is one of the most extensively used sunshine legislations globally, with nearly 60 lakh applications filed annually. These applications cover a broad spectrum of issues, ranging from the delivery of basic rights and entitlements to questioning high-level government decisions. The Act has been used to seek information on matters of public interest, such as demonetization, non-performing assets, the Rafale fighter aircraft deal, electoral bonds, unemployment figures, and the appointment of the Central Vigilance Commissioner (CVC). The widespread use of the RTI Act underscores its importance in ensuring government accountability and transparency.\n\n#### Legal and Constitutional Basis\nThe legal and constitutional basis of the RTI Act is firmly established. The Supreme Court has recognized the right to information as a fundamental right flowing from Articles 19 and 21 of the Constitution, which guarantee the freedom of speech and expression and the right to life, respectively. This recognition underscores the importance of information access in a democratic society. The information obtained through RTI applications not only helps in making the government accountable but also serves the broader interests of society by exposing corruption, human rights violations, and other wrongdoings by the state.\n\n#### Recent Amendments and Concerns\nRecent amendments to the RTI Act have raised significant concerns. The Central government now has the authority to decide the tenure, salary, allowances, and other terms of service of Information Commissioners, both at the Centre and the States. This centralization of power undermines the independence and authority of Information Commissions, which are crucial for maintaining the integrity of the RTI framework. These amendments violate the constitutional principles of federalism and significantly dilute the widely used framework for transparency in India. Critics, including MP Shashi Tharoor, have referred to these amendments as an "RTI elimination Bill" that removes the organization\'s independence.\n\n#### Way Forward\nTo address the challenges posed by the recent amendments, it is essential to maintain the independence of regulatory bodies and uphold the separation of powers. Independent structures to regulate and monitor the government are vital for a democratic state committed to delivering justice and constitutional guarantees. Centralizing power can threaten freedom of expression and undermine democratic checks and balances. Therefore, it is crucial to ensure that the Information Commissions retain their independence and authority to effectively fulfill their role in promoting transparency and accountability.', 'ctx': {'max_length': 5000}}]
2026-04-27 14:03:09 | ERROR    | __main__:validation_exception_handler:88 - Body: b'{"text":"### Key Findings\\n\\n1. Purpose and Impact of the RTI Act (2005):\\n   - The Right to Information (RTI) Act empowers citizens to question the secrecy and abuse of power in governance.\\n   - It promotes transparency and accountability in government operations.\\n   - The Act helps in containing corruption and improving government performance.\\n   - RTI information is considered a public good, crucial for a transparent and vibrant democracy.\\n\\n2. Usage and Scope:\\n   - Approximately 60 lakh RTI applications are filed annually, making it one of the most extensively used sunshine legislations globally.\\n   - RTI applications cover a wide range of issues, from basic rights and entitlements to high-level government decisions.\\n   - The Act has been used to question public institutions on matters of public interest, such as demonetization, non-performing assets, and the Rafale fighter aircraft deal.\\n\\n3. Legal and Constitutional Basis:\\n   - The Supreme Court has recognized RTI as a fundamental right derived from Articles 19 and 21 of the Constitution, which guarantee freedom of speech and expression and the right to life, respectively.\\n   - Information obtained through RTI helps in making the government accountable and serves the overall interests of society.\\n\\n4. Recent Amendments and Concerns:\\n   - The Central government now has the authority to decide the tenure, salary, allowances, and other terms of service of Information Commissioners.\\n   - These amendments undermine the independence and authority of Information Commissions, violating constitutional principles of federalism.\\n   - The amendments have been criticized for weakening the RTI framework and reducing the independence of the Information Commissions.\\n\\n5. Way Forward:\\n   - Independent structures to regulate and monitor the government are essential for a democratic state.\\n   - Centralizing power can threaten freedom of expression and democratic checks and balances.\\n   - The separation of powers is crucial for maintaining the independence of regulatory bodies.\\n\\n### Detailed Analysis\\n\\n#### Purpose and Impact of the RTI Act (2005)\\nThe Right to Information Act, enacted in 2005, is a landmark legislation that empowers citizens to question the secrecy and abuse of power in governance. It serves as a crucial tool for promoting transparency and accountability in the functioning of government institutions. The Act has been instrumental in containing corruption and improving the efficiency of government operations. By providing citizens with access to information, the RTI Act helps build a more informed and vigilant citizenry, which is essential for the smooth functioning of a democratic society.\\n\\n#### Usage and Scope\\nThe RTI Act is one of the most extensively used sunshine legislations globally, with nearly 60 lakh applications filed annually. These applications cover a broad spectrum of issues, ranging from the delivery of basic rights and entitlements to questioning high-level government decisions. The Act has been used to seek information on matters of public interest, such as demonetization, non-performing assets, the Rafale fighter aircraft deal, electoral bonds, unemployment figures, and the appointment of the Central Vigilance Commissioner (CVC). The widespread use of the RTI Act underscores its importance in ensuring government accountability and transparency.\\n\\n#### Legal and Constitutional Basis\\nThe legal and constitutional basis of the RTI Act is firmly established. The Supreme Court has recognized the right to information as a fundamental right flowing from Articles 19 and 21 of the Constitution, which guarantee the freedom of speech and expression and the right to life, respectively. This recognition underscores the importance of information access in a democratic society. The information obtained through RTI applications not only helps in making the government accountable but also serves the broader interests of society by exposing corruption, human rights violations, and other wrongdoings by the state.\\n\\n#### Recent Amendments and Concerns\\nRecent amendments to the RTI Act have raised significant concerns. The Central government now has the authority to decide the tenure, salary, allowances, and other terms of service of Information Commissioners, both at the Centre and the States. This centralization of power undermines the independence and authority of Information Commissions, which are crucial for maintaining the integrity of the RTI framework. These amendments violate the constitutional principles of federalism and significantly dilute the widely used framework for transparency in India. Critics, including MP Shashi Tharoor, have referred to these amendments as an \\"RTI elimination Bill\\" that removes the organization\'s independence.\\n\\n#### Way Forward\\nTo address the challenges posed by the recent amendments, it is essential to maintain the independence of regulatory bodies and uphold the separation of powers. Independent structures to regulate and monitor the government are vital for a democratic state committed to delivering justice and constitutional guarantees. Centralizing power can threaten freedom of expression and undermine democratic checks and balances. Therefore, it is crucial to ensure that the Information Commissions retain their independence and authority to effectively fulfill their role in promoting transparency and accountability.","voice_style":"professor","mode":"Library","speed":1.0}'
2026-04-27 14:06:53 | INFO     | live_articles:fetch_trending:320 - Fetching trending for topics: ['climate change mitigation', 'CRISPR gene editing', 'artificial intelligence drug discovery']
2026-04-27 14:06:53 | INFO     | live_articles:fetch_trending:324 - Trending: Starting parallel fetch for topics...
2026-04-27 14:06:53 | INFO     | live_articles:fetch_pubmed:106 - PubMed: Searching for 'climate change mitigation' (retmax=10)
2026-04-27 14:06:55 | INFO     | live_articles:fetch_pubmed:124 - PubMed search returned 10 IDs (Total: 16084)
2026-04-27 14:06:57 | INFO     | live_articles:fetch_pubmed:180 - PubMed: Successfully parsed 10 articles.
2026-04-27 14:06:57 | INFO     | live_articles:fetch_trending:340 - Trending: Total fetched 45 articles.
2026-04-27 14:07:02 | INFO     | __main__:ask_question:215 - Question: Extract 4 brief key bullet points for the article titled 'The influence of GMO media strategies on public perceptions of CRISPR crop technologies in Southern Ontario.'. | Hybrid: False | Book: None
2026-04-27 14:07:02 | INFO     | model_manager:generate:691 - ModelManager: Auto-classified as 'speed'
2026-04-27 14:07:02 | INFO     | model_manager:generate:715 - ModelManager: Trying Groq (Tier 1) [key …l8NUH9]
2026-04-27 14:07:03 | INFO     | model_manager:generate:742 - ModelManager: ✅ Groq succeeded (1208 chars)
2026-04-27 14:07:03 | INFO     | llm_engine:generate_llm_only:156 - LLM: Pure generation via Groq
2026-04-27 14:07:31 | INFO     | __main__:ask_question:215 - Question: List 3 related scientific topics to 'The influence of GMO media strategies on public perceptions of CRISPR crop technologies in Southern Ontario.'. Output ONLY comma separated list. | Hybrid: False | Book: None
2026-04-27 14:07:31 | INFO     | model_manager:generate:691 - ModelManager: Auto-classified as 'speed'
2026-04-27 14:07:31 | INFO     | model_manager:generate:715 - ModelManager: Trying Groq (Tier 1) [key …1ls9p2]
2026-04-27 14:07:31 | INFO     | model_manager:generate:742 - ModelManager: ✅ Groq succeeded (186 chars)
2026-04-27 14:07:31 | INFO     | llm_engine:generate_llm_only:156 - LLM: Pure generation via Groq
2026-04-27 14:07:42 | INFO     | __main__:ask_question:215 - Question: The influence of GMO media strategies on public perceptions of CRISPR crop technologies in Southern Ontario. | Hybrid: True | Book: None
2026-04-27 14:07:42 | INFO     | faiss_store:search:199 - FAISS Search: query='The influence of GMO media str...', search_k=25, ntotal=945
2026-04-27 14:07:42 | INFO     | faiss_store:search:227 - FAISS Search: Matches for book_id=None: 14
2026-04-27 14:07:42 | INFO     | live_articles:search_articles:244 - Article Search: 'The influence of GMO media strategies on public perceptions of CRISPR crop technologies in Southern Ontario.' | Page: 1
2026-04-27 14:07:42 | INFO     | live_articles:search_articles:253 - Adding PubMed task for 'The influence of GMO media strategies on public perceptions of CRISPR crop technologies in Southern Ontario.'
2026-04-27 14:07:42 | INFO     | live_articles:search_articles:256 - Adding arXiv task for 'The influence of GMO media strategies on public perceptions of CRISPR crop technologies in Southern Ontario.'
2026-04-27 14:07:42 | INFO     | live_articles:search_articles:263 - Adding Wikipedia task for 'The influence of GMO media strategies on public perceptions of CRISPR crop technologies in Southern Ontario.'
2026-04-27 14:07:42 | INFO     | live_articles:fetch_pubmed:106 - PubMed: Searching for 'The influence of GMO media strategies on public perceptions of CRISPR crop technologies in Southern Ontario.' (retmax=10)
2026-04-27 14:07:44 | INFO     | live_articles:fetch_pubmed:124 - PubMed search returned 1 IDs (Total: 1)
2026-04-27 14:07:45 | INFO     | live_articles:fetch_pubmed:180 - PubMed: Successfully parsed 1 articles.
2026-04-27 14:07:45 | INFO     | live_articles:search_articles:289 - Source 0 returned 1 articles (Total in source: 1)
2026-04-27 14:07:45 | INFO     | live_articles:search_articles:289 - Source 1 returned 10 articles (Total in source: 396918)
2026-04-27 14:07:45 | INFO     | live_articles:search_articles:293 - Wikipedia returned 0 articles
2026-04-27 14:07:45 | INFO     | model_manager:generate:715 - ModelManager: Trying Groq (Tier 1) [key …9pzhKT]
2026-04-27 14:07:46 | INFO     | model_manager:generate:742 - ModelManager: ✅ Groq succeeded (1669 chars)
2026-04-27 14:07:46 | INFO     | llm_engine:generate_hybrid_answer:227 - LLM: Hybrid generation via Groq
2026-04-27 14:07:51 | INFO     | __main__:text_to_speech:486 - TTS: Processing 1649 chars, style=professor, mode=Exam
2026-04-27 14:07:51 | INFO     | model_manager:generate:715 - ModelManager: Trying Groq (Tier 1) [key …Q27Y0X]
2026-04-27 14:07:51 | INFO     | model_manager:generate:742 - ModelManager: ✅ Groq succeeded (1667 chars)
2026-04-27 14:07:51 | INFO     | tts_text_processor:optimize_for_speech:270 - TTS: Text optimized via Groq (1649 → 1667 chars)
2026-04-27 14:07:51 | INFO     | tts_engine:generate_stream:445 - TTS: Streaming 11 chunks...
2026-04-27 14:08:20 | INFO     | tts_engine:_kyutai_generate:220 - TTS: Kyutai generated 433964 bytes (professor)
2026-04-27 14:08:20 | INFO     | tts_engine:_kyutai_generate:220 - TTS: Kyutai generated 433964 bytes (professor)
2026-04-27 14:08:26 | INFO     | tts_engine:_kyutai_generate:220 - TTS: Kyutai generated 526124 bytes (professor)
2026-04-27 14:08:29 | INFO     | tts_engine:_kyutai_generate:220 - TTS: Kyutai generated 576044 bytes (professor)
2026-04-27 14:08:36 | INFO     | tts_engine:_kyutai_generate:220 - TTS: Kyutai generated 280364 bytes (professor)
2026-04-27 14:08:41 | INFO     | tts_engine:_kyutai_generate:220 - TTS: Kyutai generated 384044 bytes (professor)
2026-04-27 14:08:51 | INFO     | tts_engine:_kyutai_generate:220 - TTS: Kyutai generated 322604 bytes (professor)
2026-04-27 14:08:52 | INFO     | tts_engine:_kyutai_generate:220 - TTS: Kyutai generated 472364 bytes (professor)
2026-04-27 14:08:58 | INFO     | tts_engine:_kyutai_generate:220 - TTS: Kyutai generated 361004 bytes (professor)
2026-04-27 14:09:01 | INFO     | tts_engine:_kyutai_generate:220 - TTS: Kyutai generated 364844 bytes (professor)
2026-04-27 14:09:08 | INFO     | tts_engine:_kyutai_generate:220 - TTS: Kyutai generated 422444 bytes (professor)
2026-04-27 14:13:24 | INFO     | model_manager:generate:715 - ModelManager: Trying Groq (Tier 1) [key …DURcU2]
2026-04-27 14:13:24 | INFO     | model_manager:generate:742 - ModelManager: ✅ Groq succeeded (143 chars)
2026-04-27 14:13:24 | INFO     | controller_prompt:classify:153 - Controller: Routing via Groq
2026-04-27 14:13:26 | INFO     | model_manager:generate:715 - ModelManager: Trying Groq (Tier 1) [key …l8NUH9]
2026-04-27 14:13:26 | INFO     | model_manager:generate:742 - ModelManager: ✅ Groq succeeded (136 chars)
2026-04-27 14:13:26 | INFO     | controller_prompt:classify:153 - Controller: Routing via Groq
2026-04-27 14:13:29 | INFO     | model_manager:generate:715 - ModelManager: Trying Groq (Tier 1) [key …1ls9p2]
2026-04-27 14:13:29 | INFO     | model_manager:generate:742 - ModelManager: ✅ Groq succeeded (143 chars)
2026-04-27 14:13:29 | INFO     | controller_prompt:classify:153 - Controller: Routing via Groq
2026-04-27 14:13:30 | INFO     | controller_prompt:classify:129 - Controller: Cache hit for 'cell pores...'
2026-04-27 14:13:34 | INFO     | __main__:ask_question:215 - Question: cell pores
 | Hybrid: True | Book: None
2026-04-27 14:13:34 | INFO     | faiss_store:search:199 - FAISS Search: query='cell pores
...', search_k=25, ntotal=945
2026-04-27 14:13:34 | INFO     | faiss_store:search:227 - FAISS Search: Matches for book_id=None: 3
2026-04-27 14:13:34 | INFO     | live_articles:search_articles:244 - Article Search: 'cell pores
' | Page: 1
2026-04-27 14:13:34 | INFO     | live_articles:search_articles:253 - Adding PubMed task for 'cell pores
'
2026-04-27 14:13:34 | INFO     | live_articles:search_articles:256 - Adding arXiv task for 'cell pores
'
2026-04-27 14:13:34 | INFO     | live_articles:search_articles:263 - Adding Wikipedia task for 'cell pores
'
2026-04-27 14:13:34 | INFO     | live_articles:fetch_pubmed:106 - PubMed: Searching for 'cell pores
' (retmax=10)
2026-04-27 14:13:34 | ERROR    | live_articles:fetch_arxiv:238 - arXiv API error: Invalid non-printable ASCII character in URL, '\n' at position 61.
2026-04-27 14:13:34 | ERROR    | live_articles:fetch_pubmed:187 - PubMed final error: InvalidURL: Invalid non-printable ASCII character in URL, '\n' at position 84.
2026-04-27 14:13:34 | INFO     | live_articles:search_articles:289 - Source 0 returned 0 articles (Total in source: 0)
2026-04-27 14:13:34 | INFO     | live_articles:search_articles:289 - Source 1 returned 0 articles (Total in source: 0)
2026-04-27 14:13:34 | INFO     | live_articles:search_articles:293 - Wikipedia returned 0 articles
2026-04-27 14:13:34 | INFO     | model_manager:generate:715 - ModelManager: Trying Groq (Tier 1) [key …9pzhKT]
2026-04-27 14:13:36 | INFO     | model_manager:generate:742 - ModelManager: ✅ Groq succeeded (5573 chars)
2026-04-27 14:13:36 | INFO     | llm_engine:generate_hybrid_answer:227 - LLM: Hybrid generation via Groq
2026-04-27 14:13:52 | ERROR    | __main__:validation_exception_handler:87 - 422 Validation Error at /api/v1/tts: [{'type': 'string_too_long', 'loc': ('body', 'text'), 'msg': 'String should have at most 5000 characters', 'input': 'Definition / Introduction\n\nCell pores, also known as transmembrane channels or porins, are small openings or channels in the cell membrane that allow the passage of molecules, ions, or water across the cell membrane. They play a crucial role in maintaining cellular homeostasis, regulating the movement of substances in and out of the cell, and facilitating various cellular processes.\n\nCore Concept Explanation\n\nCell pores can be broadly classified into two categories:\n\n- Selective pores: These pores are highly specific and allow the passage of only certain molecules or ions, while restricting the movement of others. Examples include aquaporins, which facilitate water transport across the cell membrane.\n- Non-selective pores: These pores allow the passage of a wide range of molecules or ions, without any specificity. Examples include ion channels, which regulate the movement of ions across the cell membrane.\n\nMechanism / Process (step-wise)\n\nThe process of cell pore-mediated transport involves the following steps:\n\n1. Binding of molecules: Molecules or ions bind to the pore, either through electrostatic interactions or hydrophobic interactions.\n2. Conformational change: The pore undergoes a conformational change, allowing the bound molecule to pass through the pore.\n3. Transport across the membrane: The molecule or ion is transported across the cell membrane, either through the pore or through a nearby channel.\n4. Release of molecules: The molecule or ion is released on the other side of the membrane, either into the cytosol or into the extracellular space.\n\nKey Components / Factors\n\n- Pore structure: The structure of the pore, including its size, shape, and composition, determines its selectivity and transport properties.\n- Pore density: The density of pores in the cell membrane affects the rate of transport across the membrane.\n- Pore regulation: Pores can be regulated by various mechanisms, including phosphorylation, ubiquitination, and binding of regulatory proteins.\n\nApplications / Importance\n\n- Cellular homeostasis: Cell pores play a crucial role in maintaining cellular homeostasis by regulating the movement of substances in and out of the cell.\n- Disease mechanisms: Abnormalities in cell pore function have been implicated in various diseases, including cancer, diabetes, and neurodegenerative disorders.\n- Drug delivery: Cell pores can be targeted for drug delivery, allowing for the selective uptake of therapeutic molecules by cells.\n\nLimitations\n\n- Selectivity: Cell pores can be non-selective, allowing the passage of unwanted molecules or ions.\n- Regulation: Pores can be difficult to regulate, leading to uncontrolled transport across the membrane.\n- Toxicity: Abnormalities in pore function can lead to cellular toxicity and disease.\n\nConclusion / Summary\n\nCell pores are essential components of the cell membrane, regulating the movement of substances in and out of the cell. Understanding the structure, function, and regulation of cell pores is crucial for understanding various cellular processes and disease mechanisms.\n\nFlowchart / Diagram Representation (Textual)\n\n```\n                                      +---------------+\n                                        Cell Membrane  \n                                      +---------------+\n                                             \n                                             \n                                             v\n                                      +---------------+\n                                        Pore Structure  \n                                        (size, shape,    \n                                         composition)    \n                                      +---------------+\n                                             \n                                             \n                                             v\n                                      +---------------+\n                                        Pore Density    \n                                        (number of pores)\n                                      +---------------+\n                                             \n                                             \n                                             v\n                                      +---------------+\n                                        Pore Regulation  \n                                        (phosphorylation,  \n                                         ubiquitination,  \n                                         binding of regulatory\n                                         proteins)        \n                                      +---------------+\n                                             \n                                             \n                                             v\n                                      +---------------+\n                                        Transport Across  \n                                        the Membrane     \n                                      +---------------+\n                                             \n                                             \n                                             v\n                                      +---------------+\n                                        Release of Molecules\n                                        (into cytosol or  \n                                         extracellular space)\n                                      +---------------+\n```', 'ctx': {'max_length': 5000}}]
2026-04-27 14:13:52 | ERROR    | __main__:validation_exception_handler:88 - Body: b'{"text":"Definition / Introduction\\n\\nCell pores, also known as transmembrane channels or porins, are small openings or channels in the cell membrane that allow the passage of molecules, ions, or water across the cell membrane. They play a crucial role in maintaining cellular homeostasis, regulating the movement of substances in and out of the cell, and facilitating various cellular processes.\\n\\nCore Concept Explanation\\n\\nCell pores can be broadly classified into two categories:\\n\\n- Selective pores: These pores are highly specific and allow the passage of only certain molecules or ions, while restricting the movement of others. Examples include aquaporins, which facilitate water transport across the cell membrane.\\n- Non-selective pores: These pores allow the passage of a wide range of molecules or ions, without any specificity. Examples include ion channels, which regulate the movement of ions across the cell membrane.\\n\\nMechanism / Process (step-wise)\\n\\nThe process of cell pore-mediated transport involves the following steps:\\n\\n1. Binding of molecules: Molecules or ions bind to the pore, either through electrostatic interactions or hydrophobic interactions.\\n2. Conformational change: The pore undergoes a conformational change, allowing the bound molecule to pass through the pore.\\n3. Transport across the membrane: The molecule or ion is transported across the cell membrane, either through the pore or through a nearby channel.\\n4. Release of molecules: The molecule or ion is released on the other side of the membrane, either into the cytosol or into the extracellular space.\\n\\nKey Components / Factors\\n\\n- Pore structure: The structure of the pore, including its size, shape, and composition, determines its selectivity and transport properties.\\n- Pore density: The density of pores in the cell membrane affects the rate of transport across the membrane.\\n- Pore regulation: Pores can be regulated by various mechanisms, including phosphorylation, ubiquitination, and binding of regulatory proteins.\\n\\nApplications / Importance\\n\\n- Cellular homeostasis: Cell pores play a crucial role in maintaining cellular homeostasis by regulating the movement of substances in and out of the cell.\\n- Disease mechanisms: Abnormalities in cell pore function have been implicated in various diseases, including cancer, diabetes, and neurodegenerative disorders.\\n- Drug delivery: Cell pores can be targeted for drug delivery, allowing for the selective uptake of therapeutic molecules by cells.\\n\\nLimitations\\n\\n- Selectivity: Cell pores can be non-selective, allowing the passage of unwanted molecules or ions.\\n- Regulation: Pores can be difficult to regulate, leading to uncontrolled transport across the membrane.\\n- Toxicity: Abnormalities in pore function can lead to cellular toxicity and disease.\\n\\nConclusion / Summary\\n\\nCell pores are essential components of the cell membrane, regulating the movement of substances in and out of the cell. Understanding the structure, function, and regulation of cell pores is crucial for understanding various cellular processes and disease mechanisms.\\n\\nFlowchart / Diagram Representation (Textual)\\n\\n```\\n                                      +---------------+\\n                                        Cell Membrane  \\n                                      +---------------+\\n                                             \\n                                             \\n                                             v\\n                                      +---------------+\\n                                        Pore Structure  \\n                                        (size, shape,    \\n                                         composition)    \\n                                      +---------------+\\n                                             \\n                                             \\n                                             v\\n                                      +---------------+\\n                                        Pore Density    \\n                                        (number of pores)\\n                                      +---------------+\\n                                             \\n                                             \\n                                             v\\n                                      +---------------+\\n                                        Pore Regulation  \\n                                        (phosphorylation,  \\n                                         ubiquitination,  \\n                                         binding of regulatory\\n                                         proteins)        \\n                                      +---------------+\\n                                             \\n                                             \\n                                             v\\n                                      +---------------+\\n                                        Transport Across  \\n                                        the Membrane     \\n                                      +---------------+\\n                                             \\n                                             \\n                                             v\\n                                      +---------------+\\n                                        Release of Molecules\\n                                        (into cytosol or  \\n                                         extracellular space)\\n                                      +---------------+\\n```","voice_style":"professor","mode":"Expert","speed":1.0}'
2026-04-27 14:15:28 | INFO     | live_articles:fetch_trending:320 - Fetching trending for topics: ['CRISPR gene editing', 'dark matter detection', 'nanomaterials']
2026-04-27 14:15:28 | INFO     | live_articles:fetch_trending:324 - Trending: Starting parallel fetch for topics...
2026-04-27 14:15:28 | INFO     | live_articles:fetch_pubmed:106 - PubMed: Searching for 'dark matter detection' (retmax=10)
2026-04-27 14:15:28 | INFO     | live_articles:fetch_pubmed:106 - PubMed: Searching for 'nanomaterials' (retmax=10)
2026-04-27 14:15:30 | INFO     | live_articles:fetch_pubmed:124 - PubMed search returned 10 IDs (Total: 435158)
2026-04-27 14:15:30 | INFO     | live_articles:fetch_pubmed:124 - PubMed search returned 10 IDs (Total: 1047)
2026-04-27 14:15:30 | WARNING  | live_articles:fetch_pubmed:136 - PubMed efetch hit 429 Rate Limit. Retrying after 2s...
2026-04-27 14:15:32 | INFO     | live_articles:fetch_pubmed:180 - PubMed: Successfully parsed 10 articles.
2026-04-27 14:15:33 | INFO     | live_articles:fetch_pubmed:180 - PubMed: Successfully parsed 10 articles.
2026-04-27 14:15:33 | INFO     | live_articles:fetch_trending:340 - Trending: Total fetched 45 articles.
2026-04-27 14:15:39 | INFO     | __main__:ask_question:215 - Question: Extract 4 brief key bullet points for the article titled 'Proteomic mapping of Rosa damascena nanovesicles reveals plastid mitochondrial metabolic convergence and antimicrobial peptides.'. | Hybrid: False | Book: None
2026-04-27 14:15:39 | INFO     | model_manager:generate:691 - ModelManager: Auto-classified as 'speed'
2026-04-27 14:15:39 | INFO     | model_manager:generate:715 - ModelManager: Trying Groq (Tier 1) [key …Q27Y0X]
2026-04-27 14:15:41 | INFO     | model_manager:generate:742 - ModelManager: ✅ Groq succeeded (1545 chars)
2026-04-27 14:15:41 | INFO     | llm_engine:generate_llm_only:156 - LLM: Pure generation via Groq
2026-04-27 14:15:58 | INFO     | controller_prompt:classify:129 - Controller: Cache hit for 'cell cycle...'
2026-04-27 14:16:01 | INFO     | __main__:ask_question:215 - Question: cell cycle | Hybrid: False | Book: None
2026-04-27 14:16:01 | INFO     | model_manager:generate:691 - ModelManager: Auto-classified as 'speed'
2026-04-27 14:16:01 | INFO     | model_manager:generate:715 - ModelManager: Trying Groq (Tier 1) [key …DURcU2]
2026-04-27 14:16:04 | INFO     | model_manager:generate:742 - ModelManager: ✅ Groq succeeded (4924 chars)
2026-04-27 14:16:04 | INFO     | llm_engine:generate_llm_only:156 - LLM: Pure generation via Groq
2026-04-27 14:18:41 | INFO     | __main__:ask_question:215 - Question: stratergy for cell biology | Hybrid: True | Book: 890155e0-8823-4ff4-8833-5551f38c900c
2026-04-27 14:18:41 | INFO     | faiss_store:search:199 - FAISS Search: query='stratergy for cell biology...', search_k=945, ntotal=945
2026-04-27 14:18:41 | INFO     | faiss_store:search:227 - FAISS Search: Matches for book_id=890155e0-8823-4ff4-8833-5551f38c900c: 12
2026-04-27 14:18:41 | INFO     | model_manager:generate:715 - ModelManager: Trying Qwen (OpenRouter) (Tier 3) [key …26dc10]
2026-04-27 14:18:48 | INFO     | model_manager:generate:742 - ModelManager: ✅ Qwen (OpenRouter) succeeded (1210 chars)
2026-04-27 14:18:48 | INFO     | llm_engine:generate_book_answer:253 - LLM: Book generation via Qwen (OpenRouter)
2026-04-27 14:18:52 | INFO     | __main__:text_to_speech:486 - TTS: Processing 1210 chars, style=professor, mode=Library
2026-04-27 14:18:52 | INFO     | model_manager:generate:715 - ModelManager: Trying Groq (Tier 1) [key …l8NUH9]
2026-04-27 14:18:53 | INFO     | model_manager:generate:742 - ModelManager: ✅ Groq succeeded (1219 chars)
2026-04-27 14:18:53 | INFO     | tts_text_processor:optimize_for_speech:270 - TTS: Text optimized via Groq (1202 → 1219 chars)
2026-04-27 14:18:53 | INFO     | tts_engine:generate_stream:445 - TTS: Streaming 8 chunks...
2026-04-27 14:19:03 | INFO     | tts_engine:_kyutai_generate:220 - TTS: Kyutai generated 169004 bytes (professor)
2026-04-27 14:19:22 | INFO     | tts_engine:_kyutai_generate:220 - TTS: Kyutai generated 514604 bytes (professor)
2026-04-27 14:19:22 | INFO     | tts_engine:_kyutai_generate:220 - TTS: Kyutai generated 495404 bytes (professor)
2026-04-27 14:19:26 | INFO     | tts_engine:_kyutai_generate:220 - TTS: Kyutai generated 556844 bytes (professor)
2026-04-27 14:19:39 | INFO     | tts_engine:_kyutai_generate:220 - TTS: Kyutai generated 529964 bytes (professor)
2026-04-27 14:19:39 | INFO     | tts_engine:_kyutai_generate:220 - TTS: Kyutai generated 299564 bytes (professor)
2026-04-27 14:19:41 | INFO     | tts_engine:_kyutai_generate:220 - TTS: Kyutai generated 361004 bytes (professor)
2026-04-27 14:19:47 | INFO     | tts_engine:_kyutai_generate:220 - TTS: Kyutai generated 457004 bytes (professor)
2026-04-27 14:20:23 | INFO     | model_manager:generate:715 - ModelManager: Trying Qwen (OpenRouter) (Tier 3) [key …374ee2]
2026-04-27 14:20:58 | INFO     | model_manager:generate:742 - ModelManager: ✅ Qwen (OpenRouter) succeeded (4525 chars)
2026-04-27 14:20:58 | INFO     | llm_engine:generate_questions:413 - LLM: Question generation via Qwen (OpenRouter)
2026-04-27 14:22:16 | INFO     | model_manager:generate:715 - ModelManager: Trying Groq (Tier 1) [key …1ls9p2]
2026-04-27 14:22:17 | INFO     | model_manager:generate:742 - ModelManager: ✅ Groq succeeded (1162 chars)
2026-04-27 14:22:17 | INFO     | llm_engine:evaluate_theory_answer_detailed:507 - LLM: Detailed evaluation via Groq
2026-04-27 14:23:24 | INFO     | model_manager:generate:715 - ModelManager: Trying Groq (Tier 1) [key …9pzhKT]
2026-04-27 14:23:25 | INFO     | model_manager:generate:742 - ModelManager: ✅ Groq succeeded (137 chars)
2026-04-27 14:23:25 | INFO     | controller_prompt:classify:153 - Controller: Routing via Groq
2026-04-27 14:23:27 | INFO     | model_manager:generate:715 - ModelManager: Trying Groq (Tier 1) [key …Q27Y0X]
2026-04-27 14:23:27 | INFO     | model_manager:generate:742 - ModelManager: ✅ Groq succeeded (147 chars)
2026-04-27 14:23:27 | INFO     | controller_prompt:classify:153 - Controller: Routing via Groq
2026-04-27 14:23:30 | INFO     | model_manager:generate:715 - ModelManager: Trying Qwen (OpenRouter) (Tier 3) [key …9055c5]
2026-04-27 14:24:15 | INFO     | model_manager:generate:742 - ModelManager: ✅ Qwen (OpenRouter) succeeded (3311 chars)
2026-04-27 14:24:15 | INFO     | llm_engine:generate_questions:413 - LLM: Question generation via Qwen (OpenRouter)
2026-04-27 14:25:18 | INFO     | model_manager:generate:715 - ModelManager: Trying Qwen (OpenRouter) (Tier 3) [key …baa073]
2026-04-27 14:25:55 | INFO     | model_manager:generate:742 - ModelManager: ✅ Qwen (OpenRouter) succeeded (3695 chars)
2026-04-27 14:25:55 | INFO     | llm_engine:generate_questions:413 - LLM: Question generation via Qwen (OpenRouter)
2026-04-27 14:26:07 | INFO     | __main__:text_to_speech:486 - TTS: Processing 19 chars, style=professor, mode=Quiz
2026-04-27 14:26:07 | INFO     | tts_engine:generate_stream:445 - TTS: Streaming 1 chunks...
2026-04-27 14:26:09 | INFO     | tts_engine:_kyutai_generate:220 - TTS: Kyutai generated 84524 bytes (professor)
2026-04-27 14:29:38 | INFO     | live_articles:fetch_trending:320 - Fetching trending for topics: ['CRISPR gene editing', 'graphene applications', 'neuroscience consciousness']
2026-04-27 14:29:38 | INFO     | live_articles:fetch_trending:324 - Trending: Starting parallel fetch for topics...
2026-04-27 14:29:38 | INFO     | live_articles:fetch_pubmed:106 - PubMed: Searching for 'graphene applications' (retmax=10)
2026-04-27 14:29:39 | INFO     | live_articles:fetch_pubmed:124 - PubMed search returned 10 IDs (Total: 35152)
2026-04-27 14:29:41 | INFO     | live_articles:fetch_pubmed:180 - PubMed: Successfully parsed 10 articles.
2026-04-27 14:29:41 | INFO     | live_articles:fetch_trending:340 - Trending: Total fetched 45 articles.
2026-04-27 14:29:56 | INFO     | __main__:ask_question:215 - Question: what is this  | Hybrid: True | Book: 41e75be9-9a8f-400a-8209-b77b7a77b99c
2026-04-27 14:29:56 | INFO     | faiss_store:search:199 - FAISS Search: query='what is this ...', search_k=945, ntotal=945
2026-04-27 14:29:56 | INFO     | faiss_store:search:227 - FAISS Search: Matches for book_id=41e75be9-9a8f-400a-8209-b77b7a77b99c: 0
2026-04-27 14:29:57 | INFO     | __main__:text_to_speech:486 - TTS: Processing 43 chars, style=storyteller, mode=Library
2026-04-27 14:29:57 | INFO     | tts_engine:generate_stream:428 - TTS: Cache hit (stream) for 'storyteller'
2026-04-27 14:32:34 | INFO     | __main__:ask_question:215 - Question: about this pdf | Hybrid: True | Book: bb3460d7-064b-40b1-81ef-584cc77e5b59
2026-04-27 14:32:34 | INFO     | faiss_store:ensure_loaded:52 - FAISS: Reloading index from disk (mtime changed)...
2026-04-27 14:32:34 | INFO     | faiss_store:load:87 - FAISS: Loaded 1012 vectors of type IndexIDMap2.
2026-04-27 14:32:34 | INFO     | faiss_store:search:199 - FAISS Search: query='about this pdf...', search_k=1012, ntotal=1012
2026-04-27 14:32:34 | INFO     | faiss_store:search:227 - FAISS Search: Matches for book_id=bb3460d7-064b-40b1-81ef-584cc77e5b59: 67
2026-04-27 14:32:34 | INFO     | model_manager:generate:715 - ModelManager: Trying Qwen (OpenRouter) (Tier 3) [key …020ee9]
2026-04-27 14:32:42 | ERROR    | model_manager:generate:757 - ModelManager: ❌ Qwen (OpenRouter) error: 'choices'
2026-04-27 14:32:42 | INFO     | model_manager:generate:715 - ModelManager: Trying Gemini Pro (Tier 4) [key …4NUxag]
2026-04-27 14:32:42 | WARNING  | model_manager:generate:751 - ModelManager: ⚠️ Gemini Pro: Rate limited (429)
2026-04-27 14:32:42 | INFO     | model_manager:generate:715 - ModelManager: Trying Gemini Flash (Tier 2) [key …rBrkTk]
2026-04-27 14:32:57 | INFO     | model_manager:generate:742 - ModelManager: ✅ Gemini Flash succeeded (3452 chars)
2026-04-27 14:32:57 | INFO     | llm_engine:generate_book_answer:253 - LLM: Book generation via Gemini Flash
2026-04-27 14:33:11 | INFO     | __main__:text_to_speech:486 - TTS: Processing 3388 chars, style=storyteller, mode=Library
2026-04-27 14:33:11 | INFO     | model_manager:generate:715 - ModelManager: Trying Groq (Tier 1) [key …DURcU2]
2026-04-27 14:33:12 | INFO     | model_manager:generate:742 - ModelManager: ✅ Groq succeeded (3404 chars)
2026-04-27 14:33:12 | INFO     | tts_text_processor:optimize_for_speech:270 - TTS: Text optimized via Groq (3331 → 3404 chars)
2026-04-27 14:33:12 | INFO     | tts_engine:generate_stream:445 - TTS: Streaming 25 chunks...
2026-04-27 14:33:32 | INFO     | tts_engine:_kyutai_generate:220 - TTS: Kyutai generated 364844 bytes (storyteller)
2026-04-27 14:33:40 | INFO     | tts_engine:_kyutai_generate:220 - TTS: Kyutai generated 503084 bytes (storyteller)
2026-04-27 14:33:40 | INFO     | tts_engine:_kyutai_generate:220 - TTS: Kyutai generated 514604 bytes (storyteller)
2026-04-27 14:33:43 | INFO     | tts_engine:_kyutai_generate:220 - TTS: Kyutai generated 579884 bytes (storyteller)
2026-04-27 14:33:49 | INFO     | tts_engine:_kyutai_generate:220 - TTS: Kyutai generated 357164 bytes (storyteller)
2026-04-27 14:33:56 | INFO     | tts_engine:_kyutai_generate:220 - TTS: Kyutai generated 353324 bytes (storyteller)
2026-04-27 14:33:59 | INFO     | tts_engine:_kyutai_generate:220 - TTS: Kyutai generated 418604 bytes (storyteller)
2026-04-27 14:34:00 | INFO     | tts_engine:_kyutai_generate:220 - TTS: Kyutai generated 230444 bytes (storyteller)
2026-04-27 14:34:10 | INFO     | tts_engine:_kyutai_generate:220 - TTS: Kyutai generated 576044 bytes (storyteller)
2026-04-27 14:34:14 | INFO     | tts_engine:_kyutai_generate:220 - TTS: Kyutai generated 318764 bytes (storyteller)
2026-04-27 14:34:16 | INFO     | tts_engine:_kyutai_generate:220 - TTS: Kyutai generated 433964 bytes (storyteller)
2026-04-27 14:34:18 | INFO     | tts_engine:_kyutai_generate:220 - TTS: Kyutai generated 380204 bytes (storyteller)
2026-04-27 14:34:28 | INFO     | tts_engine:_kyutai_generate:220 - TTS: Kyutai generated 387884 bytes (storyteller)
2026-04-27 14:34:29 | INFO     | tts_engine:_kyutai_generate:220 - TTS: Kyutai generated 257324 bytes (storyteller)
2026-04-27 14:34:31 | INFO     | tts_engine:_kyutai_generate:220 - TTS: Kyutai generated 372524 bytes (storyteller)
2026-04-27 14:34:42 | INFO     | tts_engine:_kyutai_generate:220 - TTS: Kyutai generated 311084 bytes (storyteller)
2026-04-27 14:34:43 | INFO     | tts_engine:_kyutai_generate:220 - TTS: Kyutai generated 572204 bytes (storyteller)
2026-04-27 14:34:45 | INFO     | tts_engine:_kyutai_generate:220 - TTS: Kyutai generated 311084 bytes (storyteller)
2026-04-27 14:34:50 | INFO     | tts_engine:_kyutai_generate:220 - TTS: Kyutai generated 491564 bytes (storyteller)
2026-04-27 14:34:55 | INFO     | tts_engine:_kyutai_generate:220 - TTS: Kyutai generated 276524 bytes (storyteller)
2026-04-27 14:34:56 | INFO     | tts_engine:_kyutai_generate:220 - TTS: Kyutai generated 261164 bytes (storyteller)
2026-04-27 14:34:59 | INFO     | tts_engine:_kyutai_generate:220 - TTS: Kyutai generated 353324 bytes (storyteller)
2026-04-27 14:35:02 | INFO     | tts_engine:_kyutai_generate:220 - TTS: Kyutai generated 218924 bytes (storyteller)
2026-04-27 14:35:03 | INFO     | tts_engine:_kyutai_generate:220 - TTS: Kyutai generated 376364 bytes (storyteller)
2026-04-27 14:35:05 | INFO     | tts_engine:_kyutai_generate:220 - TTS: Kyutai generated 445484 bytes (storyteller)
2026-04-27 14:52:50 | INFO     | model_manager:_setup_providers:445 - ModelManager: Configured providers: Groq (10 keys), Gemini Flash (5 keys), Gemini Pro (5 keys), Qwen (OpenRouter) (15 keys), OpenRouter Hub (15 keys), Mistral (1 keys), Together AI (1 keys), NVIDIA NIM (1 keys), Cohere (1 keys), Cerebras (1 keys), Hugging Face (1 keys)
2026-04-27 14:52:52 | INFO     | __main__:startup_event:104 - SciAI PRODUCTION ENGINE STARTING...
2026-04-27 14:52:52 | INFO     | cache_service:connect:26 - Redis cache connected successfully
2026-04-27 14:52:52 | INFO     | __main__:startup_event:107 - ModelManager: 11 providers configured
2026-04-27 14:52:52 | INFO     | tts_engine:initialize:333 - TTS Engine: Initializing...
2026-04-27 14:52:58 | INFO     | tts_engine:_init_kyutai:176 - TTS: Loading Kyutai Pocket-TTS model...
2026-04-27 14:53:04 | INFO     | tts_engine:_init_kyutai:178 - TTS: Kyutai model loaded (sample_rate=24000)
2026-04-27 14:53:04 | INFO     | tts_engine:_init_kyutai:185 - TTS: Loaded Kyutai catalog voice 'professor' (alba)
2026-04-27 14:53:04 | INFO     | tts_engine:_init_kyutai:185 - TTS: Loaded Kyutai catalog voice 'energetic' (cosette)
2026-04-27 14:53:04 | INFO     | tts_engine:_init_kyutai:185 - TTS: Loaded Kyutai catalog voice 'storyteller' (fantine)
2026-04-27 14:53:04 | INFO     | tts_engine:_init_kyutai:185 - TTS: Loaded Kyutai catalog voice 'formal_male' (marius)
2026-04-27 14:53:04 | INFO     | tts_engine:_init_kyutai:185 - TTS: Loaded Kyutai catalog voice 'casual_female' (eponine)
2026-04-27 14:53:04 | INFO     | tts_engine:_init_kyutai:185 - TTS: Loaded Kyutai catalog voice 'deep_male' (javert)
2026-04-27 14:53:05 | INFO     | tts_engine:_init_kyutai:185 - TTS: Loaded Kyutai catalog voice 'warm_female' (azelma)
2026-04-27 14:53:05 | INFO     | tts_engine:initialize:337 - TTS Engine: Kyutai Pocket-TTS ready (Tier 1)
2026-04-27 14:53:05 | INFO     | __main__:startup_event:111 - TTS Engine: Initialized
2026-04-27 14:54:22 | INFO     | __main__:ask_question:217 - Question: cell | Hybrid: False | Book: None
2026-04-27 14:54:22 | INFO     | model_manager:generate:701 - ModelManager: Auto-classified as 'speed'
2026-04-27 14:54:22 | INFO     | model_manager:generate:725 - ModelManager: Trying Groq (Tier 1) [key …DURcU2]
2026-04-27 14:54:25 | INFO     | model_manager:generate:752 - ModelManager: ✅ Groq succeeded (5435 chars)
2026-04-27 14:54:25 | INFO     | llm_engine:generate_llm_only:156 - LLM: Pure generation via Groq
2026-04-27 14:55:59 | INFO     | __main__:ask_question:217 - Question: cell | Hybrid: False | Book: None
2026-04-27 14:56:41 | INFO     | __main__:ask_question:217 - Question: cell | Hybrid: False | Book: None
2026-04-27 14:57:09 | INFO     | __main__:ask_question:217 - Question: cell | Hybrid: True | Book: None
2026-04-27 14:57:09 | INFO     | faiss_store:ensure_loaded:52 - FAISS: Loading index from disk (mtime changed)...
2026-04-27 14:57:09 | INFO     | faiss_store:load:87 - FAISS: Loaded 1012 vectors of type IndexIDMap2.
2026-04-27 14:57:09 | INFO     | faiss_store:get_model:15 - Loading embedding model...
2026-04-27 14:57:14 | INFO     | faiss_store:search:199 - FAISS Search: query='cell...', search_k=25, ntotal=1012
2026-04-27 14:57:14 | INFO     | faiss_store:search:227 - FAISS Search: Matches for book_id=None: 3
2026-04-27 14:57:14 | INFO     | live_articles:search_articles:244 - Article Search: 'cell' | Page: 1
2026-04-27 14:57:14 | INFO     | live_articles:search_articles:253 - Adding PubMed task for 'cell'
2026-04-27 14:57:14 | INFO     | live_articles:search_articles:256 - Adding arXiv task for 'cell'
2026-04-27 14:57:14 | INFO     | live_articles:search_articles:263 - Adding Wikipedia task for 'cell'
2026-04-27 14:57:14 | INFO     | live_articles:fetch_pubmed:106 - PubMed: Searching for 'cell' (retmax=10)
2026-04-27 14:57:15 | INFO     | live_articles:fetch_pubmed:124 - PubMed search returned 10 IDs (Total: 8955996)
2026-04-27 14:57:17 | INFO     | live_articles:fetch_pubmed:180 - PubMed: Successfully parsed 10 articles.
2026-04-27 14:57:17 | INFO     | live_articles:search_articles:289 - Source 0 returned 10 articles (Total in source: 8955996)
2026-04-27 14:57:17 | INFO     | live_articles:search_articles:289 - Source 1 returned 10 articles (Total in source: 52611)
2026-04-27 14:57:17 | INFO     | live_articles:search_articles:293 - Wikipedia returned 0 articles
2026-04-27 14:57:17 | INFO     | model_manager:generate:725 - ModelManager: Trying Groq (Tier 1) [key …l8NUH9]
2026-04-27 14:57:18 | INFO     | model_manager:generate:752 - ModelManager: ✅ Groq succeeded (3588 chars)
2026-04-27 14:57:18 | INFO     | llm_engine:generate_hybrid_answer:227 - LLM: Hybrid generation via Groq
2026-04-27 14:58:22 | INFO     | __main__:ask_question:217 - Question: cell | Hybrid: False | Book: None
2026-04-27 14:58:22 | INFO     | model_manager:generate:701 - ModelManager: Auto-classified as 'speed'
2026-04-27 14:58:22 | INFO     | model_manager:generate:725 - ModelManager: Trying Groq (Tier 1) [key …1ls9p2]
2026-04-27 14:58:23 | INFO     | model_manager:generate:752 - ModelManager: ✅ Groq succeeded (1395 chars)
2026-04-27 14:58:23 | INFO     | llm_engine:generate_llm_only:156 - LLM: Pure generation via Groq
2026-04-27 14:58:34 | INFO     | __main__:text_to_speech:489 - TTS: Processing 1395 chars, style=storyteller, mode=Exam
2026-04-27 14:58:34 | INFO     | model_manager:generate:725 - ModelManager: Trying Groq (Tier 1) [key …9pzhKT]
2026-04-27 14:58:34 | INFO     | model_manager:generate:752 - ModelManager: ✅ Groq succeeded (1304 chars)
2026-04-27 14:58:34 | INFO     | tts_text_processor:optimize_for_speech:270 - TTS: Text optimized via Groq (1395 → 1304 chars)
2026-04-27 14:58:34 | INFO     | tts_engine:generate_stream:445 - TTS: Streaming 9 chunks...
2026-04-27 14:58:51 | INFO     | tts_engine:_kyutai_generate:220 - TTS: Kyutai generated 391724 bytes (storyteller)
2026-04-27 14:58:52 | INFO     | tts_engine:_kyutai_generate:220 - TTS: Kyutai generated 410924 bytes (storyteller)
2026-04-27 14:58:53 | INFO     | tts_engine:_kyutai_generate:220 - TTS: Kyutai generated 445484 bytes (storyteller)
2026-04-27 14:58:55 | INFO     | tts_engine:_kyutai_generate:220 - TTS: Kyutai generated 483884 bytes (storyteller)
2026-04-27 14:59:11 | INFO     | tts_engine:_kyutai_generate:220 - TTS: Kyutai generated 433964 bytes (storyteller)
2026-04-27 14:59:11 | INFO     | tts_engine:_kyutai_generate:220 - TTS: Kyutai generated 391724 bytes (storyteller)
2026-04-27 14:59:12 | INFO     | tts_engine:_kyutai_generate:220 - TTS: Kyutai generated 483884 bytes (storyteller)
2026-04-27 14:59:15 | INFO     | tts_engine:_kyutai_generate:220 - TTS: Kyutai generated 487724 bytes (storyteller)
2026-04-27 14:59:17 | INFO     | tts_engine:_kyutai_generate:220 - TTS: Kyutai generated 291884 bytes (storyteller)
2026-04-27 15:01:07 | INFO     | __main__:ask_question:217 - Question: cell | Hybrid: False | Book: None
2026-04-27 15:01:54 | INFO     | __main__:ask_question:217 - Question: cell | Hybrid: False | Book: None
2026-04-27 15:01:59 | INFO     | __main__:text_to_speech:489 - TTS: Processing 1395 chars, style=storyteller, mode=Expert
2026-04-27 15:01:59 | INFO     | model_manager:generate:725 - ModelManager: Trying Groq (Tier 1) [key …Q27Y0X]
2026-04-27 15:02:00 | INFO     | model_manager:generate:752 - ModelManager: ✅ Groq succeeded (1379 chars)
2026-04-27 15:02:00 | INFO     | tts_text_processor:optimize_for_speech:270 - TTS: Text optimized via Groq (1395 → 1379 chars)
2026-04-27 15:02:00 | INFO     | tts_engine:generate_stream:445 - TTS: Streaming 9 chunks...
2026-04-27 15:02:17 | INFO     | tts_engine:_kyutai_generate:220 - TTS: Kyutai generated 384044 bytes (storyteller)
2026-04-27 15:02:17 | INFO     | tts_engine:_kyutai_generate:220 - TTS: Kyutai generated 380204 bytes (storyteller)
2026-04-27 15:02:18 | INFO     | tts_engine:_kyutai_generate:220 - TTS: Kyutai generated 410924 bytes (storyteller)
2026-04-27 15:02:21 | INFO     | tts_engine:_kyutai_generate:220 - TTS: Kyutai generated 468524 bytes (storyteller)
2026-04-27 15:02:38 | INFO     | tts_engine:_kyutai_generate:220 - TTS: Kyutai generated 441644 bytes (storyteller)
2026-04-27 15:02:40 | INFO     | tts_engine:_kyutai_generate:220 - TTS: Kyutai generated 506924 bytes (storyteller)
2026-04-27 15:02:41 | INFO     | tts_engine:_kyutai_generate:220 - TTS: Kyutai generated 480044 bytes (storyteller)
2026-04-27 15:02:43 | INFO     | tts_engine:_kyutai_generate:220 - TTS: Kyutai generated 629804 bytes (storyteller)
2026-04-27 15:02:45 | INFO     | tts_engine:_kyutai_generate:220 - TTS: Kyutai generated 322604 bytes (storyteller)
2026-04-27 15:04:07 | INFO     | __main__:ask_question:217 - Question: cell | Hybrid: True | Book: None
2026-04-27 15:04:07 | INFO     | faiss_store:search:199 - FAISS Search: query='cell...', search_k=25, ntotal=1012
2026-04-27 15:04:07 | INFO     | faiss_store:search:227 - FAISS Search: Matches for book_id=None: 6
2026-04-27 15:04:07 | INFO     | live_articles:search_articles:244 - Article Search: 'cell' | Page: 1
2026-04-27 15:04:07 | INFO     | live_articles:search_articles:253 - Adding PubMed task for 'cell'
2026-04-27 15:04:07 | INFO     | live_articles:search_articles:256 - Adding arXiv task for 'cell'
2026-04-27 15:04:07 | INFO     | live_articles:search_articles:263 - Adding Wikipedia task for 'cell'
2026-04-27 15:04:07 | INFO     | live_articles:search_articles:289 - Source 0 returned 10 articles (Total in source: 8955996)
2026-04-27 15:04:07 | INFO     | live_articles:search_articles:289 - Source 1 returned 10 articles (Total in source: 52611)
2026-04-27 15:04:07 | INFO     | live_articles:search_articles:293 - Wikipedia returned 0 articles
2026-04-27 15:04:07 | INFO     | model_manager:generate:725 - ModelManager: Trying Groq (Tier 1) [key …46sRvF]
2026-04-27 15:04:09 | INFO     | model_manager:generate:752 - ModelManager: ✅ Groq succeeded (5983 chars)
2026-04-27 15:04:09 | INFO     | llm_engine:generate_hybrid_answer:227 - LLM: Hybrid generation via Groq
2026-04-27 15:04:37 | INFO     | __main__:ask_question:217 - Question: cell | Hybrid: True | Book: None
2026-04-27 15:05:52 | INFO     | __main__:ask_question:217 - Question: cell | Hybrid: True | Book: None
2026-04-27 15:10:53 | INFO     | __main__:ask_question:217 - Question: cell | Hybrid: False | Book: None
2026-04-27 15:10:53 | INFO     | model_manager:generate:701 - ModelManager: Auto-classified as 'speed'
2026-04-27 15:10:53 | INFO     | model_manager:generate:725 - ModelManager: Trying Groq (Tier 1) [key …gziTsp]
2026-04-27 15:10:54 | INFO     | model_manager:generate:752 - ModelManager: ✅ Groq succeeded (1832 chars)
2026-04-27 15:10:54 | INFO     | llm_engine:generate_llm_only:156 - LLM: Pure generation via Groq
2026-04-27 15:11:39 | INFO     | __main__:ask_question:217 - Question: cell | Hybrid: False | Book: None
2026-04-27 15:15:13 | INFO     | model_manager:generate:725 - ModelManager: Trying Groq (Tier 1) [key …zJwWLp]
2026-04-27 15:15:14 | INFO     | model_manager:generate:752 - ModelManager: ✅ Groq succeeded (166 chars)
2026-04-27 15:15:15 | INFO     | live_articles:fetch_trending:320 - Fetching trending for topics: ['protein folding', 'CRISPR gene editing', 'graphene applications']
2026-04-27 15:15:15 | INFO     | live_articles:fetch_trending:324 - Trending: Starting parallel fetch for topics...
2026-04-27 15:15:15 | INFO     | live_articles:fetch_pubmed:106 - PubMed: Searching for 'protein folding' (retmax=10)
2026-04-27 15:15:15 | INFO     | live_articles:fetch_pubmed:106 - PubMed: Searching for 'CRISPR gene editing' (retmax=10)
2026-04-27 15:15:15 | INFO     | live_articles:search_articles:244 - Article Search: 'SciNTicin' | Page: 1
2026-04-27 15:15:15 | INFO     | live_articles:search_articles:253 - Adding PubMed task for 'SciNTicin'
2026-04-27 15:15:15 | INFO     | live_articles:search_articles:256 - Adding arXiv task for 'SciNTicin'
2026-04-27 15:15:15 | INFO     | live_articles:search_articles:263 - Adding Wikipedia task for 'SciNTicin'
2026-04-27 15:15:15 | INFO     | live_articles:fetch_pubmed:106 - PubMed: Searching for 'SciNTicin' (retmax=10)
2026-04-27 15:15:16 | INFO     | live_articles:fetch_pubmed:124 - PubMed search returned 0 IDs (Total: 0)
2026-04-27 15:15:16 | INFO     | live_articles:fetch_pubmed:124 - PubMed search returned 10 IDs (Total: 98879)
2026-04-27 15:15:16 | INFO     | live_articles:fetch_pubmed:124 - PubMed search returned 10 IDs (Total: 24216)
2026-04-27 15:15:17 | WARNING  | live_articles:fetch_pubmed:136 - PubMed efetch hit 429 Rate Limit. Retrying after 2s...
2026-04-27 15:15:18 | INFO     | live_articles:fetch_pubmed:180 - PubMed: Successfully parsed 10 articles.
2026-04-27 15:15:20 | INFO     | live_articles:fetch_pubmed:180 - PubMed: Successfully parsed 10 articles.
2026-04-27 15:15:28 | INFO     | live_articles:search_articles:244 - Article Search: 'scnt' | Page: 1
2026-04-27 15:15:28 | INFO     | live_articles:search_articles:253 - Adding PubMed task for 'scnt'
2026-04-27 15:15:28 | INFO     | live_articles:search_articles:256 - Adding arXiv task for 'scnt'
2026-04-27 15:15:28 | INFO     | live_articles:search_articles:263 - Adding Wikipedia task for 'scnt'
2026-04-27 15:15:28 | INFO     | live_articles:fetch_pubmed:106 - PubMed: Searching for 'scnt' (retmax=10)
2026-04-27 15:15:30 | ERROR    | live_articles:fetch_arxiv:238 - arXiv API error: 
2026-04-27 15:15:30 | ERROR    | live_articles:fetch_arxiv:238 - arXiv API error: 
2026-04-27 15:15:30 | INFO     | live_articles:search_articles:289 - Source 0 returned 0 articles (Total in source: 0)
2026-04-27 15:15:30 | INFO     | live_articles:search_articles:289 - Source 1 returned 0 articles (Total in source: 0)
2026-04-27 15:15:30 | INFO     | live_articles:search_articles:293 - Wikipedia returned 0 articles
2026-04-27 15:15:30 | INFO     | live_articles:fetch_trending:340 - Trending: Total fetched 35 articles.
2026-04-27 15:15:30 | INFO     | live_articles:fetch_pubmed:124 - PubMed search returned 10 IDs (Total: 1869)
2026-04-27 15:15:31 | INFO     | live_articles:fetch_pubmed:180 - PubMed: Successfully parsed 10 articles.
2026-04-27 15:15:32 | INFO     | live_articles:search_articles:244 - Article Search: 'scnt' | Page: 1
2026-04-27 15:15:32 | INFO     | live_articles:search_articles:253 - Adding PubMed task for 'scnt'
2026-04-27 15:15:32 | INFO     | live_articles:search_articles:256 - Adding arXiv task for 'scnt'
2026-04-27 15:15:32 | INFO     | live_articles:search_articles:263 - Adding Wikipedia task for 'scnt'
2026-04-27 15:15:43 | ERROR    | live_articles:fetch_arxiv:238 - arXiv API error: 
2026-04-27 15:15:43 | INFO     | live_articles:search_articles:289 - Source 0 returned 10 articles (Total in source: 1869)
2026-04-27 15:15:43 | INFO     | live_articles:search_articles:289 - Source 1 returned 0 articles (Total in source: 0)
2026-04-27 15:15:43 | INFO     | live_articles:search_articles:293 - Wikipedia returned 0 articles
2026-04-27 15:15:47 | ERROR    | live_articles:fetch_arxiv:238 - arXiv API error: 
2026-04-27 15:15:47 | INFO     | live_articles:search_articles:289 - Source 0 returned 10 articles (Total in source: 1869)
2026-04-27 15:15:47 | INFO     | live_articles:search_articles:289 - Source 1 returned 0 articles (Total in source: 0)
2026-04-27 15:15:47 | INFO     | live_articles:search_articles:293 - Wikipedia returned 0 articles
2026-04-27 15:15:52 | INFO     | live_articles:search_articles:244 - Article Search: 'scnt' | Page: 2
2026-04-27 15:15:52 | INFO     | live_articles:search_articles:253 - Adding PubMed task for 'scnt'
2026-04-27 15:15:52 | INFO     | live_articles:search_articles:256 - Adding arXiv task for 'scnt'
2026-04-27 15:15:52 | INFO     | live_articles:fetch_pubmed:106 - PubMed: Searching for 'scnt' (retmax=10)
2026-04-27 15:15:53 | INFO     | live_articles:fetch_pubmed:124 - PubMed search returned 10 IDs (Total: 1869)
2026-04-27 15:15:55 | INFO     | live_articles:fetch_pubmed:180 - PubMed: Successfully parsed 10 articles.
2026-04-27 15:15:55 | INFO     | live_articles:search_articles:289 - Source 0 returned 10 articles (Total in source: 1869)
2026-04-27 15:15:55 | INFO     | live_articles:search_articles:289 - Source 1 returned 0 articles (Total in source: 0)
2026-04-27 15:16:06 | INFO     | __main__:ask_question:217 - Question: Extract 4 brief key bullet points for the article titled 'Accelerated mutator phenotype in a clinical Aspergillus fumigatus isolate contributes to adaptive evolution.'. | Hybrid: False | Book: None
2026-04-27 15:16:06 | INFO     | model_manager:generate:701 - ModelManager: Auto-classified as 'speed'
2026-04-27 15:16:06 | INFO     | model_manager:generate:725 - ModelManager: Trying Groq (Tier 1) [key …YsNFU0]
2026-04-27 15:16:07 | INFO     | model_manager:generate:752 - ModelManager: ✅ Groq succeeded (672 chars)
2026-04-27 15:16:07 | INFO     | llm_engine:generate_llm_only:156 - LLM: Pure generation via Groq
2026-04-27 15:16:13 | INFO     | live_articles:search_articles:244 - Article Search: 'SciNTicin' | Page: 1
2026-04-27 15:16:13 | INFO     | live_articles:search_articles:253 - Adding PubMed task for 'SciNTicin'
2026-04-27 15:16:13 | INFO     | live_articles:search_articles:256 - Adding arXiv task for 'SciNTicin'
2026-04-27 15:16:13 | INFO     | live_articles:search_articles:263 - Adding Wikipedia task for 'SciNTicin'
2026-04-27 15:16:13 | INFO     | live_articles:fetch_pubmed:106 - PubMed: Searching for 'SciNTicin' (retmax=10)
2026-04-27 15:16:14 | INFO     | live_articles:fetch_pubmed:124 - PubMed search returned 0 IDs (Total: 0)
2026-04-27 15:16:14 | INFO     | live_articles:search_articles:289 - Source 0 returned 0 articles (Total in source: 0)
2026-04-27 15:16:14 | INFO     | live_articles:search_articles:289 - Source 1 returned 0 articles (Total in source: 0)
2026-04-27 15:16:14 | INFO     | live_articles:search_articles:293 - Wikipedia returned 0 articles
2026-04-27 15:16:16 | INFO     | __main__:ask_question:217 - Question: cell | Hybrid: False | Book: None
2026-04-27 15:16:16 | INFO     | model_manager:generate:701 - ModelManager: Auto-classified as 'speed'
2026-04-27 15:16:16 | INFO     | model_manager:generate:725 - ModelManager: Trying Groq (Tier 1) [key …l1coCr]
2026-04-27 15:16:18 | INFO     | model_manager:generate:752 - ModelManager: ✅ Groq succeeded (4428 chars)
2026-04-27 15:16:18 | INFO     | llm_engine:generate_llm_only:156 - LLM: Pure generation via Groq
2026-04-27 15:16:36 | INFO     | model_manager:generate:725 - ModelManager: Trying Groq (Tier 1) [key …DURcU2]
2026-04-27 15:16:36 | INFO     | model_manager:generate:752 - ModelManager: ✅ Groq succeeded (146 chars)
2026-04-27 15:16:36 | INFO     | controller_prompt:classify:153 - Controller: Routing via Groq
2026-04-27 15:16:43 | INFO     | __main__:ask_question:217 - Question: cell membrane | Hybrid: False | Book: None
2026-04-27 15:16:43 | INFO     | model_manager:generate:701 - ModelManager: Auto-classified as 'speed'
2026-04-27 15:16:43 | INFO     | model_manager:generate:725 - ModelManager: Trying Groq (Tier 1) [key …l8NUH9]
2026-04-27 15:16:45 | INFO     | model_manager:generate:752 - ModelManager: ✅ Groq succeeded (2578 chars)
2026-04-27 15:16:45 | INFO     | llm_engine:generate_llm_only:156 - LLM: Pure generation via Groq
2026-04-27 15:16:54 | INFO     | __main__:text_to_speech:489 - TTS: Processing 2578 chars, style=storyteller, mode=Concept
2026-04-27 15:16:54 | INFO     | model_manager:generate:725 - ModelManager: Trying Groq (Tier 1) [key …1ls9p2]
2026-04-27 15:16:55 | INFO     | model_manager:generate:752 - ModelManager: ✅ Groq succeeded (1794 chars)
2026-04-27 15:16:55 | INFO     | tts_text_processor:optimize_for_speech:270 - TTS: Text optimized via Groq (2578 → 1794 chars)
2026-04-27 15:16:55 | INFO     | tts_engine:generate_stream:445 - TTS: Streaming 12 chunks...
2026-04-27 15:17:08 | INFO     | tts_engine:_kyutai_generate:220 - TTS: Kyutai generated 238124 bytes (storyteller)
2026-04-27 15:17:17 | INFO     | tts_engine:_kyutai_generate:220 - TTS: Kyutai generated 437804 bytes (storyteller)
2026-04-27 15:17:18 | INFO     | tts_engine:_kyutai_generate:220 - TTS: Kyutai generated 464684 bytes (storyteller)
2026-04-27 15:17:19 | INFO     | tts_engine:_kyutai_generate:220 - TTS: Kyutai generated 238124 bytes (storyteller)
2026-04-27 15:17:20 | INFO     | tts_engine:_kyutai_generate:220 - TTS: Kyutai generated 487724 bytes (storyteller)
2026-04-27 15:17:34 | INFO     | tts_engine:_kyutai_generate:220 - TTS: Kyutai generated 345644 bytes (storyteller)
2026-04-27 15:17:38 | INFO     | tts_engine:_kyutai_generate:220 - TTS: Kyutai generated 476204 bytes (storyteller)
2026-04-27 15:17:40 | INFO     | tts_engine:_kyutai_generate:220 - TTS: Kyutai generated 449324 bytes (storyteller)
2026-04-27 15:17:41 | INFO     | tts_engine:_kyutai_generate:220 - TTS: Kyutai generated 514604 bytes (storyteller)
2026-04-27 15:17:50 | INFO     | tts_engine:_kyutai_generate:220 - TTS: Kyutai generated 334124 bytes (storyteller)
2026-04-27 15:17:52 | INFO     | tts_engine:_kyutai_generate:220 - TTS: Kyutai generated 487724 bytes (storyteller)
2026-04-27 15:17:52 | INFO     | tts_engine:_kyutai_generate:220 - TTS: Kyutai generated 380204 bytes (storyteller)
2026-04-27 15:18:41 | INFO     | __main__:ask_question:217 - Question: cell membrane | Hybrid: False | Book: None
2026-04-27 15:18:41 | ERROR    | __main__:validation_exception_handler:87 - 422 Validation Error at /api/v1/route: [{'type': 'string_too_short', 'loc': ('body', 'query'), 'msg': 'String should have at least 1 character', 'input': '', 'ctx': {'min_length': 1}}]
2026-04-27 15:18:41 | ERROR    | __main__:validation_exception_handler:88 - Body: b'{"query":""}'
2026-04-27 15:19:44 | INFO     | faiss_store:save:74 - FAISS: Saved 945 vectors.
2026-04-27 15:19:44 | INFO     | faiss_store:remove_document:174 - FAISS: Removed 67 chunks for book_id=bb3460d7-064b-40b1-81ef-584cc77e5b59 (Fast Rebuild)
2026-04-27 15:19:56 | INFO     | __main__:ask_question:217 - Question: cell | Hybrid: True | Book: None
2026-04-27 15:19:56 | INFO     | faiss_store:search:199 - FAISS Search: query='cell...', search_k=25, ntotal=945
2026-04-27 15:19:56 | INFO     | faiss_store:search:227 - FAISS Search: Matches for book_id=None: 0
2026-04-27 15:19:56 | INFO     | live_articles:search_articles:244 - Article Search: 'cell' | Page: 1
2026-04-27 15:19:56 | INFO     | live_articles:search_articles:253 - Adding PubMed task for 'cell'
2026-04-27 15:19:56 | INFO     | live_articles:search_articles:256 - Adding arXiv task for 'cell'
2026-04-27 15:19:56 | INFO     | live_articles:search_articles:263 - Adding Wikipedia task for 'cell'
2026-04-27 15:19:57 | INFO     | live_articles:search_articles:289 - Source 0 returned 10 articles (Total in source: 8955996)
2026-04-27 15:19:57 | INFO     | live_articles:search_articles:289 - Source 1 returned 10 articles (Total in source: 52611)
2026-04-27 15:19:57 | INFO     | live_articles:search_articles:293 - Wikipedia returned 0 articles
2026-04-27 15:19:57 | INFO     | model_manager:generate:725 - ModelManager: Trying Groq (Tier 1) [key …9pzhKT]
2026-04-27 15:19:58 | INFO     | model_manager:generate:752 - ModelManager: ✅ Groq succeeded (4388 chars)
2026-04-27 15:19:58 | INFO     | llm_engine:generate_hybrid_answer:227 - LLM: Hybrid generation via Groq
2026-04-27 15:24:48 | INFO     | __main__:ask_question:217 - Question: cell | Hybrid: True | Book: None
2026-04-27 15:36:20 | INFO     | model_manager:_setup_providers:445 - ModelManager: Configured providers: Groq (10 keys), Gemini Flash (5 keys), Gemini Pro (5 keys), Qwen (OpenRouter) (15 keys), OpenRouter Hub (15 keys), Mistral (1 keys), Together AI (1 keys), NVIDIA NIM (1 keys), Cohere (1 keys), Cerebras (1 keys), Hugging Face (1 keys)
2026-04-27 15:36:22 | INFO     | __main__:startup_event:104 - SciAI PRODUCTION ENGINE STARTING...
2026-04-27 15:36:22 | INFO     | cache_service:connect:26 - Redis cache connected successfully
2026-04-27 15:36:22 | INFO     | __main__:startup_event:107 - ModelManager: 11 providers configured
2026-04-27 15:36:22 | INFO     | tts_engine:initialize:333 - TTS Engine: Initializing...
2026-04-27 15:36:24 | INFO     | tts_engine:_init_kyutai:176 - TTS: Loading Kyutai Pocket-TTS model...
2026-04-27 15:36:29 | INFO     | tts_engine:_init_kyutai:178 - TTS: Kyutai model loaded (sample_rate=24000)
2026-04-27 15:36:29 | INFO     | tts_engine:_init_kyutai:185 - TTS: Loaded Kyutai catalog voice 'professor' (alba)
2026-04-27 15:36:29 | INFO     | tts_engine:_init_kyutai:185 - TTS: Loaded Kyutai catalog voice 'energetic' (cosette)
2026-04-27 15:36:29 | INFO     | tts_engine:_init_kyutai:185 - TTS: Loaded Kyutai catalog voice 'storyteller' (fantine)
2026-04-27 15:36:29 | INFO     | tts_engine:_init_kyutai:185 - TTS: Loaded Kyutai catalog voice 'formal_male' (marius)
2026-04-27 15:36:29 | INFO     | tts_engine:_init_kyutai:185 - TTS: Loaded Kyutai catalog voice 'casual_female' (eponine)
2026-04-27 15:36:29 | INFO     | tts_engine:_init_kyutai:185 - TTS: Loaded Kyutai catalog voice 'deep_male' (javert)
2026-04-27 15:36:29 | INFO     | tts_engine:_init_kyutai:185 - TTS: Loaded Kyutai catalog voice 'warm_female' (azelma)
2026-04-27 15:36:29 | INFO     | tts_engine:initialize:337 - TTS Engine: Kyutai Pocket-TTS ready (Tier 1)
2026-04-27 15:36:29 | INFO     | __main__:startup_event:111 - TTS Engine: Initialized
2026-04-27 15:38:01 | INFO     | __main__:ask_question:217 - Question: cell | Hybrid: False | Book: None
2026-04-27 15:38:01 | INFO     | model_manager:generate:701 - ModelManager: Auto-classified as 'speed'
2026-04-27 15:38:01 | INFO     | model_manager:generate:725 - ModelManager: Trying Groq (Tier 1) [key …DURcU2]
2026-04-27 15:38:03 | INFO     | model_manager:generate:752 - ModelManager: ✅ Groq succeeded (1100 chars)
2026-04-27 15:38:03 | INFO     | llm_engine:generate_llm_only:156 - LLM: Pure generation via Groq
2026-04-27 15:38:11 | INFO     | __main__:text_to_speech:489 - TTS: Processing 1100 chars, style=storyteller, mode=Exam
2026-04-27 15:38:11 | INFO     | model_manager:generate:725 - ModelManager: Trying Groq (Tier 1) [key …l8NUH9]
2026-04-27 15:38:12 | INFO     | model_manager:generate:752 - ModelManager: ✅ Groq succeeded (1371 chars)
2026-04-27 15:38:12 | INFO     | tts_text_processor:optimize_for_speech:277 - TTS: Text optimized via Groq (1102 → 1371 chars)
2026-04-27 15:38:12 | INFO     | tts_engine:generate_stream:445 - TTS: Streaming 9 chunks...
2026-04-27 15:38:29 | INFO     | tts_engine:_kyutai_generate:220 - TTS: Kyutai generated 257324 bytes (storyteller)
2026-04-27 15:38:43 | INFO     | tts_engine:_kyutai_generate:220 - TTS: Kyutai generated 553004 bytes (storyteller)
2026-04-27 15:38:43 | INFO     | tts_engine:_kyutai_generate:220 - TTS: Kyutai generated 549164 bytes (storyteller)
2026-04-27 15:38:43 | INFO     | tts_engine:_kyutai_generate:220 - TTS: Kyutai generated 564524 bytes (storyteller)
2026-04-27 15:38:53 | INFO     | tts_engine:_kyutai_generate:220 - TTS: Kyutai generated 503084 bytes (storyteller)
2026-04-27 15:38:58 | INFO     | tts_engine:_kyutai_generate:220 - TTS: Kyutai generated 318764 bytes (storyteller)
2026-04-27 15:39:00 | INFO     | tts_engine:_kyutai_generate:220 - TTS: Kyutai generated 395564 bytes (storyteller)
2026-04-27 15:39:02 | INFO     | tts_engine:_kyutai_generate:220 - TTS: Kyutai generated 295724 bytes (storyteller)
2026-04-27 15:39:03 | INFO     | tts_engine:_kyutai_generate:220 - TTS: Kyutai generated 529964 bytes (storyteller)
2026-04-27 15:40:22 | INFO     | __main__:ask_question:217 - Question: cell | Hybrid: False | Book: None
2026-04-27 15:40:22 | INFO     | model_manager:generate:701 - ModelManager: Auto-classified as 'speed'
2026-04-27 15:40:22 | INFO     | model_manager:generate:725 - ModelManager: Trying Groq (Tier 1) [key …1ls9p2]
2026-04-27 15:40:24 | INFO     | model_manager:generate:752 - ModelManager: ✅ Groq succeeded (3941 chars)
2026-04-27 15:40:24 | INFO     | llm_engine:generate_llm_only:156 - LLM: Pure generation via Groq
2026-04-27 15:40:38 | INFO     | __main__:text_to_speech:489 - TTS: Processing 3937 chars, style=storyteller, mode=Expert
2026-04-27 15:40:38 | INFO     | model_manager:generate:725 - ModelManager: Trying Groq (Tier 1) [key …9pzhKT]
2026-04-27 15:40:39 | INFO     | model_manager:generate:752 - ModelManager: ✅ Groq succeeded (3779 chars)
2026-04-27 15:40:39 | INFO     | tts_text_processor:optimize_for_speech:277 - TTS: Text optimized via Groq (3891 → 3779 chars)
2026-04-27 15:40:39 | INFO     | tts_engine:generate_stream:445 - TTS: Streaming 26 chunks...
2026-04-27 15:40:54 | INFO     | tts_engine:_kyutai_generate:220 - TTS: Kyutai generated 261164 bytes (storyteller)
2026-04-27 15:40:56 | INFO     | tts_engine:_kyutai_generate:220 - TTS: Kyutai generated 299564 bytes (storyteller)
2026-04-27 15:40:56 | INFO     | tts_engine:_kyutai_generate:220 - TTS: Kyutai generated 303404 bytes (storyteller)
2026-04-27 15:41:08 | INFO     | tts_engine:_kyutai_generate:220 - TTS: Kyutai generated 518444 bytes (storyteller)
2026-04-27 15:41:13 | INFO     | tts_engine:_kyutai_generate:220 - TTS: Kyutai generated 376364 bytes (storyteller)
2026-04-27 15:41:19 | INFO     | tts_engine:_kyutai_generate:220 - TTS: Kyutai generated 468524 bytes (storyteller)
2026-04-27 15:41:23 | INFO     | tts_engine:_kyutai_generate:220 - TTS: Kyutai generated 529964 bytes (storyteller)
2026-04-27 15:41:29 | INFO     | tts_engine:_kyutai_generate:220 - TTS: Kyutai generated 361004 bytes (storyteller)
2026-04-27 15:41:32 | INFO     | tts_engine:_kyutai_generate:220 - TTS: Kyutai generated 284204 bytes (storyteller)
2026-04-27 15:41:33 | INFO     | tts_engine:_kyutai_generate:220 - TTS: Kyutai generated 549164 bytes (storyteller)
2026-04-27 15:41:44 | INFO     | tts_engine:_kyutai_generate:220 - TTS: Kyutai generated 453164 bytes (storyteller)
2026-04-27 15:41:45 | INFO     | tts_engine:_kyutai_generate:220 - TTS: Kyutai generated 268844 bytes (storyteller)
2026-04-27 15:41:48 | INFO     | tts_engine:_kyutai_generate:220 - TTS: Kyutai generated 307244 bytes (storyteller)
2026-04-27 15:41:48 | INFO     | tts_engine:_kyutai_generate:220 - TTS: Kyutai generated 384044 bytes (storyteller)
2026-04-27 15:42:00 | INFO     | tts_engine:_kyutai_generate:220 - TTS: Kyutai generated 326444 bytes (storyteller)
2026-04-27 15:42:02 | INFO     | tts_engine:_kyutai_generate:220 - TTS: Kyutai generated 291884 bytes (storyteller)
2026-04-27 15:42:03 | INFO     | tts_engine:_kyutai_generate:220 - TTS: Kyutai generated 357164 bytes (storyteller)
2026-04-27 15:42:11 | INFO     | tts_engine:_kyutai_generate:220 - TTS: Kyutai generated 460844 bytes (storyteller)
2026-04-27 15:42:25 | INFO     | tts_engine:_kyutai_generate:220 - TTS: Kyutai generated 433964 bytes (storyteller)
2026-04-27 15:42:26 | INFO     | tts_engine:_kyutai_generate:220 - TTS: Kyutai generated 422444 bytes (storyteller)
2026-04-27 15:42:26 | INFO     | tts_engine:_kyutai_generate:220 - TTS: Kyutai generated 495404 bytes (storyteller)
2026-04-27 15:42:32 | INFO     | tts_engine:_kyutai_generate:220 - TTS: Kyutai generated 399404 bytes (storyteller)
2026-04-27 15:42:41 | INFO     | tts_engine:_kyutai_generate:220 - TTS: Kyutai generated 284204 bytes (storyteller)
2026-04-27 15:42:43 | INFO     | tts_engine:_kyutai_generate:220 - TTS: Kyutai generated 314924 bytes (storyteller)
2026-04-27 15:42:45 | INFO     | tts_engine:_kyutai_generate:220 - TTS: Kyutai generated 437804 bytes (storyteller)
2026-04-27 15:42:47 | INFO     | tts_engine:_kyutai_generate:220 - TTS: Kyutai generated 480044 bytes (storyteller)
2026-04-27 15:45:36 | INFO     | live_articles:fetch_trending:320 - Fetching trending for topics: ['CRISPR gene editing', 'neuroscience consciousness', 'graphene applications']
2026-04-27 15:45:37 | INFO     | live_articles:fetch_trending:324 - Trending: Starting parallel fetch for topics...
2026-04-27 15:45:37 | INFO     | live_articles:fetch_pubmed:106 - PubMed: Searching for 'neuroscience consciousness' (retmax=10)
2026-04-27 15:45:37 | INFO     | live_articles:fetch_pubmed:106 - PubMed: Searching for 'graphene applications' (retmax=10)
2026-04-27 15:45:38 | INFO     | live_articles:fetch_pubmed:124 - PubMed search returned 10 IDs (Total: 6725)
2026-04-27 15:45:38 | INFO     | live_articles:fetch_pubmed:124 - PubMed search returned 10 IDs (Total: 35152)
2026-04-27 15:45:39 | INFO     | live_articles:fetch_pubmed:180 - PubMed: Successfully parsed 10 articles.
2026-04-27 15:45:39 | INFO     | live_articles:fetch_pubmed:180 - PubMed: Successfully parsed 10 articles.
2026-04-27 15:45:39 | INFO     | live_articles:fetch_trending:340 - Trending: Total fetched 45 articles.
2026-04-27 15:46:00 | INFO     | __main__:ask_question:217 - Question: Extract 4 brief key bullet points for the article titled 'The influence of GMO media strategies on public perceptions of CRISPR crop technologies in Southern Ontario.'. | Hybrid: False | Book: None
2026-04-27 15:46:00 | INFO     | model_manager:generate:701 - ModelManager: Auto-classified as 'speed'
2026-04-27 15:46:00 | INFO     | model_manager:generate:725 - ModelManager: Trying Groq (Tier 1) [key …Q27Y0X]
2026-04-27 15:46:01 | INFO     | model_manager:generate:752 - ModelManager: ✅ Groq succeeded (1204 chars)
2026-04-27 15:46:01 | INFO     | llm_engine:generate_llm_only:156 - LLM: Pure generation via Groq
2026-04-27 15:46:31 | INFO     | __main__:ask_question:217 - Question: List 3 related scientific topics to 'The influence of GMO media strategies on public perceptions of CRISPR crop technologies in Southern Ontario.'. Output ONLY comma separated list. | Hybrid: False | Book: None
2026-04-27 15:46:31 | INFO     | model_manager:generate:701 - ModelManager: Auto-classified as 'speed'
2026-04-27 15:46:31 | INFO     | model_manager:generate:725 - ModelManager: Trying Groq (Tier 1) [key …46sRvF]
2026-04-27 15:46:32 | INFO     | model_manager:generate:752 - ModelManager: ✅ Groq succeeded (115 chars)
2026-04-27 15:46:32 | INFO     | llm_engine:generate_llm_only:156 - LLM: Pure generation via Groq
2026-04-27 15:46:46 | INFO     | __main__:ask_question:217 - Question: The influence of GMO media strategies on public perceptions of CRISPR crop technologies in Southern Ontario. | Hybrid: True | Book: None
2026-04-27 15:46:46 | INFO     | faiss_store:ensure_loaded:52 - FAISS: Loading index from disk (mtime changed)...
2026-04-27 15:46:46 | INFO     | faiss_store:load:87 - FAISS: Loaded 945 vectors of type IndexIDMap2.
2026-04-27 15:46:46 | INFO     | faiss_store:get_model:15 - Loading embedding model...
2026-04-27 15:46:50 | INFO     | faiss_store:search:199 - FAISS Search: query='The influence of GMO media str...', search_k=25, ntotal=945
2026-04-27 15:46:50 | INFO     | faiss_store:search:227 - FAISS Search: Matches for book_id=None: 0
2026-04-27 15:46:50 | INFO     | live_articles:search_articles:244 - Article Search: 'The influence of GMO media strategies on public perceptions of CRISPR crop technologies in Southern Ontario.' | Page: 1
2026-04-27 15:46:50 | INFO     | live_articles:search_articles:253 - Adding PubMed task for 'The influence of GMO media strategies on public perceptions of CRISPR crop technologies in Southern Ontario.'
2026-04-27 15:46:50 | INFO     | live_articles:search_articles:256 - Adding arXiv task for 'The influence of GMO media strategies on public perceptions of CRISPR crop technologies in Southern Ontario.'
2026-04-27 15:46:50 | INFO     | live_articles:search_articles:263 - Adding Wikipedia task for 'The influence of GMO media strategies on public perceptions of CRISPR crop technologies in Southern Ontario.'
2026-04-27 15:46:50 | INFO     | live_articles:fetch_pubmed:106 - PubMed: Searching for 'The influence of GMO media strategies on public perceptions of CRISPR crop technologies in Southern Ontario.' (retmax=10)
2026-04-27 15:46:52 | INFO     | live_articles:fetch_pubmed:124 - PubMed search returned 1 IDs (Total: 1)
2026-04-27 15:46:52 | INFO     | live_articles:fetch_pubmed:180 - PubMed: Successfully parsed 1 articles.
2026-04-27 15:46:52 | INFO     | live_articles:search_articles:289 - Source 0 returned 1 articles (Total in source: 1)
2026-04-27 15:46:52 | INFO     | live_articles:search_articles:289 - Source 1 returned 10 articles (Total in source: 396918)
2026-04-27 15:46:52 | INFO     | live_articles:search_articles:293 - Wikipedia returned 0 articles
2026-04-27 15:46:52 | INFO     | model_manager:generate:725 - ModelManager: Trying Groq (Tier 1) [key …gziTsp]
2026-04-27 15:46:53 | INFO     | model_manager:generate:752 - ModelManager: ✅ Groq succeeded (2150 chars)
2026-04-27 15:46:53 | INFO     | llm_engine:generate_hybrid_answer:235 - LLM: Hybrid generation via Groq
2026-04-27 15:47:02 | INFO     | __main__:text_to_speech:489 - TTS: Processing 2106 chars, style=storyteller, mode=Exam
2026-04-27 15:47:02 | INFO     | model_manager:generate:725 - ModelManager: Trying Groq (Tier 1) [key …zJwWLp]
2026-04-27 15:47:03 | INFO     | model_manager:generate:752 - ModelManager: ✅ Groq succeeded (2418 chars)
2026-04-27 15:47:03 | INFO     | tts_text_processor:optimize_for_speech:277 - TTS: Text optimized via Groq (2106 → 2418 chars)
2026-04-27 15:47:03 | INFO     | tts_engine:generate_stream:445 - TTS: Streaming 17 chunks...
2026-04-27 15:47:19 | INFO     | tts_engine:_kyutai_generate:220 - TTS: Kyutai generated 280364 bytes (storyteller)
2026-04-27 15:47:23 | INFO     | tts_engine:_kyutai_generate:220 - TTS: Kyutai generated 361004 bytes (storyteller)
2026-04-27 15:47:23 | INFO     | tts_engine:_kyutai_generate:220 - TTS: Kyutai generated 364844 bytes (storyteller)
2026-04-27 15:47:27 | INFO     | tts_engine:_kyutai_generate:220 - TTS: Kyutai generated 460844 bytes (storyteller)
2026-04-27 15:47:39 | INFO     | tts_engine:_kyutai_generate:220 - TTS: Kyutai generated 410924 bytes (storyteller)
2026-04-27 15:47:45 | INFO     | tts_engine:_kyutai_generate:220 - TTS: Kyutai generated 468524 bytes (storyteller)
2026-04-27 15:47:47 | INFO     | tts_engine:_kyutai_generate:220 - TTS: Kyutai generated 518444 bytes (storyteller)
2026-04-27 15:47:48 | INFO     | tts_engine:_kyutai_generate:220 - TTS: Kyutai generated 441644 bytes (storyteller)
2026-04-27 15:47:54 | INFO     | tts_engine:_kyutai_generate:220 - TTS: Kyutai generated 311084 bytes (storyteller)
2026-04-27 15:47:58 | INFO     | tts_engine:_kyutai_generate:220 - TTS: Kyutai generated 199724 bytes (storyteller)
2026-04-27 15:48:12 | INFO     | tts_engine:_kyutai_generate:220 - TTS: Kyutai generated 518444 bytes (storyteller)
2026-04-27 15:48:13 | INFO     | tts_engine:_kyutai_generate:220 - TTS: Kyutai generated 591404 bytes (storyteller)
2026-04-27 15:48:13 | INFO     | tts_engine:_kyutai_generate:220 - TTS: Kyutai generated 314924 bytes (storyteller)
2026-04-27 15:48:19 | INFO     | tts_engine:_kyutai_generate:220 - TTS: Kyutai generated 522284 bytes (storyteller)
2026-04-27 15:48:26 | INFO     | tts_engine:_kyutai_generate:220 - TTS: Kyutai generated 291884 bytes (storyteller)
2026-04-27 15:48:27 | INFO     | tts_engine:_kyutai_generate:220 - TTS: Kyutai generated 318764 bytes (storyteller)
2026-04-27 15:48:27 | INFO     | tts_engine:_kyutai_generate:220 - TTS: Kyutai generated 376364 bytes (storyteller)
2026-04-27 15:49:26 | INFO     | live_articles:fetch_trending:320 - Fetching trending for topics: ['nanomaterials', 'artificial intelligence drug discovery', 'cancer immunotherapy']
2026-04-27 15:49:26 | INFO     | live_articles:fetch_trending:324 - Trending: Starting parallel fetch for topics...
2026-04-27 15:49:26 | INFO     | live_articles:fetch_pubmed:106 - PubMed: Searching for 'nanomaterials' (retmax=10)
2026-04-27 15:49:26 | INFO     | live_articles:fetch_pubmed:106 - PubMed: Searching for 'artificial intelligence drug discovery' (retmax=10)
2026-04-27 15:49:26 | INFO     | live_articles:fetch_pubmed:106 - PubMed: Searching for 'cancer immunotherapy' (retmax=10)
2026-04-27 15:49:27 | INFO     | live_articles:fetch_pubmed:124 - PubMed search returned 10 IDs (Total: 435158)
2026-04-27 15:49:28 | INFO     | live_articles:fetch_pubmed:124 - PubMed search returned 10 IDs (Total: 225942)
2026-04-27 15:49:28 | INFO     | live_articles:fetch_pubmed:124 - PubMed search returned 10 IDs (Total: 9785)
2026-04-27 15:49:28 | WARNING  | live_articles:fetch_pubmed:136 - PubMed efetch hit 429 Rate Limit. Retrying after 2s...
2026-04-27 15:49:30 | INFO     | live_articles:fetch_pubmed:180 - PubMed: Successfully parsed 10 articles.
2026-04-27 15:49:30 | INFO     | live_articles:fetch_pubmed:180 - PubMed: Successfully parsed 10 articles.
2026-04-27 15:49:31 | INFO     | live_articles:fetch_pubmed:180 - PubMed: Successfully parsed 10 articles.
2026-04-27 15:49:31 | INFO     | live_articles:fetch_trending:340 - Trending: Total fetched 45 articles.
2026-04-27 15:49:51 | INFO     | __main__:ask_question:217 - Question: Extract 4 brief key bullet points for the article titled 'Overcoming the blood‒brain barrier: nanomedicine strategies for targeted delivery and multimodal therapy in Alzheimer's disease.'. | Hybrid: False | Book: None
2026-04-27 15:49:51 | INFO     | model_manager:generate:701 - ModelManager: Auto-classified as 'speed'
2026-04-27 15:49:51 | INFO     | model_manager:generate:725 - ModelManager: Trying Groq (Tier 1) [key …YsNFU0]
2026-04-27 15:49:51 | INFO     | model_manager:generate:752 - ModelManager: ✅ Groq succeeded (746 chars)
2026-04-27 15:49:51 | INFO     | llm_engine:generate_llm_only:156 - LLM: Pure generation via Groq
2026-04-27 15:49:54 | INFO     | __main__:ask_question:217 - Question: List 3 related scientific topics to 'Overcoming the blood‒brain barrier: nanomedicine strategies for targeted delivery and multimodal therapy in Alzheimer's disease.'. Output ONLY comma separated list. | Hybrid: False | Book: None
2026-04-27 15:49:54 | INFO     | model_manager:generate:701 - ModelManager: Auto-classified as 'speed'
2026-04-27 15:49:54 | INFO     | model_manager:generate:725 - ModelManager: Trying Groq (Tier 1) [key …l1coCr]
2026-04-27 15:49:54 | INFO     | model_manager:generate:752 - ModelManager: ✅ Groq succeeded (150 chars)
2026-04-27 15:49:54 | INFO     | llm_engine:generate_llm_only:156 - LLM: Pure generation via Groq
2026-04-27 15:51:02 | INFO     | __main__:ask_question:217 - Question: cell | Hybrid: True | Book: None
2026-04-27 15:51:02 | INFO     | faiss_store:search:199 - FAISS Search: query='cell...', search_k=25, ntotal=945
2026-04-27 15:51:02 | INFO     | faiss_store:search:227 - FAISS Search: Matches for book_id=None: 0
2026-04-27 15:51:02 | INFO     | live_articles:search_articles:244 - Article Search: 'cell' | Page: 1
2026-04-27 15:51:02 | INFO     | live_articles:search_articles:253 - Adding PubMed task for 'cell'
2026-04-27 15:51:02 | INFO     | live_articles:search_articles:256 - Adding arXiv task for 'cell'
2026-04-27 15:51:02 | INFO     | live_articles:search_articles:263 - Adding Wikipedia task for 'cell'
2026-04-27 15:51:03 | INFO     | live_articles:search_articles:289 - Source 0 returned 10 articles (Total in source: 8955996)
2026-04-27 15:51:03 | INFO     | live_articles:search_articles:289 - Source 1 returned 10 articles (Total in source: 52611)
2026-04-27 15:51:03 | INFO     | live_articles:search_articles:293 - Wikipedia returned 0 articles
2026-04-27 15:51:03 | INFO     | model_manager:generate:725 - ModelManager: Trying Groq (Tier 1) [key …DURcU2]
2026-04-27 15:51:04 | INFO     | model_manager:generate:752 - ModelManager: ✅ Groq succeeded (2830 chars)
2026-04-27 15:51:04 | INFO     | llm_engine:generate_hybrid_answer:235 - LLM: Hybrid generation via Groq
2026-04-27 15:51:13 | INFO     | __main__:text_to_speech:489 - TTS: Processing 2782 chars, style=storyteller, mode=Concept
2026-04-27 15:51:13 | INFO     | model_manager:generate:725 - ModelManager: Trying Groq (Tier 1) [key …l8NUH9]
2026-04-27 15:51:14 | INFO     | model_manager:generate:752 - ModelManager: ✅ Groq succeeded (2187 chars)
2026-04-27 15:51:14 | INFO     | tts_text_processor:optimize_for_speech:277 - TTS: Text optimized via Groq (2782 → 2187 chars)
2026-04-27 15:51:14 | INFO     | tts_engine:generate_stream:445 - TTS: Streaming 16 chunks...
2026-04-27 15:51:30 | INFO     | tts_engine:_kyutai_generate:220 - TTS: Kyutai generated 311084 bytes (storyteller)
2026-04-27 15:51:39 | INFO     | __main__:text_to_speech:489 - TTS: Processing 2782 chars, style=storyteller, mode=Concept
2026-04-27 15:51:39 | INFO     | model_manager:generate:725 - ModelManager: Trying Groq (Tier 1) [key …1ls9p2]
2026-04-27 15:51:40 | INFO     | tts_engine:_kyutai_generate:220 - TTS: Kyutai generated 410924 bytes (storyteller)
2026-04-27 15:51:40 | INFO     | tts_engine:_kyutai_generate:220 - TTS: Kyutai generated 387884 bytes (storyteller)
2026-04-27 15:51:40 | INFO     | model_manager:generate:752 - ModelManager: ✅ Groq succeeded (2201 chars)
2026-04-27 15:51:40 | INFO     | tts_text_processor:optimize_for_speech:277 - TTS: Text optimized via Groq (2782 → 2201 chars)
2026-04-27 15:51:40 | INFO     | tts_engine:generate_stream:445 - TTS: Streaming 16 chunks...
2026-04-27 15:51:43 | INFO     | tts_engine:_kyutai_generate:220 - TTS: Kyutai generated 437804 bytes (storyteller)
2026-04-27 15:52:00 | INFO     | tts_engine:_kyutai_generate:220 - TTS: Kyutai generated 372524 bytes (storyteller)
2026-04-27 15:52:07 | INFO     | tts_engine:_kyutai_generate:220 - TTS: Kyutai generated 591404 bytes (storyteller)
2026-04-27 15:52:12 | INFO     | tts_engine:_kyutai_generate:220 - TTS: Kyutai generated 595244 bytes (storyteller)
2026-04-27 15:52:15 | INFO     | tts_engine:_kyutai_generate:220 - TTS: Kyutai generated 541484 bytes (storyteller)
2026-04-27 15:52:18 | INFO     | tts_engine:_kyutai_generate:220 - TTS: Kyutai generated 238124 bytes (storyteller)
2026-04-27 15:52:19 | INFO     | tts_engine:_kyutai_generate:220 - TTS: Kyutai generated 395564 bytes (storyteller)
2026-04-27 15:52:31 | INFO     | tts_engine:_kyutai_generate:220 - TTS: Kyutai generated 395564 bytes (storyteller)
2026-04-27 15:52:32 | INFO     | tts_engine:_kyutai_generate:220 - TTS: Kyutai generated 364844 bytes (storyteller)
2026-04-27 15:52:33 | INFO     | tts_engine:_kyutai_generate:220 - TTS: Kyutai generated 291884 bytes (storyteller)
2026-04-27 15:52:37 | INFO     | tts_engine:_kyutai_generate:220 - TTS: Kyutai generated 372524 bytes (storyteller)
2026-04-27 15:52:40 | INFO     | __main__:ask_question:217 - Question: cell | Hybrid: True | Book: None
2026-04-27 15:52:40 | INFO     | faiss_store:search:199 - FAISS Search: query='cell...', search_k=25, ntotal=945
2026-04-27 15:52:40 | INFO     | faiss_store:search:227 - FAISS Search: Matches for book_id=None: 0
2026-04-27 15:52:40 | INFO     | live_articles:search_articles:244 - Article Search: 'cell' | Page: 1
2026-04-27 15:52:40 | INFO     | live_articles:search_articles:253 - Adding PubMed task for 'cell'
2026-04-27 15:52:40 | INFO     | live_articles:search_articles:256 - Adding arXiv task for 'cell'
2026-04-27 15:52:40 | INFO     | live_articles:search_articles:263 - Adding Wikipedia task for 'cell'
2026-04-27 15:52:41 | INFO     | live_articles:search_articles:289 - Source 0 returned 10 articles (Total in source: 8955996)
2026-04-27 15:52:41 | INFO     | live_articles:search_articles:289 - Source 1 returned 10 articles (Total in source: 52611)
2026-04-27 15:52:41 | INFO     | live_articles:search_articles:293 - Wikipedia returned 0 articles
2026-04-27 15:52:41 | INFO     | model_manager:generate:725 - ModelManager: Trying Groq (Tier 1) [key …9pzhKT]
2026-04-27 15:52:42 | INFO     | model_manager:generate:752 - ModelManager: ✅ Groq succeeded (6266 chars)
2026-04-27 15:52:42 | INFO     | llm_engine:generate_hybrid_answer:235 - LLM: Hybrid generation via Groq
2026-04-27 15:52:45 | INFO     | tts_engine:_kyutai_generate:220 - TTS: Kyutai generated 265004 bytes (storyteller)
2026-04-27 15:52:49 | INFO     | tts_engine:_kyutai_generate:220 - TTS: Kyutai generated 384044 bytes (storyteller)
2026-04-27 15:52:57 | INFO     | tts_engine:_kyutai_generate:220 - TTS: Kyutai generated 460844 bytes (storyteller)
2026-04-27 15:53:01 | INFO     | tts_engine:_kyutai_generate:220 - TTS: Kyutai generated 476204 bytes (storyteller)
2026-04-27 15:53:04 | INFO     | tts_engine:_kyutai_generate:220 - TTS: Kyutai generated 307244 bytes (storyteller)
2026-04-27 15:53:12 | INFO     | tts_engine:_kyutai_generate:220 - TTS: Kyutai generated 541484 bytes (storyteller)
2026-04-27 15:53:15 | INFO     | tts_engine:_kyutai_generate:220 - TTS: Kyutai generated 364844 bytes (storyteller)
2026-04-27 15:53:27 | INFO     | tts_engine:_kyutai_generate:220 - TTS: Kyutai generated 437804 bytes (storyteller)
2026-04-27 15:53:29 | INFO     | tts_engine:_kyutai_generate:220 - TTS: Kyutai generated 268844 bytes (storyteller)
2026-04-27 15:53:29 | INFO     | tts_engine:_kyutai_generate:220 - TTS: Kyutai generated 318764 bytes (storyteller)
2026-04-27 15:53:32 | INFO     | tts_engine:_kyutai_generate:220 - TTS: Kyutai generated 614444 bytes (storyteller)
2026-04-27 15:53:45 | INFO     | tts_engine:_kyutai_generate:220 - TTS: Kyutai generated 314924 bytes (storyteller)
2026-04-27 15:53:46 | INFO     | tts_engine:_kyutai_generate:220 - TTS: Kyutai generated 265004 bytes (storyteller)
2026-04-27 15:53:49 | INFO     | tts_engine:_kyutai_generate:220 - TTS: Kyutai generated 422444 bytes (storyteller)
2026-04-27 15:53:50 | INFO     | tts_engine:_kyutai_generate:220 - TTS: Kyutai generated 441644 bytes (storyteller)
2026-04-27 15:53:57 | INFO     | tts_engine:_kyutai_generate:220 - TTS: Kyutai generated 349484 bytes (storyteller)
2026-04-27 15:53:57 | INFO     | tts_engine:_kyutai_generate:220 - TTS: Kyutai generated 399404 bytes (storyteller)
2026-04-27 15:59:36 | INFO     | model_manager:_setup_providers:445 - ModelManager: Configured providers: Groq (10 keys), Gemini Flash (5 keys), Gemini Pro (5 keys), Qwen (OpenRouter) (15 keys), OpenRouter Hub (15 keys), Mistral (1 keys), Together AI (1 keys), NVIDIA NIM (1 keys), Cohere (1 keys), Cerebras (1 keys), Hugging Face (1 keys)
2026-04-27 15:59:37 | INFO     | __main__:startup_event:104 - SciAI PRODUCTION ENGINE STARTING...
2026-04-27 15:59:37 | INFO     | cache_service:connect:26 - Redis cache connected successfully
2026-04-27 15:59:37 | INFO     | __main__:startup_event:107 - ModelManager: 11 providers configured
2026-04-27 15:59:37 | INFO     | tts_engine:initialize:333 - TTS Engine: Initializing...
2026-04-27 15:59:38 | INFO     | tts_engine:_init_kyutai:176 - TTS: Loading Kyutai Pocket-TTS model...
2026-04-27 15:59:41 | INFO     | tts_engine:_init_kyutai:178 - TTS: Kyutai model loaded (sample_rate=24000)
2026-04-27 15:59:41 | INFO     | tts_engine:_init_kyutai:185 - TTS: Loaded Kyutai catalog voice 'professor' (alba)
2026-04-27 15:59:41 | INFO     | tts_engine:_init_kyutai:185 - TTS: Loaded Kyutai catalog voice 'energetic' (cosette)
2026-04-27 15:59:41 | INFO     | tts_engine:_init_kyutai:185 - TTS: Loaded Kyutai catalog voice 'storyteller' (fantine)
2026-04-27 15:59:41 | INFO     | tts_engine:_init_kyutai:185 - TTS: Loaded Kyutai catalog voice 'formal_male' (marius)
2026-04-27 15:59:41 | INFO     | tts_engine:_init_kyutai:185 - TTS: Loaded Kyutai catalog voice 'casual_female' (eponine)
2026-04-27 15:59:41 | INFO     | tts_engine:_init_kyutai:185 - TTS: Loaded Kyutai catalog voice 'deep_male' (javert)
2026-04-27 15:59:41 | INFO     | tts_engine:_init_kyutai:185 - TTS: Loaded Kyutai catalog voice 'warm_female' (azelma)
2026-04-27 15:59:41 | INFO     | tts_engine:initialize:337 - TTS Engine: Kyutai Pocket-TTS ready (Tier 1)
2026-04-27 15:59:41 | INFO     | __main__:startup_event:111 - TTS Engine: Initialized
2026-04-27 16:02:09 | INFO     | model_manager:generate:725 - ModelManager: Trying Groq (Tier 1) [key …DURcU2]
2026-04-27 16:02:09 | INFO     | model_manager:generate:752 - ModelManager: ✅ Groq succeeded (131 chars)
2026-04-27 16:02:09 | INFO     | controller_prompt:classify:153 - Controller: Routing via Groq
2026-04-27 16:02:31 | INFO     | __main__:ask_question:217 - Question: cell cycle | Hybrid: False | Book: None
2026-04-27 16:02:31 | INFO     | model_manager:generate:701 - ModelManager: Auto-classified as 'speed'
2026-04-27 16:02:31 | INFO     | model_manager:generate:725 - ModelManager: Trying Groq (Tier 1) [key …l8NUH9]
2026-04-27 16:02:34 | INFO     | model_manager:generate:752 - ModelManager: ✅ Groq succeeded (4276 chars)
2026-04-27 16:02:34 | INFO     | llm_engine:generate_llm_only:158 - LLM: Pure generation via Groq
2026-04-27 16:02:47 | INFO     | __main__:text_to_speech:489 - TTS: Processing 4276 chars, style=professor, mode=Expert
2026-04-27 16:02:47 | INFO     | model_manager:generate:725 - ModelManager: Trying Groq (Tier 1) [key …1ls9p2]
2026-04-27 16:02:48 | INFO     | model_manager:generate:752 - ModelManager: ✅ Groq succeeded (2781 chars)
2026-04-27 16:02:48 | INFO     | tts_text_processor:optimize_for_speech:277 - TTS: Text optimized via Groq (4286 → 2781 chars)
2026-04-27 16:02:48 | INFO     | tts_engine:generate_stream:445 - TTS: Streaming 19 chunks...
2026-04-27 16:03:03 | INFO     | tts_engine:_kyutai_generate:220 - TTS: Kyutai generated 253484 bytes (professor)
2026-04-27 16:03:15 | INFO     | tts_engine:_kyutai_generate:220 - TTS: Kyutai generated 510764 bytes (professor)
2026-04-27 16:03:16 | INFO     | tts_engine:_kyutai_generate:220 - TTS: Kyutai generated 518444 bytes (professor)
2026-04-27 16:03:18 | INFO     | tts_engine:_kyutai_generate:220 - TTS: Kyutai generated 579884 bytes (professor)
2026-04-27 16:03:26 | INFO     | tts_engine:_kyutai_generate:220 - TTS: Kyutai generated 464684 bytes (professor)
2026-04-27 16:03:31 | INFO     | tts_engine:_kyutai_generate:220 - TTS: Kyutai generated 261164 bytes (professor)
2026-04-27 16:03:44 | INFO     | tts_engine:_kyutai_generate:220 - TTS: Kyutai generated 602924 bytes (professor)
2026-04-27 16:03:45 | INFO     | tts_engine:_kyutai_generate:220 - TTS: Kyutai generated 410924 bytes (professor)
2026-04-27 16:03:45 | INFO     | tts_engine:_kyutai_generate:220 - TTS: Kyutai generated 602924 bytes (professor)
2026-04-27 16:03:57 | INFO     | tts_engine:_kyutai_generate:220 - TTS: Kyutai generated 514604 bytes (professor)
2026-04-27 16:03:58 | INFO     | tts_engine:_kyutai_generate:220 - TTS: Kyutai generated 249644 bytes (professor)
2026-04-27 16:03:58 | INFO     | tts_engine:_kyutai_generate:220 - TTS: Kyutai generated 291884 bytes (professor)
2026-04-27 16:04:05 | INFO     | tts_engine:_kyutai_generate:220 - TTS: Kyutai generated 410924 bytes (professor)
2026-04-27 16:04:12 | INFO     | tts_engine:_kyutai_generate:220 - TTS: Kyutai generated 322604 bytes (professor)
2026-04-27 16:04:13 | INFO     | tts_engine:_kyutai_generate:220 - TTS: Kyutai generated 318764 bytes (professor)
2026-04-27 16:04:14 | INFO     | tts_engine:_kyutai_generate:220 - TTS: Kyutai generated 330284 bytes (professor)
2026-04-27 16:04:26 | INFO     | tts_engine:_kyutai_generate:220 - TTS: Kyutai generated 522284 bytes (professor)
2026-04-27 16:04:26 | INFO     | tts_engine:_kyutai_generate:220 - TTS: Kyutai generated 384044 bytes (professor)
2026-04-27 16:04:27 | INFO     | tts_engine:_kyutai_generate:220 - TTS: Kyutai generated 433964 bytes (professor)
2026-04-27 16:05:16 | INFO     | live_articles:fetch_trending:320 - Fetching trending for topics: ['climate change mitigation', 'artificial intelligence drug discovery', 'mRNA vaccine']
2026-04-27 16:05:16 | INFO     | live_articles:fetch_trending:324 - Trending: Starting parallel fetch for topics...
2026-04-27 16:05:16 | INFO     | live_articles:fetch_pubmed:106 - PubMed: Searching for 'climate change mitigation' (retmax=10)
2026-04-27 16:05:16 | INFO     | live_articles:fetch_pubmed:106 - PubMed: Searching for 'mRNA vaccine' (retmax=10)
2026-04-27 16:05:17 | INFO     | live_articles:fetch_pubmed:124 - PubMed search returned 10 IDs (Total: 21374)
2026-04-27 16:05:18 | INFO     | live_articles:fetch_pubmed:124 - PubMed search returned 10 IDs (Total: 16084)
2026-04-27 16:05:19 | INFO     | live_articles:fetch_pubmed:180 - PubMed: Successfully parsed 10 articles.
2026-04-27 16:05:19 | INFO     | live_articles:fetch_pubmed:180 - PubMed: Successfully parsed 10 articles.
2026-04-27 16:05:19 | INFO     | live_articles:fetch_trending:340 - Trending: Total fetched 45 articles.
2026-04-27 16:05:22 | INFO     | __main__:ask_question:217 - Question: Extract 4 brief key bullet points for the article titled 'Unleashing the power of DNA-encoded libraries for challenging targets in drug discovery.'. | Hybrid: False | Book: None
2026-04-27 16:05:22 | INFO     | model_manager:generate:701 - ModelManager: Auto-classified as 'speed'
2026-04-27 16:05:22 | INFO     | model_manager:generate:725 - ModelManager: Trying Groq (Tier 1) [key …9pzhKT]
2026-04-27 16:05:24 | INFO     | model_manager:generate:752 - ModelManager: ✅ Groq succeeded (2815 chars)
2026-04-27 16:05:24 | INFO     | llm_engine:generate_llm_only:158 - LLM: Pure generation via Groq
2026-04-27 16:06:27 | INFO     | __main__:ask_question:217 - Question: summary | Hybrid: True | Book: 0b3eb816-27ec-4d42-a5d7-5dbff64c2bf2
2026-04-27 16:06:27 | INFO     | faiss_store:ensure_loaded:52 - FAISS: Loading index from disk (mtime changed)...
2026-04-27 16:06:27 | INFO     | faiss_store:load:87 - FAISS: Loaded 995 vectors of type IndexIDMap2.
2026-04-27 16:06:27 | INFO     | faiss_store:get_model:15 - Loading embedding model...
2026-04-27 16:06:31 | INFO     | faiss_store:search:199 - FAISS Search: query='summary...', search_k=500, ntotal=995
2026-04-27 16:06:31 | INFO     | faiss_store:search:227 - FAISS Search: Matches for book_id=0b3eb816-27ec-4d42-a5d7-5dbff64c2bf2: 0
2026-04-27 16:06:32 | INFO     | __main__:text_to_speech:489 - TTS: Processing 43 chars, style=professor, mode=Library
2026-04-27 16:06:32 | INFO     | tts_engine:generate_stream:445 - TTS: Streaming 1 chunks...
2026-04-27 16:06:34 | INFO     | tts_engine:_kyutai_generate:220 - TTS: Kyutai generated 134444 bytes (professor)
2026-04-27 16:07:03 | INFO     | __main__:ask_question:217 - Question: important points | Hybrid: True | Book: 0b3eb816-27ec-4d42-a5d7-5dbff64c2bf2
2026-04-27 16:07:03 | INFO     | faiss_store:search:199 - FAISS Search: query='important points...', search_k=500, ntotal=995
2026-04-27 16:07:03 | INFO     | faiss_store:search:227 - FAISS Search: Matches for book_id=0b3eb816-27ec-4d42-a5d7-5dbff64c2bf2: 2
2026-04-27 16:07:03 | INFO     | model_manager:generate:725 - ModelManager: Trying Qwen (OpenRouter) (Tier 3) [key …8fb9ad]
2026-04-27 16:07:22 | INFO     | model_manager:generate:752 - ModelManager: ✅ Qwen (OpenRouter) succeeded (2486 chars)
2026-04-27 16:07:22 | INFO     | llm_engine:generate_book_answer:272 - LLM: Book generation via Qwen (OpenRouter)
2026-04-27 16:07:30 | INFO     | __main__:text_to_speech:489 - TTS: Processing 2486 chars, style=professor, mode=Library
2026-04-27 16:07:30 | INFO     | model_manager:generate:725 - ModelManager: Trying Groq (Tier 1) [key …Q27Y0X]
2026-04-27 16:07:31 | INFO     | model_manager:generate:752 - ModelManager: ✅ Groq succeeded (1987 chars)
2026-04-27 16:07:31 | INFO     | tts_text_processor:optimize_for_speech:277 - TTS: Text optimized via Groq (2486 → 1987 chars)
2026-04-27 16:07:31 | INFO     | tts_engine:generate_stream:445 - TTS: Streaming 13 chunks...
2026-04-27 16:07:54 | INFO     | tts_engine:_kyutai_generate:220 - TTS: Kyutai generated 410924 bytes (professor)
2026-04-27 16:07:54 | INFO     | tts_engine:_kyutai_generate:220 - TTS: Kyutai generated 410924 bytes (professor)
2026-04-27 16:08:00 | INFO     | tts_engine:_kyutai_generate:220 - TTS: Kyutai generated 545324 bytes (professor)
2026-04-27 16:08:02 | INFO     | tts_engine:_kyutai_generate:220 - TTS: Kyutai generated 606764 bytes (professor)
2026-04-27 16:08:20 | INFO     | tts_engine:_kyutai_generate:220 - TTS: Kyutai generated 549164 bytes (professor)
2026-04-27 16:08:21 | INFO     | tts_engine:_kyutai_generate:220 - TTS: Kyutai generated 368684 bytes (professor)
2026-04-27 16:08:22 | INFO     | tts_engine:_kyutai_generate:220 - TTS: Kyutai generated 449324 bytes (professor)
2026-04-27 16:08:23 | INFO     | tts_engine:_kyutai_generate:220 - TTS: Kyutai generated 606764 bytes (professor)
2026-04-27 16:08:26 | INFO     | __main__:ask_question:217 - Question: important points | Hybrid: True | Book: 0b3eb816-27ec-4d42-a5d7-5dbff64c2bf2
2026-04-27 16:08:27 | INFO     | __main__:ask_question:217 - Question: important points | Hybrid: True | Book: 0b3eb816-27ec-4d42-a5d7-5dbff64c2bf2
2026-04-27 16:08:34 | INFO     | tts_engine:_kyutai_generate:220 - TTS: Kyutai generated 268844 bytes (professor)
2026-04-27 16:08:34 | INFO     | __main__:text_to_speech:489 - TTS: Processing 2486 chars, style=professor, mode=Library
2026-04-27 16:08:34 | INFO     | model_manager:generate:725 - ModelManager: Trying Groq (Tier 1) [key …46sRvF]
2026-04-27 16:08:35 | INFO     | model_manager:generate:752 - ModelManager: ✅ Groq succeeded (2228 chars)
2026-04-27 16:08:35 | INFO     | tts_text_processor:optimize_for_speech:277 - TTS: Text optimized via Groq (2486 → 2228 chars)
2026-04-27 16:08:35 | INFO     | tts_engine:generate_stream:445 - TTS: Streaming 15 chunks...
2026-04-27 16:08:37 | INFO     | tts_engine:_kyutai_generate:220 - TTS: Kyutai generated 307244 bytes (professor)
2026-04-27 16:08:41 | INFO     | tts_engine:_kyutai_generate:220 - TTS: Kyutai generated 414764 bytes (professor)
2026-04-27 16:08:46 | INFO     | tts_engine:_kyutai_generate:220 - TTS: Kyutai generated 480044 bytes (professor)
2026-04-27 16:08:52 | INFO     | tts_engine:_kyutai_generate:220 - TTS: Kyutai generated 341804 bytes (professor)
2026-04-27 16:08:53 | INFO     | tts_engine:_kyutai_generate:220 - TTS: Kyutai generated 234284 bytes (professor)
2026-04-27 16:09:06 | INFO     | tts_engine:_kyutai_generate:220 - TTS: Kyutai generated 545324 bytes (professor)
2026-04-27 16:09:17 | INFO     | tts_engine:_kyutai_generate:220 - TTS: Kyutai generated 576044 bytes (professor)
2026-04-27 16:09:21 | INFO     | tts_engine:_kyutai_generate:220 - TTS: Kyutai generated 518444 bytes (professor)
2026-04-27 16:09:22 | INFO     | tts_engine:_kyutai_generate:220 - TTS: Kyutai generated 553004 bytes (professor)
2026-04-27 16:09:22 | INFO     | tts_engine:_kyutai_generate:220 - TTS: Kyutai generated 295724 bytes (professor)
2026-04-27 16:09:39 | INFO     | tts_engine:_kyutai_generate:220 - TTS: Kyutai generated 311084 bytes (professor)
2026-04-27 16:09:39 | INFO     | tts_engine:_kyutai_generate:220 - TTS: Kyutai generated 395564 bytes (professor)
2026-04-27 16:09:41 | INFO     | tts_engine:_kyutai_generate:220 - TTS: Kyutai generated 372524 bytes (professor)
2026-04-27 16:09:42 | INFO     | tts_engine:_kyutai_generate:220 - TTS: Kyutai generated 445484 bytes (professor)
2026-04-27 16:09:59 | INFO     | __main__:ask_question:217 - Question: important points | Hybrid: True | Book: 0b3eb816-27ec-4d42-a5d7-5dbff64c2bf2
2026-04-27 16:10:00 | INFO     | __main__:ask_question:217 - Question: important points | Hybrid: True | Book: 0b3eb816-27ec-4d42-a5d7-5dbff64c2bf2
2026-04-27 16:10:43 | INFO     | __main__:ask_question:217 - Question: cell | Hybrid: True | Book: None
2026-04-27 16:10:43 | INFO     | faiss_store:search:199 - FAISS Search: query='cell...', search_k=25, ntotal=995
2026-04-27 16:10:43 | INFO     | faiss_store:search:227 - FAISS Search: Matches for book_id=None: 22
2026-04-27 16:10:43 | INFO     | live_articles:search_articles:244 - Article Search: 'cell' | Page: 1
2026-04-27 16:10:43 | INFO     | live_articles:search_articles:253 - Adding PubMed task for 'cell'
2026-04-27 16:10:43 | INFO     | live_articles:search_articles:256 - Adding arXiv task for 'cell'
2026-04-27 16:10:43 | INFO     | live_articles:search_articles:263 - Adding Wikipedia task for 'cell'
2026-04-27 16:10:43 | INFO     | live_articles:fetch_pubmed:106 - PubMed: Searching for 'cell' (retmax=10)
2026-04-27 16:10:45 | INFO     | live_articles:fetch_pubmed:124 - PubMed search returned 10 IDs (Total: 8956143)
2026-04-27 16:10:47 | INFO     | live_articles:fetch_pubmed:180 - PubMed: Successfully parsed 10 articles.
2026-04-27 16:10:47 | INFO     | live_articles:search_articles:289 - Source 0 returned 10 articles (Total in source: 8956143)
2026-04-27 16:10:47 | INFO     | live_articles:search_articles:289 - Source 1 returned 10 articles (Total in source: 52611)
2026-04-27 16:10:47 | INFO     | live_articles:search_articles:293 - Wikipedia returned 0 articles
2026-04-27 16:10:47 | INFO     | model_manager:generate:725 - ModelManager: Trying Groq (Tier 1) [key …gziTsp]
2026-04-27 16:10:49 | INFO     | model_manager:generate:752 - ModelManager: ✅ Groq succeeded (4690 chars)
2026-04-27 16:10:49 | INFO     | llm_engine:generate_hybrid_answer:238 - LLM: Hybrid generation via Groq
2026-04-27 16:11:02 | INFO     | __main__:text_to_speech:489 - TTS: Processing 4642 chars, style=professor, mode=Expert
2026-04-27 16:11:02 | INFO     | model_manager:generate:725 - ModelManager: Trying Groq (Tier 1) [key …zJwWLp]
2026-04-27 16:11:03 | INFO     | model_manager:generate:752 - ModelManager: ✅ Groq succeeded (3599 chars)
2026-04-27 16:11:03 | INFO     | tts_text_processor:optimize_for_speech:277 - TTS: Text optimized via Groq (4642 → 3599 chars)
2026-04-27 16:11:03 | INFO     | tts_engine:generate_stream:445 - TTS: Streaming 23 chunks...
2026-04-27 16:11:21 | INFO     | tts_engine:_kyutai_generate:220 - TTS: Kyutai generated 314924 bytes (professor)
2026-04-27 16:11:27 | INFO     | tts_engine:_kyutai_generate:220 - TTS: Kyutai generated 430124 bytes (professor)
2026-04-27 16:11:31 | INFO     | tts_engine:_kyutai_generate:220 - TTS: Kyutai generated 529964 bytes (professor)
2026-04-27 16:11:34 | INFO     | tts_engine:_kyutai_generate:220 - TTS: Kyutai generated 587564 bytes (professor)
2026-04-27 16:11:42 | INFO     | tts_engine:_kyutai_generate:220 - TTS: Kyutai generated 307244 bytes (professor)
2026-04-27 16:11:42 | INFO     | tts_engine:_kyutai_generate:220 - TTS: Kyutai generated 433964 bytes (professor)
2026-04-27 16:11:55 | INFO     | tts_engine:_kyutai_generate:220 - TTS: Kyutai generated 268844 bytes (professor)
2026-04-27 16:11:57 | INFO     | tts_engine:_kyutai_generate:220 - TTS: Kyutai generated 510764 bytes (professor)
2026-04-27 16:11:59 | INFO     | tts_engine:_kyutai_generate:220 - TTS: Kyutai generated 514604 bytes (professor)
2026-04-27 16:12:02 | INFO     | tts_engine:_kyutai_generate:220 - TTS: Kyutai generated 414764 bytes (professor)
2026-04-27 16:12:04 | INFO     | tts_engine:_kyutai_generate:220 - TTS: Kyutai generated 199724 bytes (professor)
2026-04-27 16:12:15 | INFO     | tts_engine:_kyutai_generate:220 - TTS: Kyutai generated 253484 bytes (professor)
2026-04-27 16:12:19 | INFO     | tts_engine:_kyutai_generate:220 - TTS: Kyutai generated 445484 bytes (professor)
2026-04-27 16:12:25 | INFO     | tts_engine:_kyutai_generate:220 - TTS: Kyutai generated 387884 bytes (professor)
2026-04-27 16:12:31 | INFO     | tts_engine:_kyutai_generate:220 - TTS: Kyutai generated 610604 bytes (professor)
2026-04-27 16:12:48 | INFO     | tts_engine:_kyutai_generate:220 - TTS: Kyutai generated 618284 bytes (professor)
2026-04-27 16:12:49 | INFO     | __main__:ask_question:217 - Question: cell | Hybrid: False | Book: None
2026-04-27 16:12:49 | INFO     | model_manager:generate:701 - ModelManager: Auto-classified as 'speed'
2026-04-27 16:12:49 | INFO     | model_manager:generate:725 - ModelManager: Trying Groq (Tier 1) [key …YsNFU0]
2026-04-27 16:12:49 | INFO     | tts_engine:_kyutai_generate:220 - TTS: Kyutai generated 460844 bytes (professor)
2026-04-27 16:12:51 | INFO     | tts_engine:_kyutai_generate:220 - TTS: Kyutai generated 361004 bytes (professor)
2026-04-27 16:12:52 | INFO     | model_manager:generate:752 - ModelManager: ✅ Groq succeeded (4868 chars)
2026-04-27 16:12:52 | INFO     | llm_engine:generate_llm_only:158 - LLM: Pure generation via Groq
2026-04-27 16:12:58 | INFO     | tts_engine:_kyutai_generate:220 - TTS: Kyutai generated 729644 bytes (professor)
2026-04-27 16:13:02 | INFO     | tts_engine:_kyutai_generate:220 - TTS: Kyutai generated 257324 bytes (professor)
2026-04-27 16:13:07 | INFO     | tts_engine:_kyutai_generate:220 - TTS: Kyutai generated 364844 bytes (professor)
2026-04-27 16:13:10 | INFO     | tts_engine:_kyutai_generate:220 - TTS: Kyutai generated 472364 bytes (professor)
2026-04-27 16:13:12 | INFO     | tts_engine:_kyutai_generate:220 - TTS: Kyutai generated 426284 bytes (professor)
2026-04-27 16:27:11 | INFO     | model_manager:_setup_providers:445 - ModelManager: Configured providers: Groq (10 keys), Gemini Flash (5 keys), Gemini Pro (5 keys), Qwen (OpenRouter) (15 keys), OpenRouter Hub (15 keys), Mistral (1 keys), Together AI (1 keys), NVIDIA NIM (1 keys), Cohere (1 keys), Cerebras (1 keys), Hugging Face (1 keys)
2026-04-27 16:27:12 | INFO     | __main__:startup_event:104 - SciAI PRODUCTION ENGINE STARTING...
2026-04-27 16:27:12 | INFO     | cache_service:connect:26 - Redis cache connected successfully
2026-04-27 16:27:12 | INFO     | __main__:startup_event:107 - ModelManager: 11 providers configured
2026-04-27 16:27:12 | INFO     | tts_engine:initialize:333 - TTS Engine: Initializing...
2026-04-27 16:27:13 | INFO     | tts_engine:_init_kyutai:176 - TTS: Loading Kyutai Pocket-TTS model...
2026-04-27 16:27:14 | INFO     | tts_engine:_init_kyutai:178 - TTS: Kyutai model loaded (sample_rate=24000)
2026-04-27 16:27:14 | INFO     | tts_engine:_init_kyutai:185 - TTS: Loaded Kyutai catalog voice 'professor' (alba)
2026-04-27 16:27:14 | INFO     | tts_engine:_init_kyutai:185 - TTS: Loaded Kyutai catalog voice 'energetic' (cosette)
2026-04-27 16:27:14 | INFO     | tts_engine:_init_kyutai:185 - TTS: Loaded Kyutai catalog voice 'storyteller' (fantine)
2026-04-27 16:27:14 | INFO     | tts_engine:_init_kyutai:185 - TTS: Loaded Kyutai catalog voice 'formal_male' (marius)
2026-04-27 16:27:14 | INFO     | tts_engine:_init_kyutai:185 - TTS: Loaded Kyutai catalog voice 'casual_female' (eponine)
2026-04-27 16:27:14 | INFO     | tts_engine:_init_kyutai:185 - TTS: Loaded Kyutai catalog voice 'deep_male' (javert)
2026-04-27 16:27:14 | INFO     | tts_engine:_init_kyutai:185 - TTS: Loaded Kyutai catalog voice 'warm_female' (azelma)
2026-04-27 16:27:14 | INFO     | tts_engine:initialize:337 - TTS Engine: Kyutai Pocket-TTS ready (Tier 1)
2026-04-27 16:27:14 | INFO     | __main__:startup_event:111 - TTS Engine: Initialized
2026-04-27 16:28:09 | ERROR    | __main__:validation_exception_handler:87 - 422 Validation Error at /api/v1/route: [{'type': 'string_too_short', 'loc': ('body', 'query'), 'msg': 'String should have at least 1 character', 'input': '', 'ctx': {'min_length': 1}}]
2026-04-27 16:28:09 | ERROR    | __main__:validation_exception_handler:88 - Body: b'{"query":""}'
2026-04-27 16:28:09 | INFO     | __main__:ask_question:217 - Question: cell cycle | Hybrid: False | Book: None
2026-04-27 16:28:09 | INFO     | model_manager:generate:701 - ModelManager: Auto-classified as 'speed'
2026-04-27 16:28:09 | INFO     | model_manager:generate:725 - ModelManager: Trying Groq (Tier 1) [key …DURcU2]
2026-04-27 16:28:12 | INFO     | model_manager:generate:752 - ModelManager: ✅ Groq succeeded (4172 chars)
2026-04-27 16:28:12 | INFO     | llm_engine:generate_llm_only:158 - LLM: Pure generation via Groq
2026-04-27 16:28:25 | INFO     | __main__:text_to_speech:489 - TTS: Processing 4172 chars, style=professor, mode=Concept
2026-04-27 16:28:25 | INFO     | model_manager:generate:725 - ModelManager: Trying Groq (Tier 1) [key …l8NUH9]
2026-04-27 16:28:25 | INFO     | model_manager:generate:752 - ModelManager: ✅ Groq succeeded (3457 chars)
2026-04-27 16:28:25 | INFO     | tts_text_processor:optimize_for_speech:277 - TTS: Text optimized via Groq (4178 → 3457 chars)
2026-04-27 16:28:25 | INFO     | tts_engine:generate_stream:443 - TTS: Streaming 24 chunks...
2026-04-27 16:28:36 | INFO     | tts_engine:_kyutai_generate:220 - TTS: Kyutai generated 230444 bytes (professor)
2026-04-27 16:28:41 | INFO     | tts_engine:_kyutai_generate:220 - TTS: Kyutai generated 337964 bytes (professor)
2026-04-27 16:28:45 | INFO     | tts_engine:_kyutai_generate:220 - TTS: Kyutai generated 426284 bytes (professor)
2026-04-27 16:28:52 | INFO     | tts_engine:_kyutai_generate:220 - TTS: Kyutai generated 361004 bytes (professor)
2026-04-27 16:28:54 | INFO     | tts_engine:_kyutai_generate:220 - TTS: Kyutai generated 633644 bytes (professor)
2026-04-27 16:29:04 | INFO     | tts_engine:_kyutai_generate:220 - TTS: Kyutai generated 460844 bytes (professor)
2026-04-27 16:29:05 | INFO     | tts_engine:_kyutai_generate:220 - TTS: Kyutai generated 560684 bytes (professor)
2026-04-27 16:29:07 | INFO     | tts_engine:_kyutai_generate:220 - TTS: Kyutai generated 311084 bytes (professor)
2026-04-27 16:29:10 | INFO     | tts_engine:_kyutai_generate:220 - TTS: Kyutai generated 414764 bytes (professor)
2026-04-27 16:29:13 | INFO     | tts_engine:generate_stream:459 - TTS: Streaming interrupted for 'professor'. Cancelling 24 tasks.
2026-04-27 16:29:25 | INFO     | tts_engine:_kyutai_generate:220 - TTS: Kyutai generated 261164 bytes (professor)
2026-04-27 16:29:31 | INFO     | tts_engine:_kyutai_generate:220 - TTS: Kyutai generated 503084 bytes (professor)
2026-04-27 16:29:32 | INFO     | tts_engine:_kyutai_generate:220 - TTS: Kyutai generated 464684 bytes (professor)
2026-04-27 16:29:32 | INFO     | tts_engine:_kyutai_generate:220 - TTS: Kyutai generated 345644 bytes (professor)
2026-04-27 16:29:32 | INFO     | tts_engine:_kyutai_generate:220 - TTS: Kyutai generated 510764 bytes (professor)
2026-04-27 16:30:33 | INFO     | model_manager:generate:725 - ModelManager: Trying Groq (Tier 1) [key …1ls9p2]
2026-04-27 16:30:33 | INFO     | model_manager:generate:752 - ModelManager: ✅ Groq succeeded (131 chars)
2026-04-27 16:30:33 | INFO     | controller_prompt:classify:153 - Controller: Routing via Groq
2026-04-27 16:30:40 | INFO     | __main__:ask_question:217 - Question: cell cycle | Hybrid: True | Book: None
2026-04-27 16:30:40 | INFO     | faiss_store:ensure_loaded:52 - FAISS: Loading index from disk (mtime changed)...
2026-04-27 16:30:40 | INFO     | faiss_store:load:87 - FAISS: Loaded 995 vectors of type IndexIDMap2.
2026-04-27 16:30:40 | INFO     | faiss_store:get_model:15 - Loading embedding model...
2026-04-27 16:30:44 | INFO     | faiss_store:search:199 - FAISS Search: query='cell cycle...', search_k=25, ntotal=995
2026-04-27 16:30:44 | INFO     | faiss_store:search:227 - FAISS Search: Matches for book_id=None: 24
2026-04-27 16:30:44 | INFO     | live_articles:search_articles:244 - Article Search: 'cell cycle' | Page: 1
2026-04-27 16:30:45 | INFO     | live_articles:search_articles:253 - Adding PubMed task for 'cell cycle'
2026-04-27 16:30:45 | INFO     | live_articles:search_articles:256 - Adding arXiv task for 'cell cycle'
2026-04-27 16:30:45 | INFO     | live_articles:search_articles:263 - Adding Wikipedia task for 'cell cycle'
2026-04-27 16:30:45 | INFO     | live_articles:fetch_pubmed:106 - PubMed: Searching for 'cell cycle' (retmax=10)
2026-04-27 16:30:46 | INFO     | live_articles:fetch_pubmed:124 - PubMed search returned 10 IDs (Total: 602274)
2026-04-27 16:30:48 | INFO     | live_articles:fetch_pubmed:180 - PubMed: Successfully parsed 10 articles.
2026-04-27 16:30:49 | INFO     | live_articles:search_articles:289 - Source 0 returned 10 articles (Total in source: 602274)
2026-04-27 16:30:49 | INFO     | live_articles:search_articles:289 - Source 1 returned 10 articles (Total in source: 96169)
2026-04-27 16:30:49 | INFO     | live_articles:search_articles:293 - Wikipedia returned 0 articles
2026-04-27 16:30:49 | INFO     | model_manager:generate:725 - ModelManager: Trying Groq (Tier 1) [key …9pzhKT]
2026-04-27 16:30:50 | INFO     | model_manager:generate:752 - ModelManager: ✅ Groq succeeded (4722 chars)
2026-04-27 16:30:50 | INFO     | llm_engine:generate_hybrid_answer:238 - LLM: Hybrid generation via Groq
2026-04-27 16:31:04 | INFO     | __main__:text_to_speech:489 - TTS: Processing 4690 chars, style=professor, mode=Expert
2026-04-27 16:31:04 | INFO     | model_manager:generate:725 - ModelManager: Trying Groq (Tier 1) [key …Q27Y0X]
2026-04-27 16:31:05 | INFO     | model_manager:generate:752 - ModelManager: ✅ Groq succeeded (3440 chars)
2026-04-27 16:31:05 | INFO     | tts_text_processor:optimize_for_speech:277 - TTS: Text optimized via Groq (4690 → 3440 chars)
2026-04-27 16:31:05 | INFO     | tts_engine:generate_stream:443 - TTS: Streaming 24 chunks...
2026-04-27 16:31:26 | INFO     | tts_engine:_kyutai_generate:220 - TTS: Kyutai generated 426284 bytes (professor)
2026-04-27 16:31:27 | INFO     | tts_engine:_kyutai_generate:220 - TTS: Kyutai generated 449324 bytes (professor)
2026-04-27 16:31:27 | INFO     | tts_engine:_kyutai_generate:220 - TTS: Kyutai generated 472364 bytes (professor)
2026-04-27 16:31:29 | INFO     | tts_engine:_kyutai_generate:220 - TTS: Kyutai generated 503084 bytes (professor)
2026-04-27 16:31:41 | INFO     | tts_engine:_kyutai_generate:220 - TTS: Kyutai generated 353324 bytes (professor)
2026-04-27 16:31:44 | INFO     | tts_engine:_kyutai_generate:220 - TTS: Kyutai generated 384044 bytes (professor)
2026-04-27 16:31:49 | INFO     | tts_engine:_kyutai_generate:220 - TTS: Kyutai generated 526124 bytes (professor)
2026-04-27 16:31:51 | INFO     | tts_engine:_kyutai_generate:220 - TTS: Kyutai generated 510764 bytes (professor)
2026-04-27 16:31:51 | INFO     | tts_engine:_kyutai_generate:220 - TTS: Kyutai generated 238124 bytes (professor)
2026-04-27 16:32:02 | INFO     | tts_engine:_kyutai_generate:220 - TTS: Kyutai generated 430124 bytes (professor)
2026-04-27 16:32:08 | INFO     | tts_engine:_kyutai_generate:220 - TTS: Kyutai generated 414764 bytes (professor)
2026-04-27 16:32:11 | INFO     | tts_engine:_kyutai_generate:220 - TTS: Kyutai generated 445484 bytes (professor)
2026-04-27 16:32:11 | INFO     | tts_engine:_kyutai_generate:220 - TTS: Kyutai generated 460844 bytes (professor)
2026-04-27 16:32:25 | INFO     | tts_engine:_kyutai_generate:220 - TTS: Kyutai generated 376364 bytes (professor)
2026-04-27 16:32:26 | INFO     | tts_engine:_kyutai_generate:220 - TTS: Kyutai generated 522284 bytes (professor)
2026-04-27 16:32:29 | INFO     | tts_engine:_kyutai_generate:220 - TTS: Kyutai generated 399404 bytes (professor)
2026-04-27 16:32:36 | INFO     | tts_engine:_kyutai_generate:220 - TTS: Kyutai generated 261164 bytes (professor)
2026-04-27 16:32:40 | INFO     | tts_engine:_kyutai_generate:220 - TTS: Kyutai generated 238124 bytes (professor)
2026-04-27 16:32:41 | INFO     | tts_engine:_kyutai_generate:220 - TTS: Kyutai generated 652844 bytes (professor)
2026-04-27 16:32:44 | INFO     | tts_engine:_kyutai_generate:220 - TTS: Kyutai generated 395564 bytes (professor)
2026-04-27 16:32:57 | INFO     | tts_engine:_kyutai_generate:220 - TTS: Kyutai generated 457004 bytes (professor)
2026-04-27 16:32:58 | INFO     | tts_engine:_kyutai_generate:220 - TTS: Kyutai generated 410924 bytes (professor)
2026-04-27 16:32:59 | INFO     | tts_engine:_kyutai_generate:220 - TTS: Kyutai generated 426284 bytes (professor)
2026-04-27 16:33:00 | INFO     | tts_engine:_kyutai_generate:220 - TTS: Kyutai generated 510764 bytes (professor)
2026-04-27 16:35:56 | INFO     | __main__:ask_question:217 - Question: cell | Hybrid: True | Book: 0b3eb816-27ec-4d42-a5d7-5dbff64c2bf2
2026-04-27 16:35:56 | INFO     | faiss_store:search:199 - FAISS Search: query='cell...', search_k=500, ntotal=995
2026-04-27 16:35:56 | INFO     | faiss_store:search:227 - FAISS Search: Matches for book_id=0b3eb816-27ec-4d42-a5d7-5dbff64c2bf2: 50
2026-04-27 16:35:56 | INFO     | model_manager:generate:725 - ModelManager: Trying Qwen (OpenRouter) (Tier 3) [key …8fb9ad]
2026-04-27 16:36:26 | INFO     | model_manager:generate:752 - ModelManager: ✅ Qwen (OpenRouter) succeeded (3035 chars)
2026-04-27 16:36:26 | INFO     | llm_engine:generate_book_answer:272 - LLM: Book generation via Qwen (OpenRouter)
2026-04-27 16:36:35 | INFO     | __main__:text_to_speech:489 - TTS: Processing 3035 chars, style=professor, mode=Library
2026-04-27 16:36:35 | INFO     | model_manager:generate:725 - ModelManager: Trying Groq (Tier 1) [key …46sRvF]
2026-04-27 16:36:36 | INFO     | model_manager:generate:752 - ModelManager: ✅ Groq succeeded (2851 chars)
2026-04-27 16:36:36 | INFO     | tts_text_processor:optimize_for_speech:277 - TTS: Text optimized via Groq (3035 → 2851 chars)
2026-04-27 16:36:36 | INFO     | tts_engine:generate_stream:443 - TTS: Streaming 20 chunks...
2026-04-27 16:36:56 | INFO     | tts_engine:_kyutai_generate:220 - TTS: Kyutai generated 418604 bytes (professor)
2026-04-27 16:36:59 | INFO     | tts_engine:_kyutai_generate:220 - TTS: Kyutai generated 491564 bytes (professor)
2026-04-27 16:37:04 | INFO     | tts_engine:_kyutai_generate:220 - TTS: Kyutai generated 614444 bytes (professor)
2026-04-27 16:37:05 | INFO     | tts_engine:generate_stream:459 - TTS: Streaming interrupted for 'professor'. Cancelling 20 tasks.
2026-04-27 16:37:08 | INFO     | tts_engine:_kyutai_generate:220 - TTS: Kyutai generated 687404 bytes (professor)
2026-04-27 16:37:13 | INFO     | tts_engine:_kyutai_generate:220 - TTS: Kyutai generated 311084 bytes (professor)
2026-04-27 16:37:16 | INFO     | tts_engine:_kyutai_generate:220 - TTS: Kyutai generated 487724 bytes (professor)
2026-04-27 16:37:17 | INFO     | tts_engine:_kyutai_generate:220 - TTS: Kyutai generated 276524 bytes (professor)
2026-04-27 16:37:19 | INFO     | tts_engine:_kyutai_generate:220 - TTS: Kyutai generated 560684 bytes (professor)
2026-04-27 16:43:14 | INFO     | model_manager:generate:725 - ModelManager: Trying Groq (Tier 1) [key …gziTsp]
2026-04-27 16:43:14 | INFO     | model_manager:generate:752 - ModelManager: ✅ Groq succeeded (146 chars)
2026-04-27 16:43:14 | INFO     | controller_prompt:classify:153 - Controller: Routing via Groq
2026-04-27 16:43:21 | INFO     | __main__:ask_question:217 - Question: cell membranes | Hybrid: False | Book: None
2026-04-27 16:43:21 | INFO     | model_manager:generate:701 - ModelManager: Auto-classified as 'speed'
2026-04-27 16:43:21 | INFO     | model_manager:generate:725 - ModelManager: Trying Groq (Tier 1) [key …zJwWLp]
2026-04-27 16:43:23 | INFO     | model_manager:generate:752 - ModelManager: ✅ Groq succeeded (4049 chars)
2026-04-27 16:43:23 | INFO     | llm_engine:generate_llm_only:158 - LLM: Pure generation via Groq
2026-04-27 16:43:35 | INFO     | __main__:text_to_speech:489 - TTS: Processing 4049 chars, style=professor, mode=Concept
2026-04-27 16:43:35 | INFO     | model_manager:generate:725 - ModelManager: Trying Groq (Tier 1) [key …YsNFU0]
2026-04-27 16:43:36 | INFO     | model_manager:generate:752 - ModelManager: ✅ Groq succeeded (2434 chars)
2026-04-27 16:43:36 | INFO     | tts_text_processor:optimize_for_speech:277 - TTS: Text optimized via Groq (4049 → 2434 chars)
2026-04-27 16:43:36 | INFO     | tts_engine:generate_stream:443 - TTS: Streaming 17 chunks...
2026-04-27 16:43:48 | INFO     | tts_engine:_kyutai_generate:220 - TTS: Kyutai generated 261164 bytes (professor)
2026-04-27 16:43:50 | INFO     | tts_engine:_kyutai_generate:220 - TTS: Kyutai generated 303404 bytes (professor)
2026-04-27 16:43:51 | INFO     | tts_engine:_kyutai_generate:220 - TTS: Kyutai generated 318764 bytes (professor)
2026-04-27 16:43:54 | INFO     | tts_engine:_kyutai_generate:220 - TTS: Kyutai generated 384044 bytes (professor)
2026-04-27 16:44:03 | INFO     | tts_engine:_kyutai_generate:220 - TTS: Kyutai generated 303404 bytes (professor)
2026-04-27 16:44:05 | INFO     | tts_engine:_kyutai_generate:220 - TTS: Kyutai generated 322604 bytes (professor)
2026-04-27 16:44:12 | INFO     | tts_engine:_kyutai_generate:220 - TTS: Kyutai generated 468524 bytes (professor)
2026-04-27 16:44:12 | INFO     | tts_engine:_kyutai_generate:220 - TTS: Kyutai generated 418604 bytes (professor)
2026-04-27 16:44:25 | INFO     | tts_engine:_kyutai_generate:220 - TTS: Kyutai generated 326444 bytes (professor)
2026-04-27 16:44:25 | INFO     | tts_engine:_kyutai_generate:220 - TTS: Kyutai generated 526124 bytes (professor)
2026-04-27 16:44:29 | INFO     | tts_engine:_kyutai_generate:220 - TTS: Kyutai generated 549164 bytes (professor)
2026-04-27 16:44:31 | INFO     | tts_engine:_kyutai_generate:220 - TTS: Kyutai generated 433964 bytes (professor)
2026-04-27 16:44:38 | INFO     | tts_engine:_kyutai_generate:220 - TTS: Kyutai generated 272684 bytes (professor)
2026-04-27 16:44:44 | INFO     | tts_engine:_kyutai_generate:220 - TTS: Kyutai generated 341804 bytes (professor)
2026-04-27 16:44:45 | INFO     | tts_engine:_kyutai_generate:220 - TTS: Kyutai generated 457004 bytes (professor)
2026-04-27 16:44:47 | INFO     | tts_engine:_kyutai_generate:220 - TTS: Kyutai generated 464684 bytes (professor)
2026-04-27 16:44:48 | ERROR    | __main__:validation_exception_handler:87 - 422 Validation Error at /api/v1/tts: [{'type': 'json_invalid', 'loc': ('body', 27), 'msg': 'JSON decode error', 'input': {}, 'ctx': {'error': 'Invalid control character at'}}]
2026-04-27 16:44:48 | ERROR    | __main__:validation_exception_handler:88 - Body: b'{"text":"Executive Overview\nThe cell membrane is a thin, semi-permeable barrier that surrounds every cell and regulates the flow of materials in and out. It is composed of a phospholipid bilayer with embedded proteins that perform various functions, such as transporting molecules, receiving signals, and maintaining cell shape. The cell membrane plays a crucial role in maintaining cellular homeostasis and allowing cells to interact with their environment.\n\nCell Structure\nThe cell membrane is composed of a phospholipid bilayer, with the hydrophilic (water-loving) heads facing outwards and the hydrophobic (water-fearing) tails facing inwards. This arrangement allows the cell membrane to maintain its structure and function in an aqueous environment. The phospholipid bilayer is semi-permeable, allowing certain molecules to pass through while restricting others. Embedded proteins, such as transport proteins and receptors, are responsible for regulating the flow of molecules across the cell membrane.\n\nMechanisms\nThe cell membrane uses several mechanisms to regulate the flow of materials in and out of the cell. One such mechanism is diffusion, where molecules move from an area of high concentration to an area of low concentration. The cell membrane also uses active transport, where energy is used to pump molecules against their concentration gradient. Additionally, the cell membrane uses endocytosis and exocytosis, where molecules are engulfed or released from the cell through vesicles. These mechanisms allow the cell to maintain homeostasis and respond to changes in its environment.\n\nTransport Processes\nThe cell membrane uses various transport processes to regulate the flow of molecules in and out of the cell. One such process is facilitated diffusion, where transport proteins help molecules move down their concentration gradient. Another process is active transport, where energy is used to pump molecules against their concentration gradient. The cell membrane also uses osmosis, where water molecules move in and out of the cell to equalize solute concentrations. These transport processes allow the cell to maintain a stable internal environment and respond to changes in its external environment.\n\nClinical Significance\nThe cell membrane plays a crucial role in various clinical conditions, such as cancer, where changes in cell membrane structure and function can lead to uncontrolled cell growth and metastasis. The cell membrane is also involved in neurological disorders, such as Alzheimer\'s disease, where changes in cell membrane structure and function can lead to neuronal dysfunction and death. Additionally, the cell membrane is a target for various drugs, such as antibiotics and anticancer agents, which can interact with cell membrane proteins to exert their effects.\n\nHistorical Context\nThe discovery of the cell membrane dates back to the 19th century, when scientists such as Rudolf Virchow and Robert Hooke first described the existence of a cell boundary. However, it wasn\'t until the 20th century, with the development of electron microscopy and biochemical techniques, that the structure and function of the cell membrane were fully elucidated. The discovery of the cell membrane has had a significant impact on our understanding of cellular biology and has led to major advances in fields such as medicine and biotechnology.\n\nFuture Directions\nFuture research on the cell membrane is expected to focus on understanding the complex interactions between the cell membrane and its environment. This will involve the use of advanced techniques, such as single-molecule microscopy and computational modeling, to study the dynamics of cell membrane structure and function. Additionally, researchers will seek to develop new therapies that target the cell membrane, such as drugs that can selectively target cancer cells or repair damaged cell membranes. By continuing to study the cell membrane, scientists hope to gain a deeper understanding of cellular biology and develop new treatments for a range of diseases.","voice_style":"professor","mode":"Concept","speed":1.0}'
2026-04-27 16:44:49 | INFO     | tts_engine:_kyutai_generate:220 - TTS: Kyutai generated 445484 bytes (professor)
2026-04-27 16:44:54 | ERROR    | __main__:validation_exception_handler:87 - 422 Validation Error at /api/v1/tts: [{'type': 'json_invalid', 'loc': ('body', 27), 'msg': 'JSON decode error', 'input': {}, 'ctx': {'error': 'Invalid control character at'}}]
2026-04-27 16:44:54 | ERROR    | __main__:validation_exception_handler:88 - Body: b'{"text":"Executive Overview\nThe cell membrane is a thin, semi-permeable barrier that surrounds every cell and regulates the flow of materials in and out. It is composed of a phospholipid bilayer with embedded proteins that perform various functions, such as transporting molecules, receiving signals, and maintaining cell shape. The cell membrane plays a crucial role in maintaining cellular homeostasis and allowing cells to interact with their environment.\n\nCell Structure\nThe cell membrane is composed of a phospholipid bilayer, with the hydrophilic (water-loving) heads facing outwards and the hydrophobic (water-fearing) tails facing inwards. This arrangement allows the cell membrane to maintain its structure and function in an aqueous environment. The phospholipid bilayer is semi-permeable, allowing certain molecules to pass through while restricting others. Embedded proteins, such as transport proteins and receptors, are responsible for regulating the flow of molecules across the cell membrane.\n\nMechanisms\nThe cell membrane uses several mechanisms to regulate the flow of materials in and out of the cell. One such mechanism is diffusion, where molecules move from an area of high concentration to an area of low concentration. The cell membrane also uses active transport, where energy is used to pump molecules against their concentration gradient. Additionally, the cell membrane uses endocytosis and exocytosis, where molecules are engulfed or released from the cell through vesicles. These mechanisms allow the cell to maintain homeostasis and respond to changes in its environment.\n\nTransport Processes\nThe cell membrane uses various transport processes to regulate the flow of molecules in and out of the cell. One such process is facilitated diffusion, where transport proteins help molecules move down their concentration gradient. Another process is active transport, where energy is used to pump molecules against their concentration gradient. The cell membrane also uses osmosis, where water molecules move in and out of the cell to equalize solute concentrations. These transport processes allow the cell to maintain a stable internal environment and respond to changes in its external environment.\n\nClinical Significance\nThe cell membrane plays a crucial role in various clinical conditions, such as cancer, where changes in cell membrane structure and function can lead to uncontrolled cell growth and metastasis. The cell membrane is also involved in neurological disorders, such as Alzheimer\'s disease, where changes in cell membrane structure and function can lead to neuronal dysfunction and death. Additionally, the cell membrane is a target for various drugs, such as antibiotics and anticancer agents, which can interact with cell membrane proteins to exert their effects.\n\nHistorical Context\nThe discovery of the cell membrane dates back to the 19th century, when scientists such as Rudolf Virchow and Robert Hooke first described the existence of a cell boundary. However, it wasn\'t until the 20th century, with the development of electron microscopy and biochemical techniques, that the structure and function of the cell membrane were fully elucidated. The discovery of the cell membrane has had a significant impact on our understanding of cellular biology and has led to major advances in fields such as medicine and biotechnology.\n\nFuture Directions\nFuture research on the cell membrane is expected to focus on understanding the complex interactions between the cell membrane and its environment. This will involve the use of advanced techniques, such as single-molecule microscopy and computational modeling, to study the dynamics of cell membrane structure and function. Additionally, researchers will seek to develop new therapies that target the cell membrane, such as drugs that can selectively target cancer cells or repair damaged cell membranes. By continuing to study the cell membrane, scientists hope to gain a deeper understanding of cellular biology and develop new treatments for a range of diseases.","voice_style":"professor","mode":"Concept","speed":1.0}'
2026-04-27 16:44:56 | ERROR    | __main__:validation_exception_handler:87 - 422 Validation Error at /api/v1/tts: [{'type': 'json_invalid', 'loc': ('body', 27), 'msg': 'JSON decode error', 'input': {}, 'ctx': {'error': 'Invalid control character at'}}]
2026-04-27 16:44:56 | ERROR    | __main__:validation_exception_handler:88 - Body: b'{"text":"Executive Overview\nThe cell membrane is a thin, semi-permeable barrier that surrounds every cell and regulates the flow of materials in and out. It is composed of a phospholipid bilayer with embedded proteins that perform various functions, such as transporting molecules, receiving signals, and maintaining cell shape. The cell membrane plays a crucial role in maintaining cellular homeostasis and allowing cells to interact with their environment.\n\nCell Structure\nThe cell membrane is composed of a phospholipid bilayer, with the hydrophilic (water-loving) heads facing outwards and the hydrophobic (water-fearing) tails facing inwards. This arrangement allows the cell membrane to maintain its structure and function in an aqueous environment. The phospholipid bilayer is semi-permeable, allowing certain molecules to pass through while restricting others. Embedded proteins, such as transport proteins and receptors, are responsible for regulating the flow of molecules across the cell membrane.\n\nMechanisms\nThe cell membrane uses several mechanisms to regulate the flow of materials in and out of the cell. One such mechanism is diffusion, where molecules move from an area of high concentration to an area of low concentration. The cell membrane also uses active transport, where energy is used to pump molecules against their concentration gradient. Additionally, the cell membrane uses endocytosis and exocytosis, where molecules are engulfed or released from the cell through vesicles. These mechanisms allow the cell to maintain homeostasis and respond to changes in its environment.\n\nTransport Processes\nThe cell membrane uses various transport processes to regulate the flow of molecules in and out of the cell. One such process is facilitated diffusion, where transport proteins help molecules move down their concentration gradient. Another process is active transport, where energy is used to pump molecules against their concentration gradient. The cell membrane also uses osmosis, where water molecules move in and out of the cell to equalize solute concentrations. These transport processes allow the cell to maintain a stable internal environment and respond to changes in its external environment.\n\nClinical Significance\nThe cell membrane plays a crucial role in various clinical conditions, such as cancer, where changes in cell membrane structure and function can lead to uncontrolled cell growth and metastasis. The cell membrane is also involved in neurological disorders, such as Alzheimer\'s disease, where changes in cell membrane structure and function can lead to neuronal dysfunction and death. Additionally, the cell membrane is a target for various drugs, such as antibiotics and anticancer agents, which can interact with cell membrane proteins to exert their effects.\n\nHistorical Context\nThe discovery of the cell membrane dates back to the 19th century, when scientists such as Rudolf Virchow and Robert Hooke first described the existence of a cell boundary. However, it wasn\'t until the 20th century, with the development of electron microscopy and biochemical techniques, that the structure and function of the cell membrane were fully elucidated. The discovery of the cell membrane has had a significant impact on our understanding of cellular biology and has led to major advances in fields such as medicine and biotechnology.\n\nFuture Directions\nFuture research on the cell membrane is expected to focus on understanding the complex interactions between the cell membrane and its environment. This will involve the use of advanced techniques, such as single-molecule microscopy and computational modeling, to study the dynamics of cell membrane structure and function. Additionally, researchers will seek to develop new therapies that target the cell membrane, such as drugs that can selectively target cancer cells or repair damaged cell membranes. By continuing to study the cell membrane, scientists hope to gain a deeper understanding of cellular biology and develop new treatments for a range of diseases.","voice_style":"professor","mode":"Concept","speed":1.0}'
2026-04-27 16:45:48 | ERROR    | __main__:validation_exception_handler:87 - 422 Validation Error at /api/v1/tts: [{'type': 'json_invalid', 'loc': ('body', 27), 'msg': 'JSON decode error', 'input': {}, 'ctx': {'error': 'Invalid control character at'}}]
2026-04-27 16:45:48 | ERROR    | __main__:validation_exception_handler:88 - Body: b'{"text":"Executive Overview\nThe cell membrane is a thin, semi-permeable barrier that surrounds every cell and regulates the flow of materials in and out. It is composed of a phospholipid bilayer with embedded proteins that perform various functions, such as transporting molecules, receiving signals, and maintaining cell shape. The cell membrane plays a crucial role in maintaining cellular homeostasis and allowing cells to interact with their environment.\n\nCell Structure\nThe cell membrane is composed of a phospholipid bilayer, with the hydrophilic (water-loving) heads facing outwards and the hydrophobic (water-fearing) tails facing inwards. This arrangement allows the cell membrane to maintain its structure and function in an aqueous environment. The phospholipid bilayer is semi-permeable, allowing certain molecules to pass through while restricting others. Embedded proteins, such as transport proteins and receptors, are responsible for regulating the flow of molecules across the cell membrane.\n\nMechanisms\nThe cell membrane uses several mechanisms to regulate the flow of materials in and out of the cell. One such mechanism is diffusion, where molecules move from an area of high concentration to an area of low concentration. The cell membrane also uses active transport, where energy is used to pump molecules against their concentration gradient. Additionally, the cell membrane uses endocytosis and exocytosis, where molecules are engulfed or released from the cell through vesicles. These mechanisms allow the cell to maintain homeostasis and respond to changes in its environment.\n\nTransport Processes\nThe cell membrane uses various transport processes to regulate the flow of molecules in and out of the cell. One such process is facilitated diffusion, where transport proteins help molecules move down their concentration gradient. Another process is active transport, where energy is used to pump molecules against their concentration gradient. The cell membrane also uses osmosis, where water molecules move in and out of the cell to equalize solute concentrations. These transport processes allow the cell to maintain a stable internal environment and respond to changes in its external environment.\n\nClinical Significance\nThe cell membrane plays a crucial role in various clinical conditions, such as cancer, where changes in cell membrane structure and function can lead to uncontrolled cell growth and metastasis. The cell membrane is also involved in neurological disorders, such as Alzheimer\'s disease, where changes in cell membrane structure and function can lead to neuronal dysfunction and death. Additionally, the cell membrane is a target for various drugs, such as antibiotics and anticancer agents, which can interact with cell membrane proteins to exert their effects.\n\nHistorical Context\nThe discovery of the cell membrane dates back to the 19th century, when scientists such as Rudolf Virchow and Robert Hooke first described the existence of a cell boundary. However, it wasn\'t until the 20th century, with the development of electron microscopy and biochemical techniques, that the structure and function of the cell membrane were fully elucidated. The discovery of the cell membrane has had a significant impact on our understanding of cellular biology and has led to major advances in fields such as medicine and biotechnology.\n\nFuture Directions\nFuture research on the cell membrane is expected to focus on understanding the complex interactions between the cell membrane and its environment. This will involve the use of advanced techniques, such as single-molecule microscopy and computational modeling, to study the dynamics of cell membrane structure and function. Additionally, researchers will seek to develop new therapies that target the cell membrane, such as drugs that can selectively target cancer cells or repair damaged cell membranes. By continuing to study the cell membrane, scientists hope to gain a deeper understanding of cellular biology and develop new treatments for a range of diseases.","voice_style":"professor","mode":"Concept","speed":1.0}'
2026-04-27 16:45:49 | ERROR    | __main__:validation_exception_handler:87 - 422 Validation Error at /api/v1/tts: [{'type': 'json_invalid', 'loc': ('body', 27), 'msg': 'JSON decode error', 'input': {}, 'ctx': {'error': 'Invalid control character at'}}]
2026-04-27 16:45:49 | ERROR    | __main__:validation_exception_handler:88 - Body: b'{"text":"Executive Overview\nThe cell membrane is a thin, semi-permeable barrier that surrounds every cell and regulates the flow of materials in and out. It is composed of a phospholipid bilayer with embedded proteins that perform various functions, such as transporting molecules, receiving signals, and maintaining cell shape. The cell membrane plays a crucial role in maintaining cellular homeostasis and allowing cells to interact with their environment.\n\nCell Structure\nThe cell membrane is composed of a phospholipid bilayer, with the hydrophilic (water-loving) heads facing outwards and the hydrophobic (water-fearing) tails facing inwards. This arrangement allows the cell membrane to maintain its structure and function in an aqueous environment. The phospholipid bilayer is semi-permeable, allowing certain molecules to pass through while restricting others. Embedded proteins, such as transport proteins and receptors, are responsible for regulating the flow of molecules across the cell membrane.\n\nMechanisms\nThe cell membrane uses several mechanisms to regulate the flow of materials in and out of the cell. One such mechanism is diffusion, where molecules move from an area of high concentration to an area of low concentration. The cell membrane also uses active transport, where energy is used to pump molecules against their concentration gradient. Additionally, the cell membrane uses endocytosis and exocytosis, where molecules are engulfed or released from the cell through vesicles. These mechanisms allow the cell to maintain homeostasis and respond to changes in its environment.\n\nTransport Processes\nThe cell membrane uses various transport processes to regulate the flow of molecules in and out of the cell. One such process is facilitated diffusion, where transport proteins help molecules move down their concentration gradient. Another process is active transport, where energy is used to pump molecules against their concentration gradient. The cell membrane also uses osmosis, where water molecules move in and out of the cell to equalize solute concentrations. These transport processes allow the cell to maintain a stable internal environment and respond to changes in its external environment.\n\nClinical Significance\nThe cell membrane plays a crucial role in various clinical conditions, such as cancer, where changes in cell membrane structure and function can lead to uncontrolled cell growth and metastasis. The cell membrane is also involved in neurological disorders, such as Alzheimer\'s disease, where changes in cell membrane structure and function can lead to neuronal dysfunction and death. Additionally, the cell membrane is a target for various drugs, such as antibiotics and anticancer agents, which can interact with cell membrane proteins to exert their effects.\n\nHistorical Context\nThe discovery of the cell membrane dates back to the 19th century, when scientists such as Rudolf Virchow and Robert Hooke first described the existence of a cell boundary. However, it wasn\'t until the 20th century, with the development of electron microscopy and biochemical techniques, that the structure and function of the cell membrane were fully elucidated. The discovery of the cell membrane has had a significant impact on our understanding of cellular biology and has led to major advances in fields such as medicine and biotechnology.\n\nFuture Directions\nFuture research on the cell membrane is expected to focus on understanding the complex interactions between the cell membrane and its environment. This will involve the use of advanced techniques, such as single-molecule microscopy and computational modeling, to study the dynamics of cell membrane structure and function. Additionally, researchers will seek to develop new therapies that target the cell membrane, such as drugs that can selectively target cancer cells or repair damaged cell membranes. By continuing to study the cell membrane, scientists hope to gain a deeper understanding of cellular biology and develop new treatments for a range of diseases.","voice_style":"professor","mode":"Concept","speed":1.0}'
2026-04-27 16:46:07 | ERROR    | __main__:validation_exception_handler:87 - 422 Validation Error at /api/v1/tts: [{'type': 'json_invalid', 'loc': ('body', 27), 'msg': 'JSON decode error', 'input': {}, 'ctx': {'error': 'Invalid control character at'}}]
2026-04-27 16:46:07 | ERROR    | __main__:validation_exception_handler:88 - Body: b'{"text":"Executive Overview\nThe cell membrane is a thin, semi-permeable barrier that surrounds every cell and regulates the flow of materials in and out. It is composed of a phospholipid bilayer with embedded proteins that perform various functions, such as transporting molecules, receiving signals, and maintaining cell shape. The cell membrane plays a crucial role in maintaining cellular homeostasis and allowing cells to interact with their environment.\n\nCell Structure\nThe cell membrane is composed of a phospholipid bilayer, with the hydrophilic (water-loving) heads facing outwards and the hydrophobic (water-fearing) tails facing inwards. This arrangement allows the cell membrane to maintain its structure and function in an aqueous environment. The phospholipid bilayer is semi-permeable, allowing certain molecules to pass through while restricting others. Embedded proteins, such as transport proteins and receptors, are responsible for regulating the flow of molecules across the cell membrane.\n\nMechanisms\nThe cell membrane uses several mechanisms to regulate the flow of materials in and out of the cell. One such mechanism is diffusion, where molecules move from an area of high concentration to an area of low concentration. The cell membrane also uses active transport, where energy is used to pump molecules against their concentration gradient. Additionally, the cell membrane uses endocytosis and exocytosis, where molecules are engulfed or released from the cell through vesicles. These mechanisms allow the cell to maintain homeostasis and respond to changes in its environment.\n\nTransport Processes\nThe cell membrane uses various transport processes to regulate the flow of molecules in and out of the cell. One such process is facilitated diffusion, where transport proteins help molecules move down their concentration gradient. Another process is active transport, where energy is used to pump molecules against their concentration gradient. The cell membrane also uses osmosis, where water molecules move in and out of the cell to equalize solute concentrations. These transport processes allow the cell to maintain a stable internal environment and respond to changes in its external environment.\n\nClinical Significance\nThe cell membrane plays a crucial role in various clinical conditions, such as cancer, where changes in cell membrane structure and function can lead to uncontrolled cell growth and metastasis. The cell membrane is also involved in neurological disorders, such as Alzheimer\'s disease, where changes in cell membrane structure and function can lead to neuronal dysfunction and death. Additionally, the cell membrane is a target for various drugs, such as antibiotics and anticancer agents, which can interact with cell membrane proteins to exert their effects.\n\nHistorical Context\nThe discovery of the cell membrane dates back to the 19th century, when scientists such as Rudolf Virchow and Robert Hooke first described the existence of a cell boundary. However, it wasn\'t until the 20th century, with the development of electron microscopy and biochemical techniques, that the structure and function of the cell membrane were fully elucidated. The discovery of the cell membrane has had a significant impact on our understanding of cellular biology and has led to major advances in fields such as medicine and biotechnology.\n\nFuture Directions\nFuture research on the cell membrane is expected to focus on understanding the complex interactions between the cell membrane and its environment. This will involve the use of advanced techniques, such as single-molecule microscopy and computational modeling, to study the dynamics of cell membrane structure and function. Additionally, researchers will seek to develop new therapies that target the cell membrane, such as drugs that can selectively target cancer cells or repair damaged cell membranes. By continuing to study the cell membrane, scientists hope to gain a deeper understanding of cellular biology and develop new treatments for a range of diseases.","voice_style":"professor","mode":"Concept","speed":1.0}'
2026-04-27 16:57:17 | INFO     | model_manager:generate:725 - ModelManager: Trying Groq (Tier 1) [key …l1coCr]
2026-04-27 16:57:17 | INFO     | model_manager:generate:752 - ModelManager: ✅ Groq succeeded (140 chars)
2026-04-27 16:57:17 | INFO     | controller_prompt:classify:153 - Controller: Routing via Groq
2026-04-27 16:57:18 | INFO     | model_manager:generate:725 - ModelManager: Trying Groq (Tier 1) [key …DURcU2]
2026-04-27 16:57:19 | INFO     | model_manager:generate:752 - ModelManager: ✅ Groq succeeded (139 chars)
2026-04-27 16:57:19 | INFO     | controller_prompt:classify:153 - Controller: Routing via Groq
2026-04-27 16:57:21 | INFO     | model_manager:generate:725 - ModelManager: Trying Groq (Tier 1) [key …l8NUH9]
2026-04-27 16:57:21 | INFO     | model_manager:generate:752 - ModelManager: ✅ Groq succeeded (139 chars)
2026-04-27 16:57:21 | INFO     | controller_prompt:classify:153 - Controller: Routing via Groq
2026-04-27 16:57:23 | INFO     | model_manager:generate:725 - ModelManager: Trying Groq (Tier 1) [key …1ls9p2]
2026-04-27 16:57:23 | INFO     | model_manager:generate:752 - ModelManager: ✅ Groq succeeded (156 chars)
2026-04-27 16:57:23 | INFO     | controller_prompt:classify:153 - Controller: Routing via Groq
2026-04-27 16:57:26 | INFO     | model_manager:generate:725 - ModelManager: Trying Groq (Tier 1) [key …9pzhKT]
2026-04-27 16:57:26 | INFO     | model_manager:generate:752 - ModelManager: ✅ Groq succeeded (151 chars)
2026-04-27 16:57:26 | INFO     | controller_prompt:classify:153 - Controller: Routing via Groq
2026-04-27 16:57:32 | INFO     | __main__:ask_question:217 - Question: cellular mechanisms and signaling | Hybrid: False | Book: None
2026-04-27 16:57:32 | INFO     | model_manager:generate:701 - ModelManager: Auto-classified as 'deep'
2026-04-27 16:57:32 | INFO     | model_manager:generate:725 - ModelManager: Trying Qwen (OpenRouter) (Tier 3) [key …cb12eb]
2026-04-27 16:58:09 | INFO     | model_manager:generate:752 - ModelManager: ✅ Qwen (OpenRouter) succeeded (6612 chars)
2026-04-27 16:58:09 | INFO     | llm_engine:generate_llm_only:158 - LLM: Pure generation via Qwen (OpenRouter)
2026-04-27 16:58:28 | INFO     | __main__:text_to_speech:489 - TTS: Processing 6612 chars, style=professor, mode=Expert
2026-04-27 16:58:28 | INFO     | model_manager:generate:725 - ModelManager: Trying Groq (Tier 1) [key …Q27Y0X]
2026-04-27 16:58:29 | INFO     | model_manager:generate:752 - ModelManager: ✅ Groq succeeded (4084 chars)
2026-04-27 16:58:29 | INFO     | tts_text_processor:optimize_for_speech:277 - TTS: Text optimized via Groq (6616 → 4084 chars)
2026-04-27 16:58:29 | INFO     | tts_engine:generate_stream:443 - TTS: Streaming 30 chunks...
2026-04-27 16:58:39 | INFO     | tts_engine:_kyutai_generate:220 - TTS: Kyutai generated 222764 bytes (professor)
2026-04-27 16:58:43 | INFO     | tts_engine:_kyutai_generate:220 - TTS: Kyutai generated 322604 bytes (professor)
2026-04-27 16:58:47 | INFO     | tts_engine:_kyutai_generate:220 - TTS: Kyutai generated 410924 bytes (professor)
2026-04-27 16:58:50 | INFO     | tts_engine:_kyutai_generate:220 - TTS: Kyutai generated 457004 bytes (professor)
2026-04-27 16:58:54 | INFO     | tts_engine:_kyutai_generate:220 - TTS: Kyutai generated 349484 bytes (professor)
2026-04-27 16:58:56 | INFO     | __main__:text_to_speech:489 - TTS: Processing 6612 chars, style=professor, mode=Expert
2026-04-27 16:58:56 | INFO     | model_manager:generate:725 - ModelManager: Trying Groq (Tier 1) [key …46sRvF]
2026-04-27 16:58:57 | INFO     | model_manager:generate:752 - ModelManager: ✅ Groq succeeded (4176 chars)
2026-04-27 16:58:57 | INFO     | tts_text_processor:optimize_for_speech:277 - TTS: Text optimized via Groq (6616 → 4176 chars)
2026-04-27 16:58:57 | INFO     | tts_engine:generate_stream:443 - TTS: Streaming 29 chunks...
2026-04-27 16:59:02 | INFO     | tts_engine:_kyutai_generate:220 - TTS: Kyutai generated 441644 bytes (professor)
2026-04-27 16:59:03 | INFO     | tts_engine:_kyutai_generate:220 - TTS: Kyutai generated 380204 bytes (professor)
2026-04-27 16:59:06 | INFO     | tts_engine:_kyutai_generate:220 - TTS: Kyutai generated 272684 bytes (professor)
2026-04-27 16:59:07 | INFO     | tts_engine:generate_stream:459 - TTS: Streaming interrupted for 'professor'. Cancelling 29 tasks.
2026-04-27 16:59:09 | INFO     | tts_engine:_kyutai_generate:220 - TTS: Kyutai generated 476204 bytes (professor)
2026-04-27 16:59:17 | INFO     | tts_engine:_kyutai_generate:220 - TTS: Kyutai generated 318764 bytes (professor)
2026-04-27 16:59:19 | INFO     | tts_engine:_kyutai_generate:220 - TTS: Kyutai generated 384044 bytes (professor)
2026-04-27 16:59:23 | INFO     | tts_engine:_kyutai_generate:220 - TTS: Kyutai generated 391724 bytes (professor)
2026-04-27 16:59:24 | INFO     | tts_engine:_kyutai_generate:220 - TTS: Kyutai generated 349484 bytes (professor)
2026-04-27 16:59:30 | INFO     | tts_engine:_kyutai_generate:220 - TTS: Kyutai generated 261164 bytes (professor)
2026-04-27 16:59:34 | INFO     | tts_engine:_kyutai_generate:220 - TTS: Kyutai generated 399404 bytes (professor)
2026-04-27 16:59:39 | INFO     | tts_engine:_kyutai_generate:220 - TTS: Kyutai generated 364844 bytes (professor)
2026-04-27 16:59:40 | INFO     | tts_engine:_kyutai_generate:220 - TTS: Kyutai generated 357164 bytes (professor)
2026-04-27 16:59:48 | INFO     | tts_engine:_kyutai_generate:220 - TTS: Kyutai generated 330284 bytes (professor)
2026-04-27 16:59:50 | INFO     | tts_engine:_kyutai_generate:220 - TTS: Kyutai generated 245804 bytes (professor)
2026-04-27 16:59:52 | INFO     | tts_engine:_kyutai_generate:220 - TTS: Kyutai generated 522284 bytes (professor)
2026-04-27 16:59:53 | INFO     | tts_engine:_kyutai_generate:220 - TTS: Kyutai generated 349484 bytes (professor)
2026-04-27 17:00:06 | INFO     | tts_engine:_kyutai_generate:220 - TTS: Kyutai generated 368684 bytes (professor)
2026-04-27 17:00:09 | INFO     | tts_engine:_kyutai_generate:220 - TTS: Kyutai generated 364844 bytes (professor)
2026-04-27 17:00:11 | INFO     | tts_engine:_kyutai_generate:220 - TTS: Kyutai generated 541484 bytes (professor)
2026-04-27 17:00:13 | INFO     | tts_engine:_kyutai_generate:220 - TTS: Kyutai generated 503084 bytes (professor)
2026-04-27 17:00:23 | INFO     | tts_engine:_kyutai_generate:220 - TTS: Kyutai generated 314924 bytes (professor)
2026-04-27 17:00:23 | INFO     | tts_engine:_kyutai_generate:220 - TTS: Kyutai generated 280364 bytes (professor)
2026-04-27 17:00:25 | INFO     | tts_engine:_kyutai_generate:220 - TTS: Kyutai generated 460844 bytes (professor)
2026-04-27 17:00:27 | INFO     | tts_engine:_kyutai_generate:220 - TTS: Kyutai generated 361004 bytes (professor)
2026-04-27 17:00:30 | INFO     | tts_engine:_kyutai_generate:220 - TTS: Kyutai generated 587564 bytes (professor)
2026-04-27 17:02:20 | INFO     | __main__:text_to_speech:489 - TTS: Processing 6612 chars, style=professor, mode=Expert
2026-04-27 17:02:20 | INFO     | model_manager:generate:725 - ModelManager: Trying Groq (Tier 1) [key …gziTsp]
2026-04-27 17:02:21 | INFO     | model_manager:generate:752 - ModelManager: ✅ Groq succeeded (4936 chars)
2026-04-27 17:02:21 | INFO     | tts_text_processor:optimize_for_speech:277 - TTS: Text optimized via Groq (6616 → 4936 chars)
2026-04-27 17:02:21 | INFO     | tts_engine:generate_stream:443 - TTS: Streaming 36 chunks...
2026-04-27 17:02:31 | INFO     | tts_engine:generate_stream:459 - TTS: Streaming interrupted for 'professor'. Cancelling 36 tasks.
2026-04-27 17:02:36 | INFO     | tts_engine:_kyutai_generate:220 - TTS: Kyutai generated 318764 bytes (professor)
2026-04-27 17:02:36 | INFO     | tts_engine:_kyutai_generate:220 - TTS: Kyutai generated 345644 bytes (professor)
2026-04-27 17:02:37 | INFO     | tts_engine:_kyutai_generate:220 - TTS: Kyutai generated 395564 bytes (professor)
2026-04-27 17:02:37 | INFO     | tts_engine:_kyutai_generate:220 - TTS: Kyutai generated 437804 bytes (professor)
2026-04-27 17:08:24 | INFO     | model_manager:_setup_providers:445 - ModelManager: Configured providers: Groq (10 keys), Gemini Flash (5 keys), Gemini Pro (5 keys), Qwen (OpenRouter) (15 keys), OpenRouter Hub (15 keys), Mistral (1 keys), Together AI (1 keys), NVIDIA NIM (1 keys), Cohere (1 keys), Cerebras (1 keys), Hugging Face (1 keys)
2026-04-27 17:08:25 | INFO     | __main__:startup_event:104 - SciAI PRODUCTION ENGINE STARTING...
2026-04-27 17:08:25 | INFO     | cache_service:connect:26 - Redis cache connected successfully
2026-04-27 17:08:25 | INFO     | __main__:startup_event:107 - ModelManager: 11 providers configured
2026-04-27 17:08:25 | INFO     | tts_engine:initialize:333 - TTS Engine: Initializing...
2026-04-27 17:08:26 | INFO     | tts_engine:_init_kyutai:176 - TTS: Loading Kyutai Pocket-TTS model...
2026-04-27 17:08:28 | INFO     | tts_engine:_init_kyutai:178 - TTS: Kyutai model loaded (sample_rate=24000)
2026-04-27 17:08:28 | INFO     | tts_engine:_init_kyutai:185 - TTS: Loaded Kyutai catalog voice 'professor' (alba)
2026-04-27 17:08:28 | INFO     | tts_engine:_init_kyutai:185 - TTS: Loaded Kyutai catalog voice 'energetic' (cosette)
2026-04-27 17:08:28 | INFO     | tts_engine:_init_kyutai:185 - TTS: Loaded Kyutai catalog voice 'storyteller' (fantine)
2026-04-27 17:08:28 | INFO     | tts_engine:_init_kyutai:185 - TTS: Loaded Kyutai catalog voice 'formal_male' (marius)
2026-04-27 17:08:28 | INFO     | tts_engine:_init_kyutai:185 - TTS: Loaded Kyutai catalog voice 'casual_female' (eponine)
2026-04-27 17:08:28 | INFO     | tts_engine:_init_kyutai:185 - TTS: Loaded Kyutai catalog voice 'deep_male' (javert)
2026-04-27 17:08:28 | INFO     | tts_engine:_init_kyutai:185 - TTS: Loaded Kyutai catalog voice 'warm_female' (azelma)
2026-04-27 17:08:28 | INFO     | tts_engine:initialize:337 - TTS Engine: Kyutai Pocket-TTS ready (Tier 1)
2026-04-27 17:08:28 | INFO     | __main__:startup_event:111 - TTS Engine: Initialized
2026-04-27 17:09:33 | INFO     | __main__:ask_question:217 - Question: summary | Hybrid: True | Book: 0b3eb816-27ec-4d42-a5d7-5dbff64c2bf2
2026-04-27 17:09:33 | INFO     | faiss_store:ensure_loaded:52 - FAISS: Loading index from disk (mtime changed)...
2026-04-27 17:09:33 | INFO     | faiss_store:load:87 - FAISS: Loaded 995 vectors of type IndexIDMap2.
2026-04-27 17:09:33 | INFO     | faiss_store:get_model:15 - Loading embedding model...
2026-04-27 17:09:37 | INFO     | faiss_store:search:199 - FAISS Search: query='summary...', search_k=500, ntotal=995
2026-04-27 17:09:37 | INFO     | faiss_store:search:227 - FAISS Search: Matches for book_id=0b3eb816-27ec-4d42-a5d7-5dbff64c2bf2: 0
2026-04-27 17:09:41 | INFO     | __main__:ask_question:217 - Question: summary | Hybrid: True | Book: 0b3eb816-27ec-4d42-a5d7-5dbff64c2bf2
2026-04-27 17:09:42 | INFO     | __main__:ask_question:217 - Question: summary | Hybrid: True | Book: 0b3eb816-27ec-4d42-a5d7-5dbff64c2bf2
2026-04-27 17:09:55 | INFO     | __main__:ask_question:217 - Question: important points | Hybrid: True | Book: 0b3eb816-27ec-4d42-a5d7-5dbff64c2bf2
2026-04-27 17:09:56 | INFO     | faiss_store:search:199 - FAISS Search: query='important points...', search_k=500, ntotal=995
2026-04-27 17:09:56 | INFO     | faiss_store:search:227 - FAISS Search: Matches for book_id=0b3eb816-27ec-4d42-a5d7-5dbff64c2bf2: 2
2026-04-27 17:09:56 | INFO     | model_manager:generate:725 - ModelManager: Trying Qwen (OpenRouter) (Tier 3) [key …8fb9ad]
2026-04-27 17:10:20 | INFO     | model_manager:generate:752 - ModelManager: ✅ Qwen (OpenRouter) succeeded (3494 chars)
2026-04-27 17:10:20 | INFO     | llm_engine:generate_book_answer:272 - LLM: Book generation via Qwen (OpenRouter)
2026-04-27 17:10:31 | INFO     | __main__:text_to_speech:489 - TTS: Processing 3494 chars, style=professor, mode=Library
2026-04-27 17:10:31 | INFO     | model_manager:generate:725 - ModelManager: Trying Groq (Tier 1) [key …DURcU2]
2026-04-27 17:10:32 | INFO     | model_manager:generate:752 - ModelManager: ✅ Groq succeeded (3185 chars)
2026-04-27 17:10:32 | INFO     | tts_text_processor:optimize_for_speech:277 - TTS: Text optimized via Groq (3494 → 3185 chars)
2026-04-27 17:10:32 | INFO     | tts_engine:generate_stream:443 - TTS: Streaming 20 chunks...
2026-04-27 17:10:47 | INFO     | tts_engine:_kyutai_generate:220 - TTS: Kyutai generated 261164 bytes (professor)
2026-04-27 17:10:56 | INFO     | tts_engine:_kyutai_generate:220 - TTS: Kyutai generated 441644 bytes (professor)
2026-04-27 17:10:59 | INFO     | tts_engine:_kyutai_generate:220 - TTS: Kyutai generated 506924 bytes (professor)
2026-04-27 17:11:00 | INFO     | tts_engine:_kyutai_generate:220 - TTS: Kyutai generated 522284 bytes (professor)
2026-04-27 17:11:05 | INFO     | tts_engine:_kyutai_generate:220 - TTS: Kyutai generated 364844 bytes (professor)
2026-04-27 17:11:10 | INFO     | tts_engine:_kyutai_generate:220 - TTS: Kyutai generated 234284 bytes (professor)
2026-04-27 17:11:16 | INFO     | __main__:text_to_speech:489 - TTS: Processing 3494 chars, style=professor, mode=Library
2026-04-27 17:11:16 | INFO     | model_manager:generate:725 - ModelManager: Trying Groq (Tier 1) [key …l8NUH9]
2026-04-27 17:11:16 | INFO     | __main__:text_to_speech:489 - TTS: Processing 3494 chars, style=professor, mode=Library
2026-04-27 17:11:16 | INFO     | model_manager:generate:725 - ModelManager: Trying Groq (Tier 1) [key …1ls9p2]
2026-04-27 17:11:16 | INFO     | model_manager:generate:752 - ModelManager: ✅ Groq succeeded (2189 chars)
2026-04-27 17:11:16 | INFO     | tts_text_processor:optimize_for_speech:277 - TTS: Text optimized via Groq (3494 → 2189 chars)
2026-04-27 17:11:16 | INFO     | tts_engine:generate_stream:443 - TTS: Streaming 13 chunks...
2026-04-27 17:11:17 | INFO     | model_manager:generate:752 - ModelManager: ✅ Groq succeeded (3275 chars)
2026-04-27 17:11:17 | INFO     | tts_text_processor:optimize_for_speech:277 - TTS: Text optimized via Groq (3494 → 3275 chars)
2026-04-27 17:11:17 | INFO     | tts_engine:generate_stream:443 - TTS: Streaming 22 chunks...
2026-04-27 17:11:18 | INFO     | tts_engine:_kyutai_generate:220 - TTS: Kyutai generated 480044 bytes (professor)
2026-04-27 17:11:24 | INFO     | tts_engine:_kyutai_generate:220 - TTS: Kyutai generated 422444 bytes (professor)
2026-04-27 17:11:26 | INFO     | tts_engine:generate_stream:459 - TTS: Streaming interrupted for 'professor'. Cancelling 13 tasks.
2026-04-27 17:11:27 | INFO     | tts_engine:generate_stream:459 - TTS: Streaming interrupted for 'professor'. Cancelling 22 tasks.
2026-04-27 17:11:31 | INFO     | tts_engine:_kyutai_generate:220 - TTS: Kyutai generated 422444 bytes (professor)
2026-04-27 17:11:31 | INFO     | tts_engine:_kyutai_generate:220 - TTS: Kyutai generated 679724 bytes (professor)
2026-04-27 17:11:35 | INFO     | tts_engine:generate_stream:459 - TTS: Streaming interrupted for 'professor'. Cancelling 20 tasks.
2026-04-27 17:11:39 | INFO     | tts_engine:_kyutai_generate:220 - TTS: Kyutai generated 299564 bytes (professor)
2026-04-27 17:11:42 | INFO     | tts_engine:_kyutai_generate:220 - TTS: Kyutai generated 445484 bytes (professor)
2026-04-27 17:11:49 | INFO     | tts_engine:_kyutai_generate:220 - TTS: Kyutai generated 391724 bytes (professor)
2026-04-27 17:11:51 | INFO     | tts_engine:_kyutai_generate:220 - TTS: Kyutai generated 514604 bytes (professor)
2026-04-27 17:11:52 | INFO     | tts_engine:_kyutai_generate:220 - TTS: Kyutai generated 433964 bytes (professor)
2026-04-27 17:12:00 | INFO     | __main__:text_to_speech:489 - TTS: Processing 3494 chars, style=professor, mode=Library
2026-04-27 17:12:00 | INFO     | model_manager:generate:725 - ModelManager: Trying Groq (Tier 1) [key …9pzhKT]
2026-04-27 17:12:01 | INFO     | model_manager:generate:752 - ModelManager: ✅ Groq succeeded (2295 chars)
2026-04-27 17:12:01 | INFO     | tts_text_processor:optimize_for_speech:277 - TTS: Text optimized via Groq (3494 → 2295 chars)
2026-04-27 17:12:01 | INFO     | tts_engine:generate_stream:443 - TTS: Streaming 16 chunks...
2026-04-27 17:12:12 | INFO     | tts_engine:generate_stream:459 - TTS: Streaming interrupted for 'professor'. Cancelling 16 tasks.
2026-04-27 17:12:14 | INFO     | __main__:text_to_speech:489 - TTS: Processing 3494 chars, style=professor, mode=Library
2026-04-27 17:12:14 | INFO     | model_manager:generate:725 - ModelManager: Trying Groq (Tier 1) [key …Q27Y0X]
2026-04-27 17:12:15 | INFO     | model_manager:generate:752 - ModelManager: ✅ Groq succeeded (2457 chars)
2026-04-27 17:12:15 | INFO     | tts_text_processor:optimize_for_speech:277 - TTS: Text optimized via Groq (3494 → 2457 chars)
2026-04-27 17:12:15 | INFO     | tts_engine:generate_stream:443 - TTS: Streaming 15 chunks...
2026-04-27 17:12:19 | INFO     | tts_engine:_kyutai_generate:220 - TTS: Kyutai generated 265004 bytes (professor)
2026-04-27 17:12:23 | INFO     | tts_engine:generate_stream:459 - TTS: Streaming interrupted for 'professor'. Cancelling 15 tasks.
2026-04-27 17:12:25 | INFO     | tts_engine:_kyutai_generate:220 - TTS: Kyutai generated 311084 bytes (professor)
2026-04-27 17:12:36 | INFO     | __main__:ask_question:217 - Question: key points of this pdf | Hybrid: True | Book: 0b3eb816-27ec-4d42-a5d7-5dbff64c2bf2
2026-04-27 17:12:36 | INFO     | faiss_store:search:199 - FAISS Search: query='key points of this pdf...', search_k=500, ntotal=995
2026-04-27 17:12:36 | INFO     | faiss_store:search:227 - FAISS Search: Matches for book_id=0b3eb816-27ec-4d42-a5d7-5dbff64c2bf2: 21
2026-04-27 17:12:36 | INFO     | model_manager:generate:725 - ModelManager: Trying Qwen (OpenRouter) (Tier 3) [key …cb12eb]
2026-04-27 17:12:48 | INFO     | tts_engine:_kyutai_generate:220 - TTS: Kyutai generated 495404 bytes (professor)
2026-04-27 17:12:54 | INFO     | tts_engine:_kyutai_generate:220 - TTS: Kyutai generated 545324 bytes (professor)
2026-04-27 17:13:01 | INFO     | tts_engine:_kyutai_generate:220 - TTS: Kyutai generated 410924 bytes (professor)
2026-04-27 17:13:01 | INFO     | tts_engine:_kyutai_generate:220 - TTS: Kyutai generated 384044 bytes (professor)
2026-04-27 17:13:01 | INFO     | tts_engine:_kyutai_generate:220 - TTS: Kyutai generated 395564 bytes (professor)
2026-04-27 17:13:03 | INFO     | tts_engine:_kyutai_generate:220 - TTS: Kyutai generated 437804 bytes (professor)
2026-04-27 17:13:03 | INFO     | tts_engine:_kyutai_generate:220 - TTS: Kyutai generated 376364 bytes (professor)
2026-04-27 17:13:04 | INFO     | tts_engine:_kyutai_generate:220 - TTS: Kyutai generated 568364 bytes (professor)
2026-04-27 17:13:15 | INFO     | model_manager:generate:752 - ModelManager: ✅ Qwen (OpenRouter) succeeded (3168 chars)
2026-04-27 17:13:15 | INFO     | llm_engine:generate_book_answer:272 - LLM: Book generation via Qwen (OpenRouter)
2026-04-27 17:13:25 | INFO     | __main__:text_to_speech:489 - TTS: Processing 3168 chars, style=professor, mode=Library
2026-04-27 17:13:25 | INFO     | model_manager:generate:725 - ModelManager: Trying Groq (Tier 1) [key …46sRvF]
2026-04-27 17:13:26 | INFO     | model_manager:generate:752 - ModelManager: ✅ Groq succeeded (2879 chars)
2026-04-27 17:13:26 | INFO     | tts_text_processor:optimize_for_speech:277 - TTS: Text optimized via Groq (3168 → 2879 chars)
2026-04-27 17:13:26 | INFO     | tts_engine:generate_stream:443 - TTS: Streaming 20 chunks...
2026-04-27 17:13:43 | INFO     | tts_engine:_kyutai_generate:220 - TTS: Kyutai generated 303404 bytes (professor)
2026-04-27 17:13:47 | INFO     | tts_engine:_kyutai_generate:220 - TTS: Kyutai generated 368684 bytes (professor)
2026-04-27 17:13:50 | INFO     | tts_engine:_kyutai_generate:220 - TTS: Kyutai generated 464684 bytes (professor)
2026-04-27 17:13:56 | INFO     | tts_engine:_kyutai_generate:220 - TTS: Kyutai generated 288044 bytes (professor)
2026-04-27 17:13:58 | INFO     | tts_engine:_kyutai_generate:220 - TTS: Kyutai generated 622124 bytes (professor)
2026-04-27 17:14:06 | INFO     | tts_engine:_kyutai_generate:220 - TTS: Kyutai generated 418604 bytes (professor)
2026-04-27 17:14:07 | INFO     | tts_engine:_kyutai_generate:220 - TTS: Kyutai generated 337964 bytes (professor)
2026-04-27 17:14:21 | INFO     | tts_engine:_kyutai_generate:220 - TTS: Kyutai generated 472364 bytes (professor)
2026-04-27 17:14:26 | INFO     | tts_engine:_kyutai_generate:220 - TTS: Kyutai generated 591404 bytes (professor)
2026-04-27 17:14:31 | INFO     | tts_engine:_kyutai_generate:220 - TTS: Kyutai generated 464684 bytes (professor)
2026-04-27 17:14:31 | INFO     | tts_engine:_kyutai_generate:220 - TTS: Kyutai generated 480044 bytes (professor)
2026-04-27 17:14:46 | INFO     | tts_engine:_kyutai_generate:220 - TTS: Kyutai generated 280364 bytes (professor)
2026-04-27 17:14:47 | INFO     | tts_engine:_kyutai_generate:220 - TTS: Kyutai generated 407084 bytes (professor)
2026-04-27 17:14:49 | INFO     | tts_engine:_kyutai_generate:220 - TTS: Kyutai generated 526124 bytes (professor)
2026-04-27 17:14:50 | INFO     | tts_engine:_kyutai_generate:220 - TTS: Kyutai generated 387884 bytes (professor)
2026-04-27 17:15:02 | INFO     | tts_engine:_kyutai_generate:220 - TTS: Kyutai generated 257324 bytes (professor)
2026-04-27 17:15:13 | INFO     | tts_engine:_kyutai_generate:220 - TTS: Kyutai generated 433964 bytes (professor)
2026-04-27 17:15:14 | INFO     | tts_engine:_kyutai_generate:220 - TTS: Kyutai generated 441644 bytes (professor)
2026-04-27 17:15:15 | INFO     | tts_engine:_kyutai_generate:220 - TTS: Kyutai generated 576044 bytes (professor)
2026-04-27 17:15:18 | INFO     | tts_engine:_kyutai_generate:220 - TTS: Kyutai generated 468524 bytes (professor)
2026-04-27 17:16:24 | INFO     | __main__:text_to_speech:489 - TTS: Processing 3168 chars, style=professor, mode=Library
2026-04-27 17:16:24 | INFO     | model_manager:generate:725 - ModelManager: Trying Groq (Tier 1) [key …gziTsp]
2026-04-27 17:16:25 | INFO     | model_manager:generate:752 - ModelManager: ✅ Groq succeeded (2940 chars)
2026-04-27 17:16:25 | INFO     | tts_text_processor:optimize_for_speech:277 - TTS: Text optimized via Groq (3168 → 2940 chars)
2026-04-27 17:16:25 | INFO     | tts_engine:generate_stream:443 - TTS: Streaming 22 chunks...
2026-04-27 17:16:25 | INFO     | __main__:text_to_speech:489 - TTS: Processing 3168 chars, style=professor, mode=Library
2026-04-27 17:16:25 | INFO     | model_manager:generate:725 - ModelManager: Trying Groq (Tier 1) [key …zJwWLp]
2026-04-27 17:16:25 | INFO     | __main__:text_to_speech:489 - TTS: Processing 3168 chars, style=professor, mode=Library
2026-04-27 17:16:25 | INFO     | model_manager:generate:725 - ModelManager: Trying Groq (Tier 1) [key …YsNFU0]
2026-04-27 17:16:25 | INFO     | model_manager:generate:752 - ModelManager: ✅ Groq succeeded (2524 chars)
2026-04-27 17:16:25 | INFO     | tts_text_processor:optimize_for_speech:277 - TTS: Text optimized via Groq (3168 → 2524 chars)
2026-04-27 17:16:25 | INFO     | tts_engine:generate_stream:443 - TTS: Streaming 20 chunks...
2026-04-27 17:16:26 | INFO     | model_manager:generate:752 - ModelManager: ✅ Groq succeeded (1919 chars)
2026-04-27 17:16:26 | INFO     | tts_text_processor:optimize_for_speech:277 - TTS: Text optimized via Groq (3168 → 1919 chars)
2026-04-27 17:16:26 | INFO     | tts_engine:generate_stream:443 - TTS: Streaming 15 chunks...
2026-04-27 17:16:35 | INFO     | tts_engine:generate_stream:459 - TTS: Streaming interrupted for 'professor'. Cancelling 22 tasks.
2026-04-27 17:16:35 | INFO     | tts_engine:generate_stream:459 - TTS: Streaming interrupted for 'professor'. Cancelling 20 tasks.
2026-04-27 17:16:36 | INFO     | tts_engine:generate_stream:459 - TTS: Streaming interrupted for 'professor'. Cancelling 15 tasks.
2026-04-27 17:16:49 | INFO     | tts_engine:_kyutai_generate:220 - TTS: Kyutai generated 238124 bytes (professor)
2026-04-27 17:16:56 | INFO     | __main__:text_to_speech:489 - TTS: Processing 3168 chars, style=professor, mode=Library
2026-04-27 17:16:56 | INFO     | model_manager:generate:725 - ModelManager: Trying Groq (Tier 1) [key …l1coCr]
2026-04-27 17:16:56 | INFO     | __main__:text_to_speech:489 - TTS: Processing 3168 chars, style=professor, mode=Library
2026-04-27 17:16:56 | INFO     | model_manager:generate:725 - ModelManager: Trying Groq (Tier 1) [key …DURcU2]
2026-04-27 17:16:56 | INFO     | __main__:text_to_speech:489 - TTS: Processing 3168 chars, style=professor, mode=Library
2026-04-27 17:16:56 | INFO     | model_manager:generate:725 - ModelManager: Trying Groq (Tier 1) [key …l8NUH9]
2026-04-27 17:16:57 | INFO     | model_manager:generate:752 - ModelManager: ✅ Groq succeeded (2426 chars)
2026-04-27 17:16:57 | INFO     | tts_text_processor:optimize_for_speech:277 - TTS: Text optimized via Groq (3168 → 2426 chars)
2026-04-27 17:16:57 | INFO     | tts_engine:generate_stream:443 - TTS: Streaming 17 chunks...
2026-04-27 17:16:57 | INFO     | __main__:text_to_speech:489 - TTS: Processing 3168 chars, style=professor, mode=Library
2026-04-27 17:16:57 | INFO     | model_manager:generate:725 - ModelManager: Trying Groq (Tier 1) [key …1ls9p2]
2026-04-27 17:16:57 | INFO     | __main__:text_to_speech:489 - TTS: Processing 3168 chars, style=professor, mode=Library
2026-04-27 17:16:57 | INFO     | model_manager:generate:725 - ModelManager: Trying Groq (Tier 1) [key …9pzhKT]
2026-04-27 17:16:57 | INFO     | model_manager:generate:752 - ModelManager: ✅ Groq succeeded (2655 chars)
2026-04-27 17:16:57 | INFO     | tts_text_processor:optimize_for_speech:277 - TTS: Text optimized via Groq (3168 → 2655 chars)
2026-04-27 17:16:57 | INFO     | tts_engine:generate_stream:443 - TTS: Streaming 20 chunks...
2026-04-27 17:16:57 | INFO     | __main__:text_to_speech:489 - TTS: Processing 3168 chars, style=professor, mode=Library
2026-04-27 17:16:57 | INFO     | model_manager:generate:725 - ModelManager: Trying Groq (Tier 1) [key …Q27Y0X]
2026-04-27 17:16:57 | INFO     | model_manager:generate:752 - ModelManager: ✅ Groq succeeded (2372 chars)
2026-04-27 17:16:57 | INFO     | tts_text_processor:optimize_for_speech:277 - TTS: Text optimized via Groq (3168 → 2372 chars)
2026-04-27 17:16:57 | INFO     | tts_engine:generate_stream:443 - TTS: Streaming 17 chunks...
2026-04-27 17:16:57 | INFO     | __main__:text_to_speech:489 - TTS: Processing 3168 chars, style=professor, mode=Library
2026-04-27 17:16:57 | INFO     | model_manager:generate:725 - ModelManager: Trying Groq (Tier 1) [key …46sRvF]
2026-04-27 17:16:57 | INFO     | __main__:text_to_speech:489 - TTS: Processing 3168 chars, style=professor, mode=Library
2026-04-27 17:16:57 | INFO     | model_manager:generate:725 - ModelManager: Trying Groq (Tier 1) [key …gziTsp]
2026-04-27 17:16:57 | INFO     | model_manager:generate:752 - ModelManager: ✅ Groq succeeded (2223 chars)
2026-04-27 17:16:57 | INFO     | tts_text_processor:optimize_for_speech:277 - TTS: Text optimized via Groq (3168 → 2223 chars)
2026-04-27 17:16:57 | INFO     | tts_engine:generate_stream:443 - TTS: Streaming 17 chunks...
2026-04-27 17:16:57 | INFO     | __main__:text_to_speech:489 - TTS: Processing 3168 chars, style=professor, mode=Library
2026-04-27 17:16:57 | INFO     | model_manager:generate:725 - ModelManager: Trying Groq (Tier 1) [key …zJwWLp]
2026-04-27 17:16:58 | INFO     | __main__:text_to_speech:489 - TTS: Processing 3168 chars, style=professor, mode=Library
2026-04-27 17:16:58 | INFO     | model_manager:generate:725 - ModelManager: Trying Groq (Tier 1) [key …YsNFU0]
2026-04-27 17:16:58 | INFO     | model_manager:generate:752 - ModelManager: ✅ Groq succeeded (2692 chars)
2026-04-27 17:16:58 | INFO     | tts_text_processor:optimize_for_speech:277 - TTS: Text optimized via Groq (3168 → 2692 chars)
2026-04-27 17:16:58 | INFO     | tts_engine:generate_stream:443 - TTS: Streaming 19 chunks...
2026-04-27 17:16:58 | INFO     | __main__:text_to_speech:489 - TTS: Processing 3168 chars, style=professor, mode=Library
2026-04-27 17:16:58 | INFO     | model_manager:generate:725 - ModelManager: Trying Groq (Tier 1) [key …l1coCr]
2026-04-27 17:16:58 | INFO     | model_manager:generate:752 - ModelManager: ✅ Groq succeeded (2472 chars)
2026-04-27 17:16:58 | INFO     | tts_text_processor:optimize_for_speech:277 - TTS: Text optimized via Groq (3168 → 2472 chars)
2026-04-27 17:16:58 | INFO     | tts_engine:generate_stream:443 - TTS: Streaming 17 chunks...
2026-04-27 17:16:58 | WARNING  | model_manager:generate:761 - ModelManager: ⚠️ Groq: Rate limited (429)
2026-04-27 17:16:58 | INFO     | model_manager:generate:725 - ModelManager: Trying Cerebras (Tier 8) [key …ftjevt]
2026-04-27 17:16:58 | INFO     | __main__:text_to_speech:489 - TTS: Processing 3168 chars, style=professor, mode=Library
2026-04-27 17:16:58 | INFO     | model_manager:generate:725 - ModelManager: Trying Groq (Tier 1) [key …1ls9p2]
2026-04-27 17:16:58 | WARNING  | model_manager:generate:761 - ModelManager: ⚠️ Groq: Rate limited (429)
2026-04-27 17:16:58 | INFO     | model_manager:generate:725 - ModelManager: Trying Cerebras (Tier 8) [key …ftjevt]
2026-04-27 17:16:58 | INFO     | model_manager:generate:752 - ModelManager: ✅ Groq succeeded (2649 chars)
2026-04-27 17:16:58 | INFO     | tts_text_processor:optimize_for_speech:277 - TTS: Text optimized via Groq (3168 → 2649 chars)
2026-04-27 17:16:58 | INFO     | tts_engine:generate_stream:443 - TTS: Streaming 19 chunks...
2026-04-27 17:17:07 | INFO     | tts_engine:generate_stream:459 - TTS: Streaming interrupted for 'professor'. Cancelling 17 tasks.
2026-04-27 17:17:07 | INFO     | tts_engine:generate_stream:459 - TTS: Streaming interrupted for 'professor'. Cancelling 20 tasks.
2026-04-27 17:17:07 | INFO     | tts_engine:generate_stream:459 - TTS: Streaming interrupted for 'professor'. Cancelling 17 tasks.
2026-04-27 17:17:07 | INFO     | tts_engine:generate_stream:459 - TTS: Streaming interrupted for 'professor'. Cancelling 17 tasks.
2026-04-27 17:17:08 | INFO     | tts_engine:generate_stream:459 - TTS: Streaming interrupted for 'professor'. Cancelling 17 tasks.
2026-04-27 17:17:08 | INFO     | tts_engine:generate_stream:459 - TTS: Streaming interrupted for 'professor'. Cancelling 19 tasks.
2026-04-27 17:17:08 | INFO     | tts_engine:generate_stream:459 - TTS: Streaming interrupted for 'professor'. Cancelling 19 tasks.
2026-04-27 17:17:31 | INFO     | tts_engine:_kyutai_generate:220 - TTS: Kyutai generated 387884 bytes (professor)
2026-04-27 17:17:31 | ERROR    | model_manager:generate:767 - ModelManager: ❌ Cerebras error: Cerebras: HTTP 404 — {"message":"Model llama-3.3-70b does not exist or you do not have access to it.","type":"not_found_error","param":"model","code":"model_not_found"}
2026-04-27 17:17:31 | INFO     | model_manager:generate:725 - ModelManager: Trying Gemini Flash (Tier 2) [key …rBrkTk]
2026-04-27 17:17:31 | ERROR    | model_manager:generate:767 - ModelManager: ❌ Cerebras error: Cerebras: HTTP 404 — {"message":"Model llama-3.3-70b does not exist or you do not have access to it.","type":"not_found_error","param":"model","code":"model_not_found"}
2026-04-27 17:17:31 | INFO     | model_manager:generate:725 - ModelManager: Trying Gemini Flash (Tier 2) [key …nQKpEg]
2026-04-27 17:17:31 | INFO     | model_manager:generate:752 - ModelManager: ✅ Groq succeeded (2027 chars)
2026-04-27 17:17:31 | INFO     | tts_text_processor:optimize_for_speech:277 - TTS: Text optimized via Groq (3168 → 2027 chars)
2026-04-27 17:17:31 | INFO     | tts_engine:generate_stream:443 - TTS: Streaming 16 chunks...
2026-04-27 17:17:31 | INFO     | tts_engine:generate_stream:459 - TTS: Streaming interrupted for 'professor'. Cancelling 16 tasks.
2026-04-27 17:17:31 | INFO     | model_manager:generate:752 - ModelManager: ✅ Groq succeeded (2361 chars)
2026-04-27 17:17:31 | INFO     | tts_text_processor:optimize_for_speech:277 - TTS: Text optimized via Groq (3168 → 2361 chars)
2026-04-27 17:17:31 | INFO     | model_manager:generate:752 - ModelManager: ✅ Groq succeeded (2371 chars)
2026-04-27 17:17:31 | INFO     | tts_text_processor:optimize_for_speech:277 - TTS: Text optimized via Groq (3168 → 2371 chars)
2026-04-27 17:17:31 | INFO     | tts_engine:generate_stream:443 - TTS: Streaming 17 chunks...
2026-04-27 17:17:31 | INFO     | tts_engine:generate_stream:443 - TTS: Streaming 17 chunks...
2026-04-27 17:17:32 | INFO     | tts_engine:generate_stream:459 - TTS: Streaming interrupted for 'professor'. Cancelling 17 tasks.
2026-04-27 17:17:32 | INFO     | tts_engine:generate_stream:459 - TTS: Streaming interrupted for 'professor'. Cancelling 17 tasks.
2026-04-27 17:17:34 | INFO     | tts_engine:_kyutai_generate:220 - TTS: Kyutai generated 403244 bytes (professor)
2026-04-27 17:17:35 | INFO     | tts_engine:_kyutai_generate:220 - TTS: Kyutai generated 234284 bytes (professor)
2026-04-27 17:17:41 | INFO     | model_manager:generate:752 - ModelManager: ✅ Gemini Flash succeeded (455 chars)
2026-04-27 17:17:41 | INFO     | tts_text_processor:optimize_for_speech:277 - TTS: Text optimized via Gemini Flash (3168 → 455 chars)
2026-04-27 17:17:41 | INFO     | tts_engine:generate_stream:443 - TTS: Streaming 3 chunks...
2026-04-27 17:17:41 | INFO     | tts_engine:generate_stream:459 - TTS: Streaming interrupted for 'professor'. Cancelling 3 tasks.
2026-04-27 17:17:43 | INFO     | model_manager:generate:752 - ModelManager: ✅ Gemini Flash succeeded (460 chars)
2026-04-27 17:17:43 | INFO     | tts_text_processor:optimize_for_speech:277 - TTS: Text optimized via Gemini Flash (3168 → 460 chars)
2026-04-27 17:17:43 | INFO     | tts_engine:generate_stream:443 - TTS: Streaming 3 chunks...
2026-04-27 17:17:43 | INFO     | tts_engine:generate_stream:459 - TTS: Streaming interrupted for 'professor'. Cancelling 3 tasks.
2026-04-27 17:17:44 | INFO     | __main__:shutdown_event:117 - SciAI SHUTTING DOWN...
2026-04-27 17:17:44 | INFO     | faiss_store:save:74 - FAISS: Saved 995 vectors.
2026-04-27 17:17:50 | INFO     | tts_engine:_kyutai_generate:220 - TTS: Kyutai generated 288044 bytes (professor)
2026-04-27 17:17:51 | INFO     | tts_engine:_kyutai_generate:220 - TTS: Kyutai generated 311084 bytes (professor)
2026-04-27 17:17:58 | INFO     | tts_engine:_kyutai_generate:220 - TTS: Kyutai generated 318764 bytes (professor)
2026-04-27 17:17:59 | INFO     | tts_engine:_kyutai_generate:220 - TTS: Kyutai generated 357164 bytes (professor)
2026-04-27 17:17:59 | INFO     | tts_engine:_kyutai_generate:220 - TTS: Kyutai generated 330284 bytes (professor)
2026-04-27 17:17:59 | INFO     | tts_engine:_kyutai_generate:220 - TTS: Kyutai generated 334124 bytes (professor)
2026-04-27 17:18:01 | INFO     | tts_engine:_kyutai_generate:220 - TTS: Kyutai generated 526124 bytes (professor)
2026-04-27 17:18:05 | INFO     | tts_engine:_kyutai_generate:220 - TTS: Kyutai generated 372524 bytes (professor)
2026-04-27 17:18:15 | INFO     | tts_engine:_kyutai_generate:220 - TTS: Kyutai generated 449324 bytes (professor)
2026-04-27 17:18:17 | INFO     | tts_engine:_kyutai_generate:220 - TTS: Kyutai generated 464684 bytes (professor)
2026-04-27 17:18:21 | INFO     | tts_engine:_kyutai_generate:220 - TTS: Kyutai generated 499244 bytes (professor)
2026-04-27 17:18:31 | INFO     | tts_engine:_kyutai_generate:220 - TTS: Kyutai generated 514604 bytes (professor)
2026-04-27 17:18:33 | INFO     | tts_engine:_kyutai_generate:220 - TTS: Kyutai generated 391724 bytes (professor)
2026-04-27 17:18:34 | INFO     | tts_engine:_kyutai_generate:220 - TTS: Kyutai generated 564524 bytes (professor)
2026-04-27 17:18:34 | INFO     | tts_engine:_kyutai_generate:220 - TTS: Kyutai generated 449324 bytes (professor)
2026-06-12 12:29:32 | INFO     | model_manager:_setup_providers:445 - ModelManager: Configured providers: Groq (10 keys), Gemini Flash (5 keys), Gemini Pro (5 keys), Qwen (OpenRouter) (15 keys), OpenRouter Hub (15 keys), Mistral (1 keys), Together AI (1 keys), NVIDIA NIM (1 keys), Cohere (1 keys), Cerebras (1 keys), Hugging Face (1 keys)
2026-06-12 12:29:37 | INFO     | __main__:startup_event:104 - SciAI PRODUCTION ENGINE STARTING...
2026-06-12 12:29:38 | INFO     | cache_service:connect:26 - Redis cache connected successfully
2026-06-12 12:29:38 | INFO     | __main__:startup_event:107 - ModelManager: 11 providers configured
2026-06-12 12:29:38 | INFO     | tts_engine:initialize:333 - TTS Engine: Initializing...
2026-06-12 12:29:40 | INFO     | tts_engine:_init_kyutai:176 - TTS: Loading Kyutai Pocket-TTS model...
2026-06-12 12:29:43 | INFO     | tts_engine:_init_kyutai:178 - TTS: Kyutai model loaded (sample_rate=24000)
2026-06-12 12:29:43 | INFO     | tts_engine:_init_kyutai:185 - TTS: Loaded Kyutai catalog voice 'professor' (alba)
2026-06-12 12:29:43 | INFO     | tts_engine:_init_kyutai:185 - TTS: Loaded Kyutai catalog voice 'energetic' (cosette)
2026-06-12 12:29:43 | INFO     | tts_engine:_init_kyutai:185 - TTS: Loaded Kyutai catalog voice 'storyteller' (fantine)
2026-06-12 12:29:43 | INFO     | tts_engine:_init_kyutai:185 - TTS: Loaded Kyutai catalog voice 'formal_male' (marius)
2026-06-12 12:29:43 | INFO     | tts_engine:_init_kyutai:185 - TTS: Loaded Kyutai catalog voice 'casual_female' (eponine)
2026-06-12 12:29:43 | INFO     | tts_engine:_init_kyutai:185 - TTS: Loaded Kyutai catalog voice 'deep_male' (javert)
2026-06-12 12:29:43 | INFO     | tts_engine:_init_kyutai:185 - TTS: Loaded Kyutai catalog voice 'warm_female' (azelma)
2026-06-12 12:29:43 | INFO     | tts_engine:initialize:337 - TTS Engine: Kyutai Pocket-TTS ready (Tier 1)
2026-06-12 12:29:43 | INFO     | __main__:startup_event:111 - TTS Engine: Initialized
2026-06-12 12:31:49 | INFO     | live_articles:fetch_trending:320 - Fetching trending for topics: ['neuroscience consciousness', 'CRISPR gene editing', 'graphene applications']
2026-06-12 12:31:50 | INFO     | live_articles:fetch_trending:324 - Trending: Starting parallel fetch for topics...
2026-06-12 12:31:50 | INFO     | live_articles:fetch_pubmed:106 - PubMed: Searching for 'neuroscience consciousness' (retmax=10)
2026-06-12 12:31:50 | INFO     | live_articles:fetch_pubmed:106 - PubMed: Searching for 'CRISPR gene editing' (retmax=10)
2026-06-12 12:31:50 | INFO     | live_articles:fetch_pubmed:106 - PubMed: Searching for 'graphene applications' (retmax=10)
2026-06-12 12:31:50 | INFO     | live_articles:fetch_pubmed:124 - PubMed search returned 10 IDs (Total: 6827)
2026-06-12 12:31:50 | INFO     | live_articles:fetch_pubmed:124 - PubMed search returned 10 IDs (Total: 24606)
2026-06-12 12:31:51 | INFO     | live_articles:fetch_pubmed:124 - PubMed search returned 10 IDs (Total: 35532)
2026-06-12 12:31:51 | WARNING  | live_articles:fetch_pubmed:136 - PubMed efetch hit 429 Rate Limit. Retrying after 2s...
2026-06-12 12:31:52 | INFO     | live_articles:fetch_pubmed:180 - PubMed: Successfully parsed 10 articles.
2026-06-12 12:31:52 | INFO     | live_articles:fetch_pubmed:180 - PubMed: Successfully parsed 10 articles.
2026-06-12 12:31:54 | INFO     | live_articles:fetch_pubmed:180 - PubMed: Successfully parsed 10 articles.
2026-06-12 12:31:54 | INFO     | live_articles:fetch_trending:340 - Trending: Total fetched 45 articles.
2026-06-12 12:35:26 | INFO     | model_manager:generate:725 - ModelManager: Trying Groq (Tier 1) [key …DURcU2]
2026-06-12 12:35:29 | INFO     | model_manager:generate:752 - ModelManager: ✅ Groq succeeded (181 chars)
2026-06-12 12:35:29 | INFO     | live_articles:fetch_trending:320 - Fetching trending for topics: ['nanomaterials', 'dark matter detection', 'climate change mitigation']
2026-06-12 12:35:29 | INFO     | live_articles:fetch_trending:324 - Trending: Starting parallel fetch for topics...
2026-06-12 12:35:29 | INFO     | live_articles:fetch_pubmed:106 - PubMed: Searching for 'nanomaterials' (retmax=10)
2026-06-12 12:35:29 | INFO     | live_articles:fetch_pubmed:106 - PubMed: Searching for 'dark matter detection' (retmax=10)
2026-06-12 12:35:29 | INFO     | live_articles:fetch_pubmed:106 - PubMed: Searching for 'climate change mitigation' (retmax=10)
2026-06-12 12:35:29 | INFO     | live_articles:search_articles:244 - Article Search: 'search scientific articles' | Page: 1
2026-06-12 12:35:29 | INFO     | live_articles:search_articles:253 - Adding PubMed task for 'search scientific articles'
2026-06-12 12:35:29 | INFO     | live_articles:search_articles:256 - Adding arXiv task for 'search scientific articles'
2026-06-12 12:35:29 | INFO     | live_articles:search_articles:263 - Adding Wikipedia task for 'search scientific articles'
2026-06-12 12:35:29 | INFO     | live_articles:fetch_pubmed:106 - PubMed: Searching for 'search scientific articles' (retmax=10)
2026-06-12 12:35:30 | INFO     | live_articles:fetch_pubmed:124 - PubMed search returned 10 IDs (Total: 16443)
2026-06-12 12:35:30 | INFO     | live_articles:fetch_pubmed:124 - PubMed search returned 10 IDs (Total: 439396)
2026-06-12 12:35:30 | WARNING  | live_articles:fetch_pubmed:112 - PubMed search hit 429 Rate Limit. Retrying after 1.5s...
2026-06-12 12:35:31 | INFO     | live_articles:fetch_pubmed:124 - PubMed search returned 10 IDs (Total: 280039)
2026-06-12 12:35:32 | INFO     | live_articles:fetch_pubmed:180 - PubMed: Successfully parsed 10 articles.
2026-06-12 12:35:32 | INFO     | live_articles:search_articles:289 - Source 0 returned 10 articles (Total in source: 280039)
2026-06-12 12:35:32 | INFO     | live_articles:search_articles:289 - Source 1 returned 10 articles (Total in source: 229111)
2026-06-12 12:35:32 | INFO     | live_articles:search_articles:293 - Wikipedia returned 0 articles
2026-06-12 12:35:33 | INFO     | live_articles:fetch_pubmed:180 - PubMed: Successfully parsed 10 articles.
2026-06-12 12:35:33 | INFO     | live_articles:fetch_pubmed:124 - PubMed search returned 10 IDs (Total: 1064)
2026-06-12 12:35:33 | INFO     | live_articles:fetch_pubmed:180 - PubMed: Successfully parsed 10 articles.
2026-06-12 12:35:34 | INFO     | live_articles:fetch_pubmed:180 - PubMed: Successfully parsed 10 articles.
2026-06-12 12:35:34 | INFO     | live_articles:fetch_trending:340 - Trending: Total fetched 45 articles.
2026-06-12 12:35:52 | ERROR    | __main__:validation_exception_handler:87 - 422 Validation Error at /api/v1/route: [{'type': 'string_too_short', 'loc': ('body', 'query'), 'msg': 'String should have at least 1 character', 'input': '', 'ctx': {'min_length': 1}}]
2026-06-12 12:35:52 | ERROR    | __main__:validation_exception_handler:88 - Body: b'{"query":""}'
2026-06-12 12:35:53 | INFO     | __main__:ask_question:217 - Question: cell cycle | Hybrid: False | Book: None
2026-06-12 12:35:53 | INFO     | model_manager:generate:701 - ModelManager: Auto-classified as 'speed'
2026-06-12 12:35:53 | INFO     | model_manager:generate:725 - ModelManager: Trying Groq (Tier 1) [key …l8NUH9]
2026-06-12 12:35:56 | INFO     | model_manager:generate:752 - ModelManager: ✅ Groq succeeded (5463 chars)
2026-06-12 12:35:56 | INFO     | llm_engine:generate_llm_only:158 - LLM: Pure generation via Groq
2026-06-12 12:36:16 | INFO     | __main__:text_to_speech:489 - TTS: Processing 5463 chars, style=professor, mode=Expert
2026-06-12 12:36:16 | INFO     | model_manager:generate:725 - ModelManager: Trying Groq (Tier 1) [key …1ls9p2]
2026-06-12 12:36:17 | INFO     | model_manager:generate:752 - ModelManager: ✅ Groq succeeded (2462 chars)
2026-06-12 12:36:17 | INFO     | tts_text_processor:optimize_for_speech:277 - TTS: Text optimized via Groq (5465 → 2462 chars)
2026-06-12 12:36:17 | INFO     | tts_engine:generate_stream:443 - TTS: Streaming 18 chunks...
2026-06-12 12:36:39 | INFO     | tts_engine:_kyutai_generate:220 - TTS: Kyutai generated 341804 bytes (professor)
2026-06-12 12:36:39 | INFO     | tts_engine:_kyutai_generate:220 - TTS: Kyutai generated 364844 bytes (professor)
2026-06-12 12:36:48 | INFO     | tts_engine:_kyutai_generate:220 - TTS: Kyutai generated 568364 bytes (professor)
2026-06-12 12:36:49 | INFO     | tts_engine:_kyutai_generate:220 - TTS: Kyutai generated 672044 bytes (professor)
2026-06-12 12:36:51 | INFO     | tts_engine:_kyutai_generate:220 - TTS: Kyutai generated 322604 bytes (professor)
2026-06-12 12:36:59 | INFO     | tts_engine:_kyutai_generate:220 - TTS: Kyutai generated 241964 bytes (professor)
2026-06-12 12:37:01 | INFO     | tts_engine:_kyutai_generate:220 - TTS: Kyutai generated 556844 bytes (professor)
2026-06-12 12:37:06 | INFO     | tts_engine:_kyutai_generate:220 - TTS: Kyutai generated 361004 bytes (professor)
2026-06-12 12:37:10 | INFO     | tts_engine:_kyutai_generate:220 - TTS: Kyutai generated 549164 bytes (professor)
2026-06-12 12:37:16 | INFO     | tts_engine:_kyutai_generate:220 - TTS: Kyutai generated 430124 bytes (professor)
2026-06-12 12:37:18 | INFO     | tts_engine:_kyutai_generate:220 - TTS: Kyutai generated 426284 bytes (professor)
2026-06-12 12:37:20 | INFO     | tts_engine:_kyutai_generate:220 - TTS: Kyutai generated 372524 bytes (professor)
2026-06-12 12:37:30 | INFO     | tts_engine:_kyutai_generate:220 - TTS: Kyutai generated 487724 bytes (professor)
2026-06-12 12:37:35 | INFO     | tts_engine:_kyutai_generate:220 - TTS: Kyutai generated 441644 bytes (professor)
2026-06-12 12:37:36 | INFO     | tts_engine:_kyutai_generate:220 - TTS: Kyutai generated 345644 bytes (professor)
2026-06-12 12:37:36 | INFO     | tts_engine:_kyutai_generate:220 - TTS: Kyutai generated 418604 bytes (professor)
2026-06-12 12:37:41 | INFO     | tts_engine:_kyutai_generate:220 - TTS: Kyutai generated 272684 bytes (professor)
2026-06-12 12:37:41 | INFO     | tts_engine:_kyutai_generate:220 - TTS: Kyutai generated 368684 bytes (professor)
2026-06-12 12:38:04 | INFO     | __main__:text_to_speech:489 - TTS: Processing 5463 chars, style=professor, mode=Expert
2026-06-12 12:38:04 | INFO     | model_manager:generate:725 - ModelManager: Trying Groq (Tier 1) [key …9pzhKT]
2026-06-12 12:38:05 | INFO     | model_manager:generate:752 - ModelManager: ✅ Groq succeeded (2892 chars)
2026-06-12 12:38:05 | INFO     | tts_text_processor:optimize_for_speech:277 - TTS: Text optimized via Groq (5465 → 2892 chars)
2026-06-12 12:38:05 | INFO     | tts_engine:generate_stream:443 - TTS: Streaming 20 chunks...
2026-06-12 12:38:14 | INFO     | __main__:text_to_speech:489 - TTS: Processing 5463 chars, style=professor, mode=Expert
2026-06-12 12:38:14 | INFO     | model_manager:generate:725 - ModelManager: Trying Groq (Tier 1) [key …Q27Y0X]
2026-06-12 12:38:14 | INFO     | __main__:text_to_speech:489 - TTS: Processing 5463 chars, style=professor, mode=Expert
2026-06-12 12:38:14 | INFO     | model_manager:generate:725 - ModelManager: Trying Groq (Tier 1) [key …46sRvF]
2026-06-12 12:38:15 | INFO     | tts_engine:generate_stream:459 - TTS: Streaming interrupted for 'professor'. Cancelling 20 tasks.
2026-06-12 12:38:16 | INFO     | model_manager:generate:752 - ModelManager: ✅ Groq succeeded (3352 chars)
2026-06-12 12:38:16 | INFO     | tts_text_processor:optimize_for_speech:277 - TTS: Text optimized via Groq (5465 → 3352 chars)
2026-06-12 12:38:16 | INFO     | tts_engine:generate_stream:443 - TTS: Streaming 23 chunks...
2026-06-12 12:38:17 | INFO     | model_manager:generate:752 - ModelManager: ✅ Groq succeeded (5145 chars)
2026-06-12 12:38:17 | INFO     | tts_text_processor:optimize_for_speech:277 - TTS: Text optimized via Groq (5465 → 5145 chars)
2026-06-12 12:38:17 | INFO     | tts_engine:generate_stream:443 - TTS: Streaming 32 chunks...
